mn_start_normal,mn_cap_normal,mn_start_trend,mn_cap_trend,enable_scoring,only_body_cross,close_above_hl_threshold,close_above_low_threshold,close_above_recover_low_threshold,low_above_hl_threshold,hl_extend_bar_cross_threshold,close_above_hl_search_range,close_above_hl_bar_count,trap_recover_window_threshold,signal_window,stop_loss_pt,first_gain_ca_multiplier,Total Pnl%,Fit Score,Trade Count,Scale,Sharpe Ratio
10,40,5,20,TRUE,TRUE,0.25,1.5,1.5,0.5,6,7,3,5,2,1,2,665.89,5.7,61,1.497,0.298
10,40,4,30,TRUE,TRUE,0.25,1.5,1,0.5,6,7,3,5,2,1,2,661.21,5.61,67,1.497,0.3
10,40,5,30,TRUE,TRUE,0.25,1.5,1.5,0.5,6,7,3,5,2,1,2,665.34,5.6,61,1.497,0.297
10,40,5,20,TRUE,TRUE,0.25,1.5,1,0.5,6,7,3,5,2,1,2,668.56,5.58,63,1.497,0.296
10,40,5,20,TRUE,TRUE,0.25,1.5,1.25,0.5,6,7,3,5,2,1,2,663.02,5.53,62,1.497,0.291
10,40,5,30,TRUE,TRUE,0.25,1.5,1,0.5,6,7,3,5,2,1,2,667.16,5.46,63,1.497,0.294
10,40,5,20,TRUE,TRUE,0.25,1.5,1.5,0.5,6,5,3,5,2,1,2,570.63,5.44,54,1.497,0.176
10,40,5,30,TRUE,TRUE,0.25,1.5,1.25,0.5,6,7,3,5,2,1,2,662.22,5.43,62,1.497,0.289
10,40,4,20,TRUE,TRUE,0.25,1.5,1,0.5,6,7,3,5,2,1,2,659.07,5.41,69,1.497,0.297
10,40,5,20,FALSE,TRUE,0.25,1.5,1.5,0.5,6,7,3,5,2,1,2,1203.61,5.37,61,3,0.635
10,40,5,30,FALSE,TRUE,0.25,1.5,1.5,0.5,6,7,3,5,2,1,2,1203.61,5.37,61,3,0.635
15,40,5,20,TRUE,TRUE,0.25,1.5,1.5,0.5,6,7,3,5,2,1,2,659.51,5.36,60,1.297,0.285
10,30,5,20,TRUE,TRUE,0.25,1.5,1.5,0.5,6,7,3,5,2,1,2,658.77,5.35,62,1.497,0.287
10,40,4,30,TRUE,TRUE,0.25,1.5,1.5,0.5,6,7,3,5,2,1,2,644.4,5.33,66,1.497,0.278
10,40,5,30,TRUE,TRUE,0.25,1.5,1.5,0.5,6,5,3,5,2,1,2,569.47,5.33,54,1.497,0.174
10,40,5,20,TRUE,TRUE,0.25,1.5,1,0.5,6,5,3,5,2,1,2,573.3,5.32,56,1.497,0.176
10,40,5,20,TRUE,TRUE,0.25,1.5,1.5,0.5,6,4,3,5,2,1,2,563.8,5.29,53,1.497,0.162
10,30,4,30,TRUE,TRUE,0.25,1.5,1,0.5,6,7,3,5,2,1,2,653.66,5.27,68,1.497,0.289
10,20,5,20,TRUE,TRUE,0.25,1.5,1.5,0.5,6,7,3,5,2,1,2,631.2,5.27,62,1.497,0.257
10,30,5,30,TRUE,TRUE,0.25,1.5,1.5,0.5,6,7,3,5,2,1,2,658.4,5.27,62,1.497,0.287
10,40,5,20,TRUE,TRUE,0.25,1.5,1.25,0.5,6,5,3,5,2,1,2,567.76,5.27,55,1.497,0.169
15,40,5,30,TRUE,TRUE,0.25,1.5,1.5,0.5,6,7,3,5,2,1,2,658.96,5.27,60,1.297,0.284
15,20,6,20,TRUE,TRUE,0.25,1.5,1,0.5,6,7,3,5,2,1,2,532.95,5.27,47,1.297,0.104
10,40,5,20,FALSE,TRUE,0.25,1.5,1,0.5,6,7,3,5,2,1,2,1207.78,5.26,63,3,0.629
10,40,5,30,FALSE,TRUE,0.25,1.5,1,0.5,6,7,3,5,2,1,2,1207.78,5.26,63,3,0.629
15,20,6,20,TRUE,TRUE,0.25,1.5,1.25,0.5,6,7,3,5,2,1,2,529.3,5.26,46,1.297,0.1
10,30,5,20,TRUE,TRUE,0.25,1.5,1,0.5,6,7,3,5,2,1,2,661.44,5.25,64,1.497,0.286
15,40,4,30,TRUE,TRUE,0.25,1.5,1,0.5,6,7,3,5,2,1,2,656.4,5.25,67,1.297,0.29
15,40,5,20,TRUE,TRUE,0.25,1.5,1,0.5,6,7,3,5,2,1,2,661.39,5.25,62,1.297,0.282
15,20,6,20,TRUE,TRUE,0.25,1.5,1.5,0.5,6,7,3,5,2,1,2,527.5,5.25,46,1.297,0.097
10,20,4,30,TRUE,TRUE,0.25,1.5,1,0.5,6,7,3,5,2,1,2,632.12,5.23,68,1.497,0.265
10,40,4,20,TRUE,TRUE,0.25,1.5,1,0.5,6,5,3,5,2,1,2,575.66,5.23,64,1.497,0.195
10,40,5,20,TRUE,TRUE,0.25,1.5,1.5,0.5,6,6,3,5,2,1,2,568.16,5.23,56,1.497,0.173
10,40,5,20,FALSE,TRUE,0.25,1.5,1.5,0.5,6,5,3,5,2,1,2,1038.28,5.22,54,3,0.558
10,40,5,30,FALSE,TRUE,0.25,1.5,1.5,0.5,6,5,3,5,2,1,2,1038.28,5.22,54,3,0.558
10,40,4,30,TRUE,TRUE,0.25,1.5,1,0.5,6,6,3,5,2,1,2,572.01,5.21,63,1.497,0.188
10,40,4,30,FALSE,TRUE,0.25,1.5,1,0.5,6,7,3,5,2,1,2,1222.01,5.21,67,3,0.649
10,20,5,30,TRUE,TRUE,0.25,1.5,1.5,0.5,6,7,3,5,2,1,2,631.59,5.21,62,1.497,0.258
15,40,5,20,TRUE,TRUE,0.25,1.5,1.25,0.5,6,7,3,5,2,1,2,656.64,5.21,61,1.297,0.278
10,30,5,20,TRUE,TRUE,0.25,1.5,1.25,0.5,6,7,3,5,2,1,2,655.9,5.2,63,1.497,0.28
10,40,4,30,TRUE,TRUE,0.25,1.5,1,0.5,6,5,3,5,2,1,2,569.21,5.19,62,1.497,0.184
10,40,5,20,FALSE,TRUE,0.25,1.5,1.25,0.5,6,7,3,5,2,1,2,1195.66,5.18,62,3,0.624
10,40,5,30,TRUE,TRUE,0.25,1.5,1,0.5,6,5,3,5,2,1,2,571.29,5.18,56,1.497,0.172
10,40,5,30,TRUE,TRUE,0.25,1.5,1.5,0.5,6,4,3,5,2,1,2,562.64,5.18,53,1.497,0.16
10,40,5,30,FALSE,TRUE,0.25,1.5,1.25,0.5,6,7,3,5,2,1,2,1195.66,5.18,62,3,0.624
15,20,6,30,TRUE,TRUE,0.25,1.5,1.25,0.5,6,7,3,5,2,1,2,529.52,5.18,46,1.297,0.1
10,40,4,30,TRUE,TRUE,0.25,1.5,1.25,0.5,6,7,3,5,2,1,2,641.12,5.17,67,1.497,0.271
15,20,6,30,TRUE,TRUE,0.25,1.5,1.5,0.5,6,7,3,5,2,1,2,527.72,5.17,46,1.297,0.098
10,20,5,20,TRUE,TRUE,0.25,1.5,1,0.5,6,7,3,5,2,1,2,633.51,5.16,64,1.497,0.256
10,40,5,30,TRUE,TRUE,0.25,1.5,1.25,0.5,6,5,3,5,2,1,2,566.36,5.16,55,1.497,0.166
15,20,6,30,TRUE,TRUE,0.25,1.5,1,0.5,6,7,3,5,2,1,2,532.39,5.16,47,1.297,0.103
10,40,4,20,TRUE,TRUE,0.25,1.5,1.5,0.5,6,7,3,5,2,1,2,642.44,5.15,68,1.497,0.276
10,30,5,30,TRUE,TRUE,0.25,1.5,1,0.5,6,7,3,5,2,1,2,660.22,5.15,64,1.497,0.284
10,40,5,20,FALSE,TRUE,0.25,1.5,1.5,0.5,6,4,3,5,2,1,2,1030.43,5.15,53,3,0.549
10,40,5,30,FALSE,TRUE,0.25,1.5,1.5,0.5,6,4,3,5,2,1,2,1030.43,5.15,53,3,0.549
15,40,5,20,FALSE,TRUE,0.25,1.5,1.5,0.5,6,7,3,5,2,1,2,1191.79,5.15,60,3,0.619
15,40,5,30,FALSE,TRUE,0.25,1.5,1.5,0.5,6,7,3,5,2,1,2,1191.79,5.15,60,3,0.619
15,30,5,20,TRUE,TRUE,0.25,1.5,1.5,0.5,6,7,3,5,2,1,2,653.19,5.14,61,1.297,0.276
15,40,5,30,TRUE,TRUE,0.25,1.5,1,0.5,6,7,3,5,2,1,2,659.98,5.14,62,1.297,0.28
15,30,6,20,TRUE,TRUE,0.25,1.5,1,0.5,6,7,3,5,2,1,2,533.39,5.14,47,1.297,0.103
15,30,6,20,TRUE,TRUE,0.25,1.5,1.25,0.5,6,7,3,5,2,1,2,529.74,5.14,46,1.297,0.1
10,40,4,20,TRUE,TRUE,0.25,1.25,1,0.5,6,5,3,5,2,1,2,580.9,5.13,66,1.497,0.202
10,40,5,30,TRUE,TRUE,0.25,1.5,1.5,0.5,6,6,3,5,2,1,2,567,5.13,56,1.497,0.171
10,30,5,30,TRUE,TRUE,0.25,1.5,1.25,0.5,6,7,3,5,2,1,2,655.29,5.12,63,1.497,0.279
10,40,5,20,TRUE,TRUE,0.25,1.5,1,0.5,6,6,3,5,2,1,2,570.83,5.12,58,1.497,0.173
10,40,5,20,TRUE,TRUE,0.25,1.5,1.25,0.5,6,4,3,5,2,1,2,560.93,5.12,54,1.497,0.156
15,40,5,30,TRUE,TRUE,0.25,1.5,1.25,0.5,6,7,3,5,2,1,2,655.85,5.12,61,1.297,0.277
15,30,6,20,TRUE,TRUE,0.25,1.5,1.5,0.5,6,7,3,5,2,1,2,527.94,5.12,46,1.297,0.097
15,40,6,20,TRUE,TRUE,0.25,1.5,1,0.5,6,7,3,5,2,1,2,532.79,5.12,47,1.297,0.102
10,20,5,20,TRUE,TRUE,0.25,1.5,1.25,0.5,6,7,3,5,2,1,2,627.97,5.11,63,1.497,0.25
15,40,6,20,TRUE,TRUE,0.25,1.5,1.25,0.5,6,7,3,5,2,1,2,529.13,5.11,46,1.297,0.098
10,30,5,20,TRUE,TRUE,0.25,1.5,1.5,0.5,6,5,3,5,2,1,2,566.83,5.1,56,1.497,0.171
15,20,6,20,TRUE,TRUE,0.25,1,1,0.5,6,5,3,5,2,1,2,487.5,5.1,44,1.297,0.029
15,20,6,20,TRUE,TRUE,0.25,1,1.25,0.5,6,5,3,5,2,1,2,487.5,5.1,44,1.297,0.029
15,20,6,20,TRUE,TRUE,0.25,1,1.5,0.5,6,5,3,5,2,1,2,487.5,5.1,44,1.297,0.029
15,40,6,20,TRUE,TRUE,0.25,1.5,1.5,0.5,6,7,3,5,2,1,2,527.33,5.1,46,1.297,0.096
10,30,4,20,TRUE,TRUE,0.25,1.5,1,0.5,6,7,3,5,2,1,2,651.34,5.09,70,1.497,0.285
10,40,4,30,TRUE,TRUE,0.25,1.25,1,0.5,6,6,3,5,2,1,2,575.91,5.09,65,1.497,0.193
10,20,5,20,FALSE,TRUE,0.25,1.5,1.5,0.5,6,7,3,5,2,1,2,1188.9,5.09,62,3,0.624
10,20,5,30,FALSE,TRUE,0.25,1.5,1.5,0.5,6,7,3,5,2,1,2,1188.9,5.09,62,3,0.624
10,30,5,20,FALSE,TRUE,0.25,1.5,1.5,0.5,6,7,3,5,2,1,2,1188.9,5.09,62,3,0.624
10,30,5,30,FALSE,TRUE,0.25,1.5,1.5,0.5,6,7,3,5,2,1,2,1188.9,5.09,62,3,0.624
10,40,5,20,FALSE,TRUE,0.25,1.5,1,0.5,6,5,3,5,2,1,2,1042.45,5.09,56,3,0.552
10,40,5,30,FALSE,TRUE,0.25,1.5,1,0.5,6,5,3,5,2,1,2,1042.45,5.09,56,3,0.552
15,20,6,20,TRUE,TRUE,0.25,1.5,1,0.5,6,5,3,5,2,1,2,472.26,5.09,43,1.297,0.003
10,20,5,30,TRUE,TRUE,0.25,1.5,1,0.5,6,7,3,5,2,1,2,633.05,5.08,64,1.497,0.255
15,40,4,20,TRUE,TRUE,0.25,1.5,1,0.5,6,7,3,5,2,1,2,654.26,5.08,69,1.297,0.287
15,20,5,20,TRUE,TRUE,0.25,1.5,1.5,0.5,6,7,3,5,2,1,2,626.46,5.08,61,1.297,0.247
15,20,6,20,TRUE,TRUE,0.25,1.5,1.25,0.5,6,5,3,5,2,1,2,468.61,5.08,42,1.297,-0.002
10,40,4,30,TRUE,TRUE,0.25,1.25,1,0.5,6,5,3,5,2,1,2,573.11,5.07,64,1.497,0.189
10,40,5,20,TRUE,TRUE,0.25,1.5,1.25,0.5,6,6,3,5,2,1,2,565.29,5.07,57,1.497,0.166
15,30,5,30,TRUE,TRUE,0.25,1.5,1.5,0.5,6,7,3,5,2,1,2,652.82,5.07,61,1.297,0.275
15,20,6,20,TRUE,TRUE,0.25,1.5,1.5,0.5,6,5,3,5,2,1,2,466.81,5.07,42,1.297,-0.006
10,40,4,30,TRUE,TRUE,0.25,1.25,1,0.5,6,7,3,5,2,1,2,601.94,5.06,68,1.497,0.229
10,20,5,30,TRUE,TRUE,0.25,1.5,1.25,0.5,6,7,3,5,2,1,2,628.12,5.06,63,1.497,0.25
15,30,6,30,TRUE,TRUE,0.25,1.5,1.25,0.5,6,7,3,5,2,1,2,529.96,5.06,46,1.297,0.1
15,30,4,30,TRUE,TRUE,0.25,1.5,1,0.5,6,7,3,5,2,1,2,650.26,5.05,68,1.297,0.281
15,30,6,30,TRUE,TRUE,0.25,1.5,1.5,0.5,6,7,3,5,2,1,2,528.16,5.05,46,1.297,0.098
10,40,5,20,TRUE,TRUE,0.25,1.5,1.5,0.5,6,7,3,7,2,1,2,681.95,5.04,66,1.497,0.317
10,40,5,20,TRUE,TRUE,0.25,1.5,1.5,0.5,6,7,3,8,2,1,2,681.95,5.04,66,1.497,0.317
15,30,5,20,TRUE,TRUE,0.25,1.5,1,0.5,6,7,3,5,2,1,2,655.07,5.04,63,1.297,0.273
15,40,5,20,FALSE,TRUE,0.25,1.5,1,0.5,6,7,3,5,2,1,2,1194.33,5.04,62,3,0.612
15,40,5,30,FALSE,TRUE,0.25,1.5,1,0.5,6,7,3,5,2,1,2,1194.33,5.04,62,3,0.612
15,40,6,30,TRUE,TRUE,0.25,1.5,1.25,0.5,6,7,3,5,2,1,2,529.36,5.04,46,1.297,0.099
15,20,4,30,TRUE,TRUE,0.25,1.5,1,0.5,6,7,3,5,2,1,2,629.75,5.03,68,1.297,0.259
15,40,4,30,FALSE,TRUE,0.25,1.5,1,0.5,6,7,3,5,2,1,2,1215.88,5.03,67,3,0.639
15,20,5,30,TRUE,TRUE,0.25,1.5,1.5,0.5,6,7,3,5,2,1,2,626.84,5.03,61,1.297,0.247
15,30,6,20,TRUE,TRUE,0.25,1,1,0.5,6,5,3,5,2,1,2,489.53,5.03,44,1.297,0.033
15,30,6,20,TRUE,TRUE,0.25,1,1.25,0.5,6,5,3,5,2,1,2,489.53,5.03,44,1.297,0.033
15,30,6,20,TRUE,TRUE,0.25,1,1.5,0.5,6,5,3,5,2,1,2,489.53,5.03,44,1.297,0.033
15,30,6,30,TRUE,TRUE,0.25,1.5,1,0.5,6,7,3,5,2,1,2,532.83,5.03,47,1.297,0.102
10,20,4,20,TRUE,TRUE,0.25,1.5,1,0.5,6,7,3,5,2,1,2,629.04,5.02,70,1.497,0.26
10,30,4,30,TRUE,TRUE,0.25,1.5,1.5,0.5,6,7,3,5,2,1,2,636.85,5.02,67,1.497,0.267
10,40,4,20,TRUE,TRUE,0.25,1.5,1,0.5,6,6,3,5,2,1,2,569.87,5.02,65,1.497,0.185
10,30,5,30,TRUE,TRUE,0.25,1.5,1.5,0.5,6,5,3,5,2,1,2,565.86,5.02,56,1.497,0.169
15,40,6,30,TRUE,TRUE,0.25,1.5,1.5,0.5,6,7,3,5,2,1,2,527.56,5.02,46,1.297,0.096
10,40,4,20,TRUE,TRUE,0.25,1.5,1.25,0.5,6,7,3,5,2,1,2,639.41,5.01,69,1.497,0.268
10,40,5,20,TRUE,TRUE,0.25,1.5,1.5,0.5,6,7,3,6,2,1,2,646.37,5.01,63,1.497,0.268
10,40,5,20,FALSE,TRUE,0.25,1.5,1.25,0.5,6,5,3,5,2,1,2,1030.32,5.01,55,3,0.545
10,40,5,30,TRUE,TRUE,0.25,1.5,1.25,0.5,6,4,3,5,2,1,2,559.52,5.01,54,1.497,0.153
10,40,5,30,FALSE,TRUE,0.25,1.5,1.25,0.5,6,5,3,5,2,1,2,1030.32,5.01,55,3,0.545
15,30,5,20,TRUE,TRUE,0.25,1.5,1.25,0.5,6,7,3,5,2,1,2,650.32,5.01,62,1.297,0.269
15,20,6,30,TRUE,TRUE,0.25,1.5,1.25,0.5,6,5,3,5,2,1,2,468.47,5.01,42,1.297,-0.002
15,40,6,30,TRUE,TRUE,0.25,1.5,1,0.5,6,7,3,5,2,1,2,532.23,5.01,47,1.297,0.101
10,40,4,20,FALSE,TRUE,0.25,1.5,1,0.5,6,7,3,5,2,1,2,1216.22,5,69,3,0.644
10,20,5,20,TRUE,TRUE,0.25,1.5,1.5,0.5,6,5,3,5,2,1,2,539.26,5,56,1.497,0.131
10,30,5,20,TRUE,TRUE,0.25,1.5,1,0.5,6,5,3,5,2,1,2,569.51,5,58,1.497,0.171
10,40,5,30,TRUE,TRUE,0.25,1.5,1,0.5,6,6,3,5,2,1,2,568.82,5,58,1.497,0.169
15,40,4,30,TRUE,TRUE,0.25,1.5,1.5,0.5,6,7,3,5,2,1,2,640.39,5,66,1.297,0.27
15,40,6,20,TRUE,TRUE,0.25,1,1,0.5,6,5,3,5,2,1,2,488.93,5,44,1.297,0.032
15,40,6,20,TRUE,TRUE,0.25,1,1.25,0.5,6,5,3,5,2,1,2,488.93,5,44,1.297,0.032
15,40,6,20,TRUE,TRUE,0.25,1,1.5,0.5,6,5,3,5,2,1,2,488.93,5,44,1.297,0.032
10,40,4,20,TRUE,TRUE,0.25,1,1,0.5,6,5,3,5,2,1,2,591.06,4.99,68,1.497,0.214
10,40,4,30,FALSE,TRUE,0.25,1.5,1.5,0.5,6,7,3,5,2,1,2,1192.05,4.99,66,3,0.633
15,20,6,30,TRUE,TRUE,0.25,1.5,1.5,0.5,6,5,3,5,2,1,2,466.67,4.99,42,1.297,-0.006
10,20,4,30,TRUE,TRUE,0.25,1.5,1.5,0.5,6,7,3,5,2,1,2,615.58,4.98,67,1.497,0.243
10,40,4,20,TRUE,TRUE,0.25,1,1.25,0.5,6,5,3,5,2,1,2,590.26,4.98,68,1.497,0.213
10,40,4,20,TRUE,TRUE,0.25,1,1.5,0.5,6,5,3,5,2,1,2,590.26,4.98,68,1.497,0.213
10,20,5,20,FALSE,TRUE,0.25,1.5,1,0.5,6,7,3,5,2,1,2,1193.07,4.98,64,3,0.617
10,20,5,30,FALSE,TRUE,0.25,1.5,1,0.5,6,7,3,5,2,1,2,1193.07,4.98,64,3,0.617
10,30,5,20,FALSE,TRUE,0.25,1.5,1,0.5,6,7,3,5,2,1,2,1193.07,4.98,64,3,0.617
10,30,5,30,FALSE,TRUE,0.25,1.5,1,0.5,6,7,3,5,2,1,2,1193.07,4.98,64,3,0.617
10,40,5,20,TRUE,TRUE,0.25,1.5,1.5,0.5,6,5,3,7,2,1,2,598.36,4.98,59,1.497,0.22
10,40,5,20,TRUE,TRUE,0.25,1.5,1.5,0.5,6,5,3,8,2,1,2,598.36,4.98,59,1.497,0.22
15,40,5,20,FALSE,TRUE,0.25,1.5,1.25,0.5,6,7,3,5,2,1,2,1183.83,4.98,61,3,0.608
15,40,5,30,FALSE,TRUE,0.25,1.5,1.25,0.5,6,7,3,5,2,1,2,1183.83,4.98,61,3,0.608
15,20,6,30,TRUE,TRUE,0.25,1.5,1,0.5,6,5,3,5,2,1,2,471.34,4.98,43,1.297,0.001
10,40,4,30,TRUE,TRUE,0.25,1.5,1,0.5,6,7,3,7,2,1,2,677.47,4.97,72,1.497,0.319
10,40,4,30,TRUE,TRUE,0.25,1.5,1,0.5,6,7,3,8,2,1,2,677.47,4.97,72,1.497,0.319
10,40,5,30,TRUE,TRUE,0.25,1.5,1.25,0.5,6,6,3,5,2,1,2,563.89,4.97,57,1.497,0.163
10,40,5,30,TRUE,TRUE,0.25,1.5,1.5,0.5,6,7,3,7,2,1,2,681.59,4.97,66,1.497,0.316
10,40,5,30,TRUE,TRUE,0.25,1.5,1.5,0.5,6,7,3,8,2,1,2,681.59,4.97,66,1.497,0.316
15,20,5,20,TRUE,TRUE,0.25,1.5,1,0.5,6,7,3,5,2,1,2,627.97,4.97,63,1.297,0.244
15,20,6,20,FALSE,TRUE,0.25,1,1,0.5,6,5,3,5,2,1,2,819.67,4.97,44,3,0.415
15,20,6,20,FALSE,TRUE,0.25,1,1.25,0.5,6,5,3,5,2,1,2,819.67,4.97,44,3,0.415
15,20,6,20,FALSE,TRUE,0.25,1,1.5,0.5,6,5,3,5,2,1,2,819.67,4.97,44,3,0.415
15,20,6,30,FALSE,TRUE,0.25,1,1,0.5,6,5,3,5,2,1,2,819.67,4.97,44,3,0.415
15,20,6,30,FALSE,TRUE,0.25,1,1.25,0.5,6,5,3,5,2,1,2,819.67,4.97,44,3,0.415
15,20,6,30,FALSE,TRUE,0.25,1,1.5,0.5,6,5,3,5,2,1,2,819.67,4.97,44,3,0.415
15,30,6,20,FALSE,TRUE,0.25,1,1,0.5,6,5,3,5,2,1,2,819.67,4.97,44,3,0.415
15,30,6,20,FALSE,TRUE,0.25,1,1.25,0.5,6,5,3,5,2,1,2,819.67,4.97,44,3,0.415
15,30,6,20,FALSE,TRUE,0.25,1,1.5,0.5,6,5,3,5,2,1,2,819.67,4.97,44,3,0.415
15,30,6,30,FALSE,TRUE,0.25,1,1,0.5,6,5,3,5,2,1,2,819.67,4.97,44,3,0.415
15,30,6,30,FALSE,TRUE,0.25,1,1.25,0.5,6,5,3,5,2,1,2,819.67,4.97,44,3,0.415
15,30,6,30,FALSE,TRUE,0.25,1,1.5,0.5,6,5,3,5,2,1,2,819.67,4.97,44,3,0.415
15,40,6,20,FALSE,TRUE,0.25,1,1,0.5,6,5,3,5,2,1,2,819.67,4.97,44,3,0.415
15,40,6,20,FALSE,TRUE,0.25,1,1.25,0.5,6,5,3,5,2,1,2,819.67,4.97,44,3,0.415
15,40,6,20,FALSE,TRUE,0.25,1,1.5,0.5,6,5,3,5,2,1,2,819.67,4.97,44,3,0.415
15,40,6,30,FALSE,TRUE,0.25,1,1,0.5,6,5,3,5,2,1,2,819.67,4.97,44,3,0.415
15,40,6,30,FALSE,TRUE,0.25,1,1.25,0.5,6,5,3,5,2,1,2,819.67,4.97,44,3,0.415
15,40,6,30,FALSE,TRUE,0.25,1,1.5,0.5,6,5,3,5,2,1,2,819.67,4.97,44,3,0.415
10,30,5,20,TRUE,TRUE,0.25,1.5,1.5,0.5,6,4,3,5,2,1,2,560,4.96,55,1.497,0.157
10,40,5,20,FALSE,TRUE,0.25,1.5,1.5,0.5,6,6,3,5,2,1,2,1030.61,4.96,56,3,0.553
10,40,5,30,FALSE,TRUE,0.25,1.5,1.5,0.5,6,6,3,5,2,1,2,1030.61,4.96,56,3,0.553
15,20,6,30,TRUE,TRUE,0.25,1,1,0.5,6,5,3,5,2,1,2,485.38,4.96,44,1.297,0.025
15,20,6,30,TRUE,TRUE,0.25,1,1.25,0.5,6,5,3,5,2,1,2,485.38,4.96,44,1.297,0.025
15,20,6,30,TRUE,TRUE,0.25,1,1.5,0.5,6,5,3,5,2,1,2,485.38,4.96,44,1.297,0.025
10,20,4,30,FALSE,TRUE,0.25,1.5,1,0.5,6,7,3,5,2,1,2,1206.21,4.95,68,3,0.637
10,30,4,30,FALSE,TRUE,0.25,1.5,1,0.5,6,7,3,5,2,1,2,1206.21,4.95,68,3,0.637
10,40,4,20,TRUE,TRUE,0.25,1.5,1.5,0.5,6,5,3,5,2,1,2,559.03,4.95,63,1.497,0.169
10,30,5,20,TRUE,TRUE,0.25,1.5,1.25,0.5,6,5,3,5,2,1,2,563.97,4.95,57,1.497,0.164
10,40,5,20,TRUE,TRUE,0.25,1.5,1,0.5,6,7,3,7,2,1,2,684.62,4.95,68,1.497,0.315
10,40,5,20,TRUE,TRUE,0.25,1.5,1,0.5,6,7,3,8,2,1,2,684.62,4.95,68,1.497,0.315
10,40,5,20,TRUE,TRUE,0.25,1.5,1.5,0.5,6,5,3,6,2,1,2,562.78,4.95,56,1.497,0.162
10,40,5,20,FALSE,TRUE,0.25,1.5,1.25,0.5,6,4,3,5,2,1,2,1022.47,4.95,54,3,0.536
10,40,5,30,FALSE,TRUE,0.25,1.5,1.25,0.5,6,4,3,5,2,1,2,1022.47,4.95,54,3,0.536
15,30,5,30,TRUE,TRUE,0.25,1.5,1,0.5,6,7,3,5,2,1,2,653.84,4.95,63,1.297,0.271
15,20,6,20,TRUE,TRUE,0.25,1.5,1.25,0.5,6,4,3,5,2,1,2,462.71,4.95,41,1.297,-0.016
15,30,6,20,TRUE,TRUE,0.25,1.5,1,0.5,6,5,3,5,2,1,2,472.71,4.95,43,1.297,0.003
15,30,6,20,TRUE,TRUE,0.25,1.5,1.25,0.5,6,5,3,5,2,1,2,469.05,4.95,42,1.297,-0.001
10,40,4,30,TRUE,TRUE,0.25,1.5,1,0.5,6,7,3,6,2,1,2,641.7,4.94,69,1.497,0.27
10,20,5,30,TRUE,TRUE,0.25,1.5,1.5,0.5,6,5,3,5,2,1,2,539.04,4.94,56,1.497,0.131
10,40,5,20,TRUE,TRUE,0.25,1,1,0.5,6,7,3,5,2,1,2,619.32,4.94,65,1.497,0.24
10,40,5,30,TRUE,TRUE,0.25,1.5,1.5,0.5,6,7,3,6,2,1,2,645.82,4.94,63,1.497,0.267
15,20,5,20,TRUE,TRUE,0.25,1.5,1.25,0.5,6,7,3,5,2,1,2,623.23,4.94,62,1.297,0.24
10,40,4,20,TRUE,TRUE,0.25,1.25,1,0.5,6,6,3,5,2,1,2,575.11,4.93,67,1.497,0.192
10,40,4,20,FALSE,TRUE,0.25,1.25,1,0.5,6,5,3,5,2,1,2,1090.36,4.93,66,3,0.597
10,40,4,30,TRUE,TRUE,0.25,1.5,1.5,0.5,6,6,3,5,2,1,2,555.2,4.93,62,1.497,0.162
10,20,5,20,FALSE,TRUE,0.25,1.5,1.5,0.5,6,5,3,5,2,1,2,1029.73,4.93,56,3,0.552
10,20,5,30,FALSE,TRUE,0.25,1.5,1.5,0.5,6,5,3,5,2,1,2,1029.73,4.93,56,3,0.552
10,30,5,20,FALSE,TRUE,0.25,1.5,1.5,0.5,6,5,3,5,2,1,2,1029.73,4.93,56,3,0.552
10,30,5,30,FALSE,TRUE,0.25,1.5,1.5,0.5,6,5,3,5,2,1,2,1029.73,4.93,56,3,0.552
10,40,5,20,TRUE,TRUE,0.25,1,1.25,0.5,6,7,3,5,2,1,2,618.52,4.93,65,1.497,0.238
10,40,5,20,TRUE,TRUE,0.25,1,1.5,0.5,6,7,3,5,2,1,2,618.52,4.93,65,1.497,0.238
15,30,5,30,TRUE,TRUE,0.25,1.5,1.25,0.5,6,7,3,5,2,1,2,649.71,4.93,62,1.297,0.268
15,20,6,20,TRUE,TRUE,0.25,1.5,1.5,0.5,6,4,3,5,2,1,2,460.91,4.93,41,1.297,-0.021
15,30,6,20,TRUE,TRUE,0.25,1.5,1.5,0.5,6,5,3,5,2,1,2,467.25,4.93,42,1.297,-0.005
15,40,6,20,TRUE,TRUE,0.25,1.5,1,0.5,6,5,3,5,2,1,2,472.1,4.93,43,1.297,0.002
10,40,4,30,FALSE,TRUE,0.25,1.25,1,0.5,6,7,3,5,2,1,2,1147.01,4.92,68,3,0.612
10,20,5,20,FALSE,TRUE,0.25,1.5,1.25,0.5,6,7,3,5,2,1,2,1180.94,4.92,63,3,0.612
10,20,5,30,FALSE,TRUE,0.25,1.5,1.25,0.5,6,7,3,5,2,1,2,1180.94,4.92,63,3,0.612
10,30,5,20,FALSE,TRUE,0.25,1.5,1.25,0.5,6,7,3,5,2,1,2,1180.94,4.92,63,3,0.612
10,30,5,30,FALSE,TRUE,0.25,1.5,1.25,0.5,6,7,3,5,2,1,2,1180.94,4.92,63,3,0.612
10,40,5,20,TRUE,TRUE,0.25,1.5,1,0.5,6,7,3,6,2,1,2,649.04,4.92,65,1.497,0.267
15,20,6,20,TRUE,TRUE,0.25,1.25,1,0.5,6,5,3,5,2,1,2,468.52,4.92,44,1.297,-0.006
15,40,6,20,TRUE,TRUE,0.25,1.5,1.25,0.5,6,5,3,5,2,1,2,468.45,4.92,42,1.297,-0.002
10,40,4,20,TRUE,TRUE,0.25,1.25,1,0.5,6,7,3,5,2,1,2,601.14,4.91,70,1.497,0.228
10,40,4,30,TRUE,TRUE,0.25,1.5,1.5,0.5,6,5,3,5,2,1,2,552.4,4.91,61,1.497,0.157
10,40,5,20,TRUE,TRUE,0.25,1.5,1,0.5,6,4,3,5,2,1,2,556.09,4.91,55,1.497,0.146
10,40,5,20,TRUE,TRUE,0.25,1.5,1.25,0.5,6,7,3,7,2,1,2,679.08,4.91,67,1.497,0.31
10,40,5,20,TRUE,TRUE,0.25,1.5,1.25,0.5,6,7,3,8,2,1,2,679.08,4.91,67,1.497,0.31
15,40,6,20,TRUE,TRUE,0.25,1.5,1.5,0.5,6,5,3,5,2,1,2,466.65,4.91,42,1.297,-0.006
10,40,4,20,FALSE,TRUE,0.25,1.5,1,0.5,6,5,3,5,2,1,2,1072.78,4.9,64,3,0.588
10,40,4,30,FALSE,TRUE,0.25,1.25,1,0.5,6,6,3,5,2,1,2,1080.43,4.9,65,3,0.59
10,30,5,20,TRUE,TRUE,0.25,1.5,1.5,0.5,6,6,3,5,2,1,2,561.05,4.9,57,1.497,0.161
10,40,5,30,TRUE,TRUE,0.25,1.5,1.5,0.5,6,5,3,7,2,1,2,598,4.9,59,1.497,0.219
10,40,5,30,TRUE,TRUE,0.25,1.5,1.5,0.5,6,5,3,8,2,1,2,598,4.9,59,1.497,0.219
15,40,4,30,TRUE,TRUE,0.25,1.25,1,0.5,6,7,3,5,2,1,2,602.29,4.9,68,1.297,0.227
15,20,5,30,TRUE,TRUE,0.25,1.5,1,0.5,6,7,3,5,2,1,2,627.51,4.9,63,1.297,0.243
15,30,6,30,TRUE,TRUE,0.25,1,1,0.5,6,5,3,5,2,1,2,487.41,4.9,44,1.297,0.029
15,30,6,30,TRUE,TRUE,0.25,1,1.25,0.5,6,5,3,5,2,1,2,487.41,4.9,44,1.297,0.029
15,30,6,30,TRUE,TRUE,0.25,1,1.5,0.5,6,5,3,5,2,1,2,487.41,4.9,44,1.297,0.029
10,30,4,20,TRUE,TRUE,0.25,1.5,1,0.5,6,5,3,5,2,1,2,567.92,4.89,65,1.497,0.182
10,20,5,20,TRUE,TRUE,0.25,1.5,1,0.5,6,5,3,5,2,1,2,541.58,4.89,58,1.497,0.131
10,20,5,20,TRUE,TRUE,0.25,1.5,1.5,0.5,6,4,3,5,2,1,2,533.36,4.89,55,1.497,0.118
10,30,5,30,TRUE,TRUE,0.25,1.5,1,0.5,6,5,3,5,2,1,2,567.68,4.89,58,1.497,0.167
10,40,5,20,TRUE,TRUE,0.25,1.5,1,0.5,6,5,3,7,2,1,2,601.03,4.89,61,1.497,0.22
10,40,5,20,TRUE,TRUE,0.25,1.5,1,0.5,6,5,3,8,2,1,2,601.03,4.89,61,1.497,0.22
10,30,4,30,TRUE,TRUE,0.25,1.5,1,0.5,6,6,3,5,2,1,2,564.46,4.88,64,1.497,0.176
10,30,4,30,TRUE,TRUE,0.25,1.5,1.25,0.5,6,7,3,5,2,1,2,633.57,4.88,68,1.497,0.259
10,30,5,30,TRUE,TRUE,0.25,1.5,1.5,0.5,6,4,3,5,2,1,2,559.02,4.88,55,1.497,0.155
10,40,5,20,TRUE,TRUE,0.25,1.5,1.25,0.5,6,7,3,6,2,1,2,643.5,4.88,64,1.497,0.261
15,30,4,20,TRUE,TRUE,0.25,1.5,1,0.5,6,7,3,5,2,1,2,647.94,4.88,70,1.297,0.278
15,20,5,20,FALSE,TRUE,0.25,1.5,1.5,0.5,6,7,3,5,2,1,2,1175.98,4.88,61,3,0.607
15,20,5,30,TRUE,TRUE,0.25,1.5,1.25,0.5,6,7,3,5,2,1,2,623.37,4.88,62,1.297,0.24
15,20,5,30,FALSE,TRUE,0.25,1.5,1.5,0.5,6,7,3,5,2,1,2,1175.98,4.88,61,3,0.607
15,30,5,20,FALSE,TRUE,0.25,1.5,1.5,0.5,6,7,3,5,2,1,2,1175.98,4.88,61,3,0.607
15,30,5,30,FALSE,TRUE,0.25,1.5,1.5,0.5,6,7,3,5,2,1,2,1175.98,4.88,61,3,0.607
15,20,6,30,TRUE,TRUE,0.25,1.5,1.25,0.5,6,4,3,5,2,1,2,462.57,4.88,41,1.297,-0.016
15,30,6,30,TRUE,TRUE,0.25,1.5,1.25,0.5,6,5,3,5,2,1,2,468.91,4.88,42,1.297,-0.001
15,40,6,30,TRUE,TRUE,0.25,1,1,0.5,6,5,3,5,2,1,2,486.8,4.88,44,1.297,0.028
15,40,6,30,TRUE,TRUE,0.25,1,1.25,0.5,6,5,3,5,2,1,2,486.8,4.88,44,1.297,0.028
15,40,6,30,TRUE,TRUE,0.25,1,1.5,0.5,6,5,3,5,2,1,2,486.8,4.88,44,1.297,0.028
10,40,4,30,FALSE,TRUE,0.25,1.25,1,0.5,6,5,3,5,2,1,2,1073.73,4.87,64,3,0.585
10,40,4,30,FALSE,TRUE,0.25,1.5,1,0.5,6,6,3,5,2,1,2,1064.74,4.87,63,3,0.583
10,20,5,20,FALSE,TRUE,0.25,1.5,1.5,0.5,6,4,3,5,2,1,2,1021.88,4.87,55,3,0.543
10,20,5,30,FALSE,TRUE,0.25,1.5,1.5,0.5,6,4,3,5,2,1,2,1021.88,4.87,55,3,0.543
10,30,5,20,FALSE,TRUE,0.25,1.5,1.5,0.5,6,4,3,5,2,1,2,1021.88,4.87,55,3,0.543
10,30,5,30,FALSE,TRUE,0.25,1.5,1.5,0.5,6,4,3,5,2,1,2,1021.88,4.87,55,3,0.543
15,40,4,30,TRUE,TRUE,0.25,1.5,1.25,0.5,6,7,3,5,2,1,2,637.11,4.87,67,1.297,0.262
10,30,4,20,TRUE,TRUE,0.25,1.5,1.5,0.5,6,7,3,5,2,1,2,634.71,4.86,69,1.497,0.264
10,30,4,30,TRUE,TRUE,0.25,1.5,1,0.5,6,5,3,5,2,1,2,561.66,4.86,63,1.497,0.171
10,40,4,20,TRUE,TRUE,0.25,1.5,1,0.5,6,4,3,5,2,1,2,559.4,4.86,63,1.497,0.166
10,30,5,30,TRUE,TRUE,0.25,1.5,1.25,0.5,6,5,3,5,2,1,2,562.74,4.86,57,1.497,0.162
10,40,5,20,TRUE,TRUE,0.25,1.5,1.5,0.5,6,4,3,7,2,1,2,591.53,4.86,58,1.497,0.207
10,40,5,20,TRUE,TRUE,0.25,1.5,1.5,0.5,6,4,3,8,2,1,2,591.53,4.86,58,1.497,0.207
10,40,5,30,TRUE,TRUE,0.25,1.5,1,0.5,6,7,3,7,2,1,2,683.41,4.86,68,1.497,0.313
10,40,5,30,TRUE,TRUE,0.25,1.5,1,0.5,6,7,3,8,2,1,2,683.41,4.86,68,1.497,0.313
10,40,5,30,TRUE,TRUE,0.25,1.5,1.5,0.5,6,5,3,6,2,1,2,562.23,4.86,56,1.497,0.161
15,30,4,30,TRUE,TRUE,0.25,1.25,1,0.5,6,7,3,5,2,1,2,600.91,4.86,69,1.297,0.225
15,20,6,20,TRUE,TRUE,0.25,1,1,0.5,6,6,3,5,2,1,2,481.72,4.86,45,1.297,0.019
15,20,6,20,TRUE,TRUE,0.25,1,1.25,0.5,6,6,3,5,2,1,2,481.72,4.86,45,1.297,0.019
15,20,6,20,TRUE,TRUE,0.25,1,1.5,0.5,6,6,3,5,2,1,2,481.72,4.86,45,1.297,0.019
15,20,6,30,TRUE,TRUE,0.25,1.5,1.5,0.5,6,4,3,5,2,1,2,460.77,4.86,41,1.297,-0.021
15,30,6,20,TRUE,TRUE,0.25,1.25,1,0.5,6,5,3,5,2,1,2,470.44,4.86,44,1.297,-0.003
15,30,6,30,TRUE,TRUE,0.25,1.5,1.5,0.5,6,5,3,5,2,1,2,467.11,4.86,42,1.297,-0.005
15,40,6,30,TRUE,TRUE,0.25,1.5,1.25,0.5,6,5,3,5,2,1,2,468.31,4.86,42,1.297,-0.002
10,40,4,30,FALSE,TRUE,0.25,1.5,1,0.5,6,5,3,5,2,1,2,1058.03,4.85,62,3,0.577
10,40,5,20,TRUE,TRUE,0.25,1.5,1,0.5,6,5,3,6,2,1,2,565.45,4.85,58,1.497,0.162
10,40,5,20,FALSE,TRUE,0.25,1.5,1,0.5,6,6,3,5,2,1,2,1034.78,4.85,58,3,0.547
10,40,5,30,FALSE,TRUE,0.25,1.5,1,0.5,6,6,3,5,2,1,2,1034.78,4.85,58,3,0.547
15,40,4,20,TRUE,TRUE,0.25,1.5,1.5,0.5,6,7,3,5,2,1,2,638.43,4.85,68,1.297,0.267
15,40,4,30,FALSE,TRUE,0.25,1.25,1,0.5,6,7,3,5,2,1,2,1146.83,4.85,68,3,0.605
15,40,5,20,TRUE,TRUE,0.25,1.5,1.5,0.5,6,5,3,5,2,1,2,560.9,4.85,55,1.297,0.157
15,30,6,30,TRUE,TRUE,0.25,1.5,1,0.5,6,5,3,5,2,1,2,471.79,4.85,43,1.297,0.002
10,40,4,20,TRUE,TRUE,0.25,1.25,1.5,0.5,6,5,3,5,2,1,2,560.5,4.84,64,1.497,0.17
10,40,4,20,TRUE,TRUE,0.25,1.5,1.5,0.5,6,4,3,5,2,1,2,553.15,4.84,62,1.497,0.157
10,40,4,30,TRUE,TRUE,0.25,1,1,0.5,6,6,3,5,2,1,2,582.71,4.84,67,1.497,0.201
10,20,5,20,TRUE,TRUE,0.25,1.5,1.25,0.5,6,5,3,5,2,1,2,536.04,4.84,57,1.497,0.124
10,40,5,20,TRUE,TRUE,0.25,1.5,1.25,0.5,6,5,3,7,2,1,2,595.49,4.84,60,1.497,0.213
10,40,5,20,TRUE,TRUE,0.25,1.5,1.25,0.5,6,5,3,8,2,1,2,595.49,4.84,60,1.497,0.213
10,40,5,30,TRUE,TRUE,0.25,1.5,1.25,0.5,6,7,3,7,2,1,2,678.48,4.84,67,1.497,0.308
10,40,5,30,TRUE,TRUE,0.25,1.5,1.25,0.5,6,7,3,8,2,1,2,678.48,4.84,67,1.497,0.308
15,20,4,20,TRUE,TRUE,0.25,1.5,1,0.5,6,7,3,5,2,1,2,626.66,4.84,70,1.297,0.254
15,40,4,20,FALSE,TRUE,0.25,1.5,1,0.5,6,7,3,5,2,1,2,1210.08,4.84,69,3,0.634
15,20,6,20,TRUE,TRUE,0.25,1,1,0.5,6,7,3,5,2,1,2,489.62,4.84,48,1.297,0.037
15,20,6,20,TRUE,TRUE,0.25,1,1.25,0.5,6,7,3,5,2,1,2,489.62,4.84,48,1.297,0.037
15,20,6,20,TRUE,TRUE,0.25,1,1.5,0.5,6,7,3,5,2,1,2,489.62,4.84,48,1.297,0.037
15,20,6,20,TRUE,TRUE,0.25,1.5,1,0.5,6,6,3,5,2,1,2,466.48,4.84,44,1.297,-0.008
15,20,6,20,TRUE,TRUE,0.25,1.5,1.25,0.5,6,6,3,5,2,1,2,462.83,4.84,43,1.297,-0.013
15,40,6,30,TRUE,TRUE,0.25,1.5,1.5,0.5,6,5,3,5,2,1,2,466.51,4.84,42,1.297,-0.006
10,20,4,30,TRUE,TRUE,0.25,1.5,1.25,0.5,6,7,3,5,2,1,2,612.03,4.83,68,1.497,0.235
10,40,4,30,TRUE,TRUE,0.25,1,1.25,0.5,6,6,3,5,2,1,2,581.91,4.83,67,1.497,0.199
10,40,4,30,TRUE,TRUE,0.25,1,1.5,0.5,6,6,3,5,2,1,2,581.91,4.83,67,1.497,0.199
10,40,4,30,FALSE,TRUE,0.25,1.5,1.25,0.5,6,7,3,5,2,1,2,1184.1,4.83,67,3,0.621
10,20,5,30,TRUE,TRUE,0.25,1.5,1.5,0.5,6,4,3,5,2,1,2,533.14,4.83,55,1.497,0.118
10,40,5,20,TRUE,TRUE,0.25,1.25,1,0.5,6,5,3,5,2,1,2,562.95,4.83,58,1.497,0.155
10,40,5,30,TRUE,TRUE,0.25,1.5,1,0.5,6,7,3,6,2,1,2,647.64,4.83,65,1.497,0.264
15,40,4,30,FALSE,TRUE,0.25,1.5,1.5,0.5,6,7,3,5,2,1,2,1187.54,4.83,66,3,0.624
15,40,6,20,TRUE,TRUE,0.25,1.25,1,0.5,6,5,3,5,2,1,2,469.84,4.83,44,1.297,-0.004
15,40,6,30,TRUE,TRUE,0.25,1.5,1,0.5,6,5,3,5,2,1,2,471.18,4.83,43,1.297,0
10,20,4,30,TRUE,TRUE,0.25,1.5,1,0.5,6,6,3,5,2,1,2,542.92,4.82,64,1.497,0.145
10,40,4,20,TRUE,TRUE,0.25,1.5,1,0.5,6,7,3,7,2,1,2,675.14,4.82,74,1.497,0.316
10,40,4,20,TRUE,TRUE,0.25,1.5,1,0.5,6,7,3,8,2,1,2,675.14,4.82,74,1.497,0.316
10,40,4,30,TRUE,TRUE,0.25,1,1,0.5,6,5,3,5,2,1,2,579.9,4.82,66,1.497,0.196
10,40,4,30,TRUE,TRUE,0.25,1.5,1,0.5,6,4,3,5,2,1,2,552.95,4.82,61,1.497,0.155
10,20,5,20,FALSE,TRUE,0.25,1.5,1,0.5,6,5,3,5,2,1,2,1033.91,4.82,58,3,0.546
10,20,5,30,FALSE,TRUE,0.25,1.5,1,0.5,6,5,3,5,2,1,2,1033.91,4.82,58,3,0.546
10,30,5,20,TRUE,TRUE,0.25,1.5,1.25,0.5,6,4,3,5,2,1,2,557.13,4.82,56,1.497,0.151
10,30,5,20,FALSE,TRUE,0.25,1.5,1,0.5,6,5,3,5,2,1,2,1033.91,4.82,58,3,0.546
10,30,5,30,TRUE,TRUE,0.25,1.5,1.5,0.5,6,6,3,5,2,1,2,560.07,4.82,57,1.497,0.159
10,30,5,30,FALSE,TRUE,0.25,1.5,1,0.5,6,5,3,5,2,1,2,1033.91,4.82,58,3,0.546
10,40,5,20,TRUE,TRUE,0.25,1.5,1.5,0.5,6,4,3,6,2,1,2,555.95,4.82,55,1.497,0.148
10,40,5,20,TRUE,TRUE,0.25,1.5,1.5,0.5,6,6,3,7,2,1,2,595.9,4.82,61,1.497,0.217
10,40,5,20,TRUE,TRUE,0.25,1.5,1.5,0.5,6,6,3,8,2,1,2,595.9,4.82,61,1.497,0.217
15,30,4,30,TRUE,TRUE,0.25,1.5,1.5,0.5,6,7,3,5,2,1,2,634.25,4.82,67,1.297,0.261
15,20,6,20,TRUE,TRUE,0.25,1.5,1.5,0.5,6,6,3,5,2,1,2,461.03,4.82,43,1.297,-0.017
15,20,6,20,FALSE,TRUE,0.25,1.5,1,0.5,6,7,3,5,2,1,2,863.4,4.82,47,3,0.436
15,20,6,30,FALSE,TRUE,0.25,1.5,1,0.5,6,7,3,5,2,1,2,863.4,4.82,47,3,0.436
15,30,6,20,FALSE,TRUE,0.25,1.5,1,0.5,6,7,3,5,2,1,2,863.4,4.82,47,3,0.436
15,30,6,30,FALSE,TRUE,0.25,1.5,1,0.5,6,7,3,5,2,1,2,863.4,4.82,47,3,0.436
15,40,6,20,FALSE,TRUE,0.25,1.5,1,0.5,6,7,3,5,2,1,2,863.4,4.82,47,3,0.436
15,40,6,30,FALSE,TRUE,0.25,1.5,1,0.5,6,7,3,5,2,1,2,863.4,4.82,47,3,0.436
10,20,4,20,TRUE,TRUE,0.25,1.5,1,0.5,6,5,3,5,2,1,2,545.62,4.81,65,1.497,0.15
10,40,4,30,TRUE,TRUE,0.25,1,1.25,0.5,6,5,3,5,2,1,2,579.11,4.81,66,1.497,0.195
10,40,4,30,TRUE,TRUE,0.25,1,1.5,0.5,6,5,3,5,2,1,2,579.11,4.81,66,1.497,0.195
10,20,5,30,TRUE,TRUE,0.25,1.5,1,0.5,6,5,3,5,2,1,2,540.51,4.81,58,1.497,0.129
10,40,5,20,FALSE,TRUE,0.25,1,1,0.5,6,7,3,5,2,1,2,1151.64,4.81,65,3,0.6
10,40,5,20,FALSE,TRUE,0.25,1,1.25,0.5,6,7,3,5,2,1,2,1150.01,4.81,65,3,0.599
10,40,5,20,FALSE,TRUE,0.25,1,1.5,0.5,6,7,3,5,2,1,2,1150.01,4.81,65,3,0.599
10,40,5,30,TRUE,TRUE,0.25,1,1,0.5,6,7,3,5,2,1,2,617.22,4.81,65,1.497,0.236
10,40,5,30,TRUE,TRUE,0.25,1,1.25,0.5,6,7,3,5,2,1,2,616.42,4.81,65,1.497,0.235
10,40,5,30,TRUE,TRUE,0.25,1,1.5,0.5,6,7,3,5,2,1,2,616.42,4.81,65,1.497,0.235
10,40,5,30,FALSE,TRUE,0.25,1,1,0.5,6,7,3,5,2,1,2,1151.64,4.81,65,3,0.6
10,40,5,30,FALSE,TRUE,0.25,1,1.25,0.5,6,7,3,5,2,1,2,1150.01,4.81,65,3,0.599
10,40,5,30,FALSE,TRUE,0.25,1,1.5,0.5,6,7,3,5,2,1,2,1150.01,4.81,65,3,0.599
10,20,4,30,TRUE,TRUE,0.25,1.5,1,0.5,6,5,3,5,2,1,2,540.11,4.8,63,1.497,0.14
10,40,4,20,TRUE,TRUE,0.25,1,1,0.5,6,6,3,5,2,1,2,585.27,4.8,69,1.497,0.205
10,40,4,20,TRUE,TRUE,0.25,1.5,1.25,0.5,6,5,3,5,2,1,2,555.99,4.8,64,1.497,0.162
10,40,4,20,FALSE,TRUE,0.25,1.5,1.5,0.5,6,7,3,5,2,1,2,1186.25,4.8,68,3,0.628
10,40,4,30,TRUE,TRUE,0.25,1.25,1.5,0.5,6,6,3,5,2,1,2,555.33,4.8,63,1.497,0.162
10,40,4,30,TRUE,TRUE,0.25,1.5,1.5,0.5,6,4,3,5,2,1,2,546.52,4.8,60,1.497,0.145
10,20,5,20,TRUE,TRUE,0.25,1.5,1.5,0.5,6,6,3,5,2,1,2,533.48,4.8,57,1.497,0.121
10,30,5,20,TRUE,TRUE,0.25,1,1,0.5,6,7,3,5,2,1,2,616.97,4.8,66,1.497,0.236
10,30,5,20,TRUE,TRUE,0.25,1,1.25,0.5,6,7,3,5,2,1,2,616.17,4.8,66,1.497,0.235
10,30,5,20,TRUE,TRUE,0.25,1,1.5,0.5,6,7,3,5,2,1,2,616.17,4.8,66,1.497,0.235
10,30,5,20,TRUE,TRUE,0.25,1.5,1,0.5,6,6,3,5,2,1,2,563.72,4.8,59,1.497,0.161
10,40,5,20,TRUE,TRUE,0.25,1.5,1.25,0.5,6,5,3,6,2,1,2,559.91,4.8,57,1.497,0.155
10,40,5,30,TRUE,TRUE,0.25,1.5,1.25,0.5,6,7,3,6,2,1,2,642.7,4.8,64,1.497,0.259
15,20,4,30,TRUE,TRUE,0.25,1.5,1.5,0.5,6,7,3,5,2,1,2,614.01,4.8,67,1.297,0.238
15,30,6,20,TRUE,TRUE,0.25,1,1,0.5,6,6,3,5,2,1,2,483.75,4.8,45,1.297,0.022
15,30,6,20,TRUE,TRUE,0.25,1,1.25,0.5,6,6,3,5,2,1,2,483.75,4.8,45,1.297,0.022
15,30,6,20,TRUE,TRUE,0.25,1,1.5,0.5,6,6,3,5,2,1,2,483.75,4.8,45,1.297,0.022
10,20,4,20,TRUE,TRUE,0.25,1.5,1.5,0.5,6,7,3,5,2,1,2,612.69,4.79,69,1.497,0.238
10,40,4,20,TRUE,TRUE,0.25,1,1.25,0.5,6,6,3,5,2,1,2,584.47,4.79,69,1.497,0.204
10,40,4,20,TRUE,TRUE,0.25,1,1.5,0.5,6,6,3,5,2,1,2,584.47,4.79,69,1.497,0.204
10,40,4,20,TRUE,TRUE,0.25,1.5,1,0.5,6,7,3,6,2,1,2,639.55,4.79,71,1.497,0.267
10,40,5,20,TRUE,TRUE,0.25,1,1,0.5,6,5,3,5,2,1,2,575.86,4.79,59,1.497,0.173
10,40,5,30,TRUE,TRUE,0.25,1.5,1,0.5,6,4,3,5,2,1,2,554.08,4.79,55,1.497,0.142
10,40,5,30,TRUE,TRUE,0.25,1.5,1,0.5,6,5,3,7,2,1,2,599.82,4.79,61,1.497,0.217
10,40,5,30,TRUE,TRUE,0.25,1.5,1,0.5,6,5,3,8,2,1,2,599.82,4.79,61,1.497,0.217
15,20,4,30,TRUE,TRUE,0.25,1.25,1,0.5,6,7,3,5,2,1,2,578.92,4.79,69,1.297,0.197
15,20,5,20,FALSE,TRUE,0.25,1.5,1,0.5,6,7,3,5,2,1,2,1178.53,4.79,63,3,0.599
15,20,5,30,FALSE,TRUE,0.25,1.5,1,0.5,6,7,3,5,2,1,2,1178.53,4.79,63,3,0.599
15,30,5,20,FALSE,TRUE,0.25,1.5,1,0.5,6,7,3,5,2,1,2,1178.53,4.79,63,3,0.599
15,30,5,30,FALSE,TRUE,0.25,1.5,1,0.5,6,7,3,5,2,1,2,1178.53,4.79,63,3,0.599
15,40,5,20,TRUE,TRUE,0.25,1,1,0.5,6,7,3,5,2,1,2,616.63,4.79,65,1.297,0.233
15,40,5,20,TRUE,TRUE,0.25,1,1.25,0.5,6,7,3,5,2,1,2,616.63,4.79,65,1.297,0.233
15,40,5,20,TRUE,TRUE,0.25,1,1.5,0.5,6,7,3,5,2,1,2,616.63,4.79,65,1.297,0.233
15,20,6,30,TRUE,TRUE,0.25,1.25,1,0.5,6,5,3,5,2,1,2,466.3,4.79,44,1.297,-0.011
15,30,6,20,TRUE,TRUE,0.25,1.5,1.25,0.5,6,4,3,5,2,1,2,462.22,4.79,41,1.297,-0.018
10,30,4,20,TRUE,TRUE,0.25,1.25,1,0.5,6,5,3,5,2,1,2,572.19,4.78,67,1.497,0.186
10,40,4,20,TRUE,TRUE,0.25,1.25,1,0.5,6,4,3,5,2,1,2,564.64,4.78,65,1.497,0.174
10,40,4,20,TRUE,TRUE,0.25,1.5,1,0.5,6,5,3,7,2,1,2,597.15,4.78,68,1.497,0.227
10,40,4,20,TRUE,TRUE,0.25,1.5,1,0.5,6,5,3,8,2,1,2,597.15,4.78,68,1.497,0.227
10,40,4,30,TRUE,TRUE,0.25,1,1,0.5,6,7,3,5,2,1,2,584.02,4.78,69,1.497,0.201
10,40,4,30,TRUE,TRUE,0.25,1.25,1.5,0.5,6,5,3,5,2,1,2,552.52,4.78,62,1.497,0.157
10,40,4,30,TRUE,TRUE,0.25,1.25,1.5,0.5,6,7,3,5,2,1,2,581.35,4.78,66,1.497,0.2
10,20,5,30,TRUE,TRUE,0.25,1.5,1.25,0.5,6,5,3,5,2,1,2,535.57,4.78,57,1.497,0.123
10,30,5,20,TRUE,TRUE,0.25,1.5,1.5,0.5,6,7,3,7,2,1,2,674.67,4.78,67,1.497,0.306
10,30,5,20,TRUE,TRUE,0.25,1.5,1.5,0.5,6,7,3,8,2,1,2,674.67,4.78,67,1.497,0.306
10,40,5,20,TRUE,TRUE,0.25,1,1.25,0.5,6,5,3,5,2,1,2,575.07,4.78,59,1.497,0.172
10,40,5,20,TRUE,TRUE,0.25,1,1.5,0.5,6,5,3,5,2,1,2,575.07,4.78,59,1.497,0.172
10,40,5,20,TRUE,TRUE,0.25,1.5,1.5,0.5,6,6,3,6,2,1,2,560.31,4.78,58,1.497,0.159
10,40,5,20,FALSE,TRUE,0.25,1.5,1.25,0.5,6,6,3,5,2,1,2,1022.65,4.78,57,3,0.541
10,40,5,30,TRUE,TRUE,0.25,1.5,1.5,0.5,6,4,3,7,2,1,2,591.17,4.78,58,1.497,0.206
10,40,5,30,TRUE,TRUE,0.25,1.5,1.5,0.5,6,4,3,8,2,1,2,591.17,4.78,58,1.497,0.206
10,40,5,30,FALSE,TRUE,0.25,1.5,1.25,0.5,6,6,3,5,2,1,2,1022.65,4.78,57,3,0.541
15,20,4,30,FALSE,TRUE,0.25,1.5,1,0.5,6,7,3,5,2,1,2,1200.07,4.78,68,3,0.627
15,30,4,30,FALSE,TRUE,0.25,1.5,1,0.5,6,7,3,5,2,1,2,1200.07,4.78,68,3,0.627
15,20,6,20,FALSE,TRUE,0.25,1.5,1,0.5,6,5,3,5,2,1,2,781.23,4.78,43,3,0.381
15,20,6,30,FALSE,TRUE,0.25,1.5,1,0.5,6,5,3,5,2,1,2,781.23,4.78,43,3,0.381
15,30,6,20,TRUE,TRUE,0.25,1,1,0.5,6,7,3,5,2,1,2,491.66,4.78,48,1.297,0.04
15,30,6,20,TRUE,TRUE,0.25,1,1.25,0.5,6,7,3,5,2,1,2,491.66,4.78,48,1.297,0.04
15,30,6,20,TRUE,TRUE,0.25,1,1.5,0.5,6,7,3,5,2,1,2,491.66,4.78,48,1.297,0.04
15,30,6,20,TRUE,TRUE,0.25,1.5,1.5,0.5,6,4,3,5,2,1,2,460.42,4.78,41,1.297,-0.022
15,30,6,20,FALSE,TRUE,0.25,1.5,1,0.5,6,5,3,5,2,1,2,781.23,4.78,43,3,0.381
15,30,6,30,FALSE,TRUE,0.25,1.5,1,0.5,6,5,3,5,2,1,2,781.23,4.78,43,3,0.381
15,40,6,20,TRUE,TRUE,0.25,1,1,0.5,6,6,3,5,2,1,2,483.14,4.78,45,1.297,0.021
15,40,6,20,TRUE,TRUE,0.25,1,1.25,0.5,6,6,3,5,2,1,2,483.14,4.78,45,1.297,0.021
15,40,6,20,TRUE,TRUE,0.25,1,1.5,0.5,6,6,3,5,2,1,2,483.14,4.78,45,1.297,0.021
15,40,6,20,FALSE,TRUE,0.25,1.5,1,0.5,6,5,3,5,2,1,2,781.23,4.78,43,3,0.381
15,40,6,30,FALSE,TRUE,0.25,1.5,1,0.5,6,5,3,5,2,1,2,781.23,4.78,43,3,0.381
10,40,4,30,TRUE,TRUE,0.25,1,1.25,0.5,6,7,3,5,2,1,2,583.22,4.77,69,1.497,0.199
10,40,4,30,TRUE,TRUE,0.25,1,1.5,0.5,6,7,3,5,2,1,2,583.22,4.77,69,1.497,0.199
10,40,4,30,TRUE,TRUE,0.25,1.5,1.25,0.5,6,6,3,5,2,1,2,551.92,4.77,63,1.497,0.155
10,40,5,20,FALSE,TRUE,0.25,1.5,1,0.5,6,4,3,5,2,1,2,1014.56,4.77,55,3,0.526
10,40,5,30,FALSE,TRUE,0.25,1.5,1,0.5,6,4,3,5,2,1,2,1014.56,4.77,55,3,0.526
15,20,4,30,FALSE,TRUE,0.25,1.25,1,0.5,6,7,3,5,2,1,2,1141.89,4.77,69,3,0.601
15,30,4,30,FALSE,TRUE,0.25,1.25,1,0.5,6,7,3,5,2,1,2,1141.89,4.77,69,3,0.601
15,40,5,20,TRUE,TRUE,0.25,1.5,1.5,0.5,6,7,3,7,2,1,2,643.76,4.77,63,1.297,0.262
15,40,5,20,TRUE,TRUE,0.25,1.5,1.5,0.5,6,7,3,8,2,1,2,643.76,4.77,63,1.297,0.262
15,40,5,30,TRUE,TRUE,0.25,1.5,1.5,0.5,6,5,3,5,2,1,2,559.74,4.77,55,1.297,0.155
15,20,6,20,FALSE,TRUE,0.25,1.5,1.25,0.5,6,7,3,5,2,1,2,854.04,4.77,46,3,0.432
15,20,6,30,TRUE,TRUE,0.25,1.5,1.25,0.5,6,6,3,5,2,1,2,462.69,4.77,43,1.297,-0.013
15,20,6,30,FALSE,TRUE,0.25,1.5,1.25,0.5,6,7,3,5,2,1,2,854.04,4.77,46,3,0.432
15,30,6,20,FALSE,TRUE,0.25,1.5,1.25,0.5,6,7,3,5,2,1,2,854.04,4.77,46,3,0.432
15,30,6,30,FALSE,TRUE,0.25,1.5,1.25,0.5,6,7,3,5,2,1,2,854.04,4.77,46,3,0.432
15,40,6,20,TRUE,TRUE,0.25,1.5,1.25,0.5,6,4,3,5,2,1,2,461.62,4.77,41,1.297,-0.019
15,40,6,20,FALSE,TRUE,0.25,1.5,1.25,0.5,6,7,3,5,2,1,2,854.04,4.77,46,3,0.432
15,40,6,30,FALSE,TRUE,0.25,1.5,1.25,0.5,6,7,3,5,2,1,2,854.04,4.77,46,3,0.432
10,20,4,20,FALSE,TRUE,0.25,1.5,1,0.5,6,7,3,5,2,1,2,1200.41,4.76,70,3,0.632
10,30,4,20,FALSE,TRUE,0.25,1.5,1,0.5,6,7,3,5,2,1,2,1200.41,4.76,70,3,0.632
10,40,4,20,TRUE,TRUE,0.25,1.5,1.5,0.5,6,6,3,5,2,1,2,553.24,4.76,64,1.497,0.159
10,40,4,20,FALSE,TRUE,0.25,1,1,0.5,6,5,3,5,2,1,2,1109.53,4.76,68,3,0.603
10,40,4,20,FALSE,TRUE,0.25,1,1.25,0.5,6,5,3,5,2,1,2,1107.91,4.76,68,3,0.601
10,40,4,20,FALSE,TRUE,0.25,1,1.5,0.5,6,5,3,5,2,1,2,1107.91,4.76,68,3,0.601
10,40,4,30,TRUE,TRUE,0.25,1.5,1,0.5,6,5,3,7,2,1,2,593.7,4.76,67,1.497,0.222
10,40,4,30,TRUE,TRUE,0.25,1.5,1,0.5,6,5,3,8,2,1,2,593.7,4.76,67,1.497,0.222
10,40,4,30,TRUE,TRUE,0.25,1.5,1,0.5,6,6,3,7,2,1,2,593.7,4.76,67,1.497,0.222
10,40,4,30,TRUE,TRUE,0.25,1.5,1,0.5,6,6,3,8,2,1,2,593.7,4.76,67,1.497,0.222
10,40,4,30,TRUE,TRUE,0.25,1.5,1.25,0.5,6,5,3,5,2,1,2,549.12,4.76,62,1.497,0.15
10,40,4,30,TRUE,TRUE,0.25,1.5,1.5,0.5,6,7,3,7,2,1,2,660.66,4.76,71,1.497,0.298
10,40,4,30,TRUE,TRUE,0.25,1.5,1.5,0.5,6,7,3,8,2,1,2,660.66,4.76,71,1.497,0.298
10,20,5,20,TRUE,TRUE,0.25,1,1,0.5,6,7,3,5,2,1,2,590.56,4.76,66,1.497,0.205
10,30,5,20,TRUE,TRUE,0.25,1.5,1.25,0.5,6,6,3,5,2,1,2,558.18,4.76,58,1.497,0.154
10,40,5,30,TRUE,TRUE,0.25,1.5,1.25,0.5,6,5,3,7,2,1,2,594.89,4.76,60,1.497,0.211
10,40,5,30,TRUE,TRUE,0.25,1.5,1.25,0.5,6,5,3,8,2,1,2,594.89,4.76,60,1.497,0.211
15,40,4,20,TRUE,TRUE,0.25,1.25,1,0.5,6,7,3,5,2,1,2,601.49,4.76,70,1.297,0.226
15,40,5,20,TRUE,TRUE,0.25,1.25,1,0.5,6,7,3,5,2,1,2,598.77,4.76,63,1.297,0.208
15,20,6,30,TRUE,TRUE,0.25,1.5,1.5,0.5,6,6,3,5,2,1,2,460.89,4.76,43,1.297,-0.017
15,40,6,20,TRUE,TRUE,0.25,1,1,0.5,6,7,3,5,2,1,2,491.05,4.76,48,1.297,0.039
15,40,6,20,TRUE,TRUE,0.25,1,1.25,0.5,6,7,3,5,2,1,2,491.05,4.76,48,1.297,0.039
15,40,6,20,TRUE,TRUE,0.25,1,1.5,0.5,6,7,3,5,2,1,2,491.05,4.76,48,1.297,0.039
10,20,4,20,TRUE,TRUE,0.25,1.25,1,0.5,6,5,3,5,2,1,2,551.62,4.75,67,1.497,0.157
10,20,5,20,TRUE,TRUE,0.25,1,1.25,0.5,6,7,3,5,2,1,2,589.77,4.75,66,1.497,0.203
10,20,5,20,TRUE,TRUE,0.25,1,1.5,0.5,6,7,3,5,2,1,2,589.77,4.75,66,1.497,0.203
10,20,5,20,FALSE,TRUE,0.25,1.5,1.25,0.5,6,5,3,5,2,1,2,1021.78,4.75,57,3,0.54
10,20,5,30,FALSE,TRUE,0.25,1.5,1.25,0.5,6,5,3,5,2,1,2,1021.78,4.75,57,3,0.54
10,30,5,20,FALSE,TRUE,0.25,1.5,1.25,0.5,6,5,3,5,2,1,2,1021.78,4.75,57,3,0.54
10,30,5,30,FALSE,TRUE,0.25,1.5,1.25,0.5,6,5,3,5,2,1,2,1021.78,4.75,57,3,0.54
10,40,5,20,TRUE,TRUE,0.25,1,1,0.5,6,6,3,5,2,1,2,580.21,4.75,61,1.497,0.183
10,40,5,20,TRUE,TRUE,0.25,1,1.25,0.5,6,6,3,5,2,1,2,579.41,4.75,61,1.497,0.182
10,40,5,20,TRUE,TRUE,0.25,1,1.5,0.5,6,6,3,5,2,1,2,579.41,4.75,61,1.497,0.182
10,40,5,30,TRUE,TRUE,0.25,1.5,1.5,0.5,6,6,3,7,2,1,2,595.54,4.75,61,1.497,0.216
10,40,5,30,TRUE,TRUE,0.25,1.5,1.5,0.5,6,6,3,8,2,1,2,595.54,4.75,61,1.497,0.216
15,30,5,20,TRUE,TRUE,0.25,1,1,0.5,6,7,3,5,2,1,2,615.07,4.75,66,1.297,0.231
15,30,5,20,TRUE,TRUE,0.25,1,1.25,0.5,6,7,3,5,2,1,2,615.07,4.75,66,1.297,0.231
15,30,5,20,TRUE,TRUE,0.25,1,1.5,0.5,6,7,3,5,2,1,2,615.07,4.75,66,1.297,0.231
15,40,5,20,TRUE,TRUE,0.25,1.5,1,0.5,6,5,3,5,2,1,2,562.77,4.75,57,1.297,0.156
15,40,5,20,TRUE,TRUE,0.25,1.5,1.5,0.5,6,7,3,6,2,1,2,639.99,4.75,62,1.297,0.255
15,20,6,20,FALSE,TRUE,0.25,1.5,1.5,0.5,6,7,3,5,2,1,2,851.46,4.75,46,3,0.432
15,20,6,30,TRUE,TRUE,0.25,1.5,1,0.5,6,6,3,5,2,1,2,465.56,4.75,44,1.297,-0.01
15,20,6,30,FALSE,TRUE,0.25,1.5,1.5,0.5,6,7,3,5,2,1,2,851.46,4.75,46,3,0.432
15,30,6,20,FALSE,TRUE,0.25,1.5,1.5,0.5,6,7,3,5,2,1,2,851.46,4.75,46,3,0.432
15,30,6,30,FALSE,TRUE,0.25,1.5,1.5,0.5,6,7,3,5,2,1,2,851.46,4.75,46,3,0.432
15,40,6,20,TRUE,TRUE,0.25,1.5,1.5,0.5,6,4,3,5,2,1,2,459.82,4.75,41,1.297,-0.023
15,40,6,20,FALSE,TRUE,0.25,1.5,1.5,0.5,6,7,3,5,2,1,2,851.46,4.75,46,3,0.432
15,40,6,30,FALSE,TRUE,0.25,1.5,1.5,0.5,6,7,3,5,2,1,2,851.46,4.75,46,3,0.432
10,20,4,30,TRUE,TRUE,0.25,1.25,1,0.5,6,6,3,5,2,1,2,547.57,4.74,66,1.497,0.151
10,20,4,30,FALSE,TRUE,0.25,1.5,1.5,0.5,6,7,3,5,2,1,2,1176.25,4.74,67,3,0.621
10,30,4,30,TRUE,TRUE,0.25,1.25,1,0.5,6,6,3,5,2,1,2,567.38,4.74,66,1.497,0.178
10,30,4,30,FALSE,TRUE,0.25,1.5,1.5,0.5,6,7,3,5,2,1,2,1176.25,4.74,67,3,0.621
10,40,4,20,TRUE,TRUE,0.25,1,1,0.5,6,7,3,5,2,1,2,586.58,4.74,71,1.497,0.205
10,40,4,20,TRUE,TRUE,0.25,1.25,1.5,0.5,6,4,3,5,2,1,2,554.62,4.74,63,1.497,0.159
10,40,4,20,TRUE,TRUE,0.25,1.5,1,0.5,6,5,3,6,2,1,2,561.57,4.74,65,1.497,0.17
10,20,5,20,TRUE,TRUE,0.25,1.5,1.25,0.5,6,4,3,5,2,1,2,530.14,4.74,56,1.497,0.112
10,20,5,20,FALSE,TRUE,0.25,1,1,0.5,6,7,3,5,2,1,2,1147.79,4.74,66,3,0.597
10,20,5,30,TRUE,TRUE,0.25,1.5,1.5,0.5,6,6,3,5,2,1,2,533.26,4.74,57,1.497,0.121
10,20,5,30,FALSE,TRUE,0.25,1,1,0.5,6,7,3,5,2,1,2,1147.79,4.74,66,3,0.597
10,30,5,20,TRUE,TRUE,0.25,1.5,1.5,0.5,6,7,3,6,2,1,2,639.26,4.74,64,1.497,0.257
10,30,5,20,FALSE,TRUE,0.25,1,1,0.5,6,7,3,5,2,1,2,1147.79,4.74,66,3,0.597
10,30,5,30,FALSE,TRUE,0.25,1,1,0.5,6,7,3,5,2,1,2,1147.79,4.74,66,3,0.597
10,40,5,30,TRUE,TRUE,0.25,1.5,1,0.5,6,5,3,6,2,1,2,564.05,4.74,58,1.497,0.16
10,40,5,30,TRUE,TRUE,0.25,1.5,1.5,0.5,6,4,3,6,2,1,2,555.4,4.74,55,1.497,0.147
15,20,6,20,FALSE,TRUE,0.25,1.25,1,0.5,6,5,3,5,2,1,2,780.52,4.74,44,3,0.378
15,20,6,30,TRUE,TRUE,0.25,1,1,0.5,6,6,3,5,2,1,2,479.59,4.74,45,1.297,0.015
15,20,6,30,TRUE,TRUE,0.25,1,1.25,0.5,6,6,3,5,2,1,2,479.59,4.74,45,1.297,0.015
15,20,6,30,TRUE,TRUE,0.25,1,1.5,0.5,6,6,3,5,2,1,2,479.59,4.74,45,1.297,0.015
15,20,6,30,FALSE,TRUE,0.25,1.25,1,0.5,6,5,3,5,2,1,2,780.52,4.74,44,3,0.378
15,30,6,20,FALSE,TRUE,0.25,1.25,1,0.5,6,5,3,5,2,1,2,780.52,4.74,44,3,0.378
15,30,6,30,FALSE,TRUE,0.25,1.25,1,0.5,6,5,3,5,2,1,2,780.52,4.74,44,3,0.378
15,40,6,20,FALSE,TRUE,0.25,1.25,1,0.5,6,5,3,5,2,1,2,780.52,4.74,44,3,0.378
15,40,6,30,FALSE,TRUE,0.25,1.25,1,0.5,6,5,3,5,2,1,2,780.52,4.74,44,3,0.378
10,20,4,30,TRUE,TRUE,0.25,1.25,1,0.5,6,7,3,5,2,1,2,573.6,4.73,69,1.497,0.189
10,30,4,20,TRUE,TRUE,0.25,1.5,1.25,0.5,6,7,3,5,2,1,2,631.67,4.73,70,1.497,0.257
10,30,4,30,TRUE,TRUE,0.25,1.25,1,0.5,6,7,3,5,2,1,2,593.4,4.73,69,1.497,0.215
10,40,4,20,TRUE,TRUE,0.25,1,1.25,0.5,6,7,3,5,2,1,2,585.79,4.73,71,1.497,0.204
10,40,4,20,TRUE,TRUE,0.25,1,1.5,0.5,6,7,3,5,2,1,2,585.79,4.73,71,1.497,0.204
10,40,4,20,FALSE,TRUE,0.25,1.25,1,0.5,6,7,3,5,2,1,2,1143.09,4.73,70,3,0.607
10,20,5,20,FALSE,TRUE,0.25,1,1.25,0.5,6,7,3,5,2,1,2,1146.16,4.73,66,3,0.596
10,20,5,20,FALSE,TRUE,0.25,1,1.5,0.5,6,7,3,5,2,1,2,1146.16,4.73,66,3,0.596
10,20,5,30,FALSE,TRUE,0.25,1,1.25,0.5,6,7,3,5,2,1,2,1146.16,4.73,66,3,0.596
10,20,5,30,FALSE,TRUE,0.25,1,1.5,0.5,6,7,3,5,2,1,2,1146.16,4.73,66,3,0.596
10,30,5,20,FALSE,TRUE,0.25,1,1.25,0.5,6,7,3,5,2,1,2,1146.16,4.73,66,3,0.596
10,30,5,20,FALSE,TRUE,0.25,1,1.5,0.5,6,7,3,5,2,1,2,1146.16,4.73,66,3,0.596
10,30,5,30,TRUE,TRUE,0.25,1.5,1.25,0.5,6,4,3,5,2,1,2,555.91,4.73,56,1.497,0.148
10,30,5,30,FALSE,TRUE,0.25,1,1.25,0.5,6,7,3,5,2,1,2,1146.16,4.73,66,3,0.596
10,30,5,30,FALSE,TRUE,0.25,1,1.5,0.5,6,7,3,5,2,1,2,1146.16,4.73,66,3,0.596
10,40,5,20,TRUE,TRUE,0.25,1.5,1,0.5,6,6,3,7,2,1,2,598.57,4.73,63,1.497,0.217
10,40,5,20,TRUE,TRUE,0.25,1.5,1,0.5,6,6,3,8,2,1,2,598.57,4.73,63,1.497,0.217
15,40,4,20,TRUE,TRUE,0.25,1.25,1,0.5,6,5,3,5,2,1,2,574.58,4.73,67,1.297,0.188
15,40,4,20,TRUE,TRUE,0.25,1.5,1.25,0.5,6,7,3,5,2,1,2,635.39,4.73,69,1.297,0.26
15,20,5,20,FALSE,TRUE,0.25,1.5,1.25,0.5,6,7,3,5,2,1,2,1168.03,4.73,62,3,0.595
15,20,5,30,FALSE,TRUE,0.25,1.5,1.25,0.5,6,7,3,5,2,1,2,1168.03,4.73,62,3,0.595
15,30,5,20,FALSE,TRUE,0.25,1.5,1.25,0.5,6,7,3,5,2,1,2,1168.03,4.73,62,3,0.595
15,30,5,30,FALSE,TRUE,0.25,1.5,1.25,0.5,6,7,3,5,2,1,2,1168.03,4.73,62,3,0.595
15,40,5,20,TRUE,TRUE,0.25,1.5,1.5,0.5,6,4,3,5,2,1,2,554.07,4.73,54,1.297,0.143
15,40,5,20,FALSE,TRUE,0.25,1.5,1.5,0.5,6,5,3,5,2,1,2,1017.54,4.73,55,3,0.533
15,40,5,30,FALSE,TRUE,0.25,1.5,1.5,0.5,6,5,3,5,2,1,2,1017.54,4.73,55,3,0.533
15,20,6,30,TRUE,TRUE,0.25,1,1,0.5,6,7,3,5,2,1,2,488.68,4.73,48,1.297,0.035
15,20,6,30,TRUE,TRUE,0.25,1,1.25,0.5,6,7,3,5,2,1,2,488.68,4.73,48,1.297,0.035
15,20,6,30,TRUE,TRUE,0.25,1,1.5,0.5,6,7,3,5,2,1,2,488.68,4.73,48,1.297,0.035
15,30,6,30,TRUE,TRUE,0.25,1.25,1,0.5,6,5,3,5,2,1,2,468.22,4.73,44,1.297,-0.007
15,30,6,30,TRUE,TRUE,0.25,1.5,1.25,0.5,6,4,3,5,2,1,2,462.08,4.73,41,1.297,-0.018
10,20,4,30,TRUE,TRUE,0.25,1.25,1,0.5,6,5,3,5,2,1,2,544.77,4.72,65,1.497,0.146
10,30,4,30,TRUE,TRUE,0.25,1.25,1,0.5,6,5,3,5,2,1,2,564.57,4.72,65,1.497,0.173
10,40,4,30,TRUE,TRUE,0.25,1.25,1,0.5,6,4,3,5,2,1,2,556.85,4.72,63,1.497,0.16
10,40,4,30,TRUE,TRUE,0.25,1.5,1,0.5,6,6,3,6,2,1,2,557.93,4.72,64,1.497,0.164
10,30,5,20,TRUE,TRUE,0.25,1.5,1.5,0.5,6,5,3,7,2,1,2,594.4,4.72,61,1.497,0.215
10,30,5,20,TRUE,TRUE,0.25,1.5,1.5,0.5,6,5,3,8,2,1,2,594.4,4.72,61,1.497,0.215
10,30,5,30,TRUE,TRUE,0.25,1.5,1.5,0.5,6,7,3,7,2,1,2,674.44,4.72,67,1.497,0.306
10,30,5,30,TRUE,TRUE,0.25,1.5,1.5,0.5,6,7,3,8,2,1,2,674.44,4.72,67,1.497,0.306
10,40,5,20,TRUE,TRUE,0.25,1.5,1.25,0.5,6,4,3,7,2,1,2,588.66,4.72,59,1.497,0.2
10,40,5,20,TRUE,TRUE,0.25,1.5,1.25,0.5,6,4,3,8,2,1,2,588.66,4.72,59,1.497,0.2
10,40,5,30,TRUE,TRUE,0.25,1.5,1.25,0.5,6,5,3,6,2,1,2,559.12,4.72,57,1.497,0.154
15,30,5,20,TRUE,TRUE,0.25,1.25,1,0.5,6,7,3,5,2,1,2,597.21,4.72,64,1.297,0.206
15,20,6,20,TRUE,TRUE,0.25,1,1,0.5,6,4,3,5,2,1,2,475.27,4.72,44,1.297,0.004
15,20,6,20,TRUE,TRUE,0.25,1,1.25,0.5,6,4,3,5,2,1,2,475.27,4.72,44,1.297,0.004
15,20,6,20,TRUE,TRUE,0.25,1,1.5,0.5,6,4,3,5,2,1,2,475.27,4.72,44,1.297,0.004
15,20,6,20,FALSE,TRUE,0.25,1.5,1.25,0.5,6,5,3,5,2,1,2,771.87,4.72,42,3,0.377
15,20,6,30,FALSE,TRUE,0.25,1.5,1.25,0.5,6,5,3,5,2,1,2,771.87,4.72,42,3,0.377
15,30,6,20,TRUE,TRUE,0.25,1.5,1,0.5,6,6,3,5,2,1,2,466.92,4.72,44,1.297,-0.008
15,30,6,20,TRUE,TRUE,0.25,1.5,1.25,0.5,6,6,3,5,2,1,2,463.27,4.72,43,1.297,-0.012
15,30,6,20,FALSE,TRUE,0.25,1.5,1.25,0.5,6,5,3,5,2,1,2,771.87,4.72,42,3,0.377
15,30,6,30,FALSE,TRUE,0.25,1.5,1.25,0.5,6,5,3,5,2,1,2,771.87,4.72,42,3,0.377
15,40,6,20,FALSE,TRUE,0.25,1.5,1.25,0.5,6,5,3,5,2,1,2,771.87,4.72,42,3,0.377
15,40,6,30,FALSE,TRUE,0.25,1.5,1.25,0.5,6,5,3,5,2,1,2,771.87,4.72,42,3,0.377
10,30,4,30,TRUE,TRUE,0.25,1.5,1,0.5,6,7,3,7,2,1,2,669.7,4.71,73,1.497,0.308
10,30,4,30,TRUE,TRUE,0.25,1.5,1,0.5,6,7,3,8,2,1,2,669.7,4.71,73,1.497,0.308
10,40,4,20,TRUE,TRUE,0.25,1.25,1,0.5,6,5,3,7,2,1,2,602.39,4.71,70,1.497,0.234
10,40,4,20,TRUE,TRUE,0.25,1.25,1,0.5,6,5,3,8,2,1,2,602.39,4.71,70,1.497,0.234
10,40,4,30,TRUE,TRUE,0.25,1.5,1.5,0.5,6,7,3,6,2,1,2,624.88,4.71,68,1.497,0.248
10,30,5,20,TRUE,TRUE,0.25,1.25,1,0.5,6,5,3,5,2,1,2,563.92,4.71,60,1.497,0.158
10,40,5,20,TRUE,TRUE,0.25,1.25,1,0.5,6,7,3,5,2,1,2,595.04,4.71,64,1.497,0.205
15,30,4,20,TRUE,TRUE,0.25,1.25,1,0.5,6,7,3,5,2,1,2,599.93,4.71,71,1.297,0.224
15,40,5,20,TRUE,TRUE,0.25,1.5,1.25,0.5,6,5,3,5,2,1,2,558.03,4.71,56,1.297,0.151
15,20,6,20,FALSE,TRUE,0.25,1.5,1.5,0.5,6,5,3,5,2,1,2,769.29,4.71,42,3,0.377
15,20,6,30,FALSE,TRUE,0.25,1.5,1.5,0.5,6,5,3,5,2,1,2,769.29,4.71,42,3,0.377
15,30,6,20,FALSE,TRUE,0.25,1.5,1.5,0.5,6,5,3,5,2,1,2,769.29,4.71,42,3,0.377
15,30,6,30,TRUE,TRUE,0.25,1.5,1.5,0.5,6,4,3,5,2,1,2,460.28,4.71,41,1.297,-0.022
15,30,6,30,FALSE,TRUE,0.25,1.5,1.5,0.5,6,5,3,5,2,1,2,769.29,4.71,42,3,0.377
15,40,6,20,FALSE,TRUE,0.25,1.5,1.5,0.5,6,5,3,5,2,1,2,769.29,4.71,42,3,0.377
15,40,6,30,TRUE,TRUE,0.25,1.25,1,0.5,6,5,3,5,2,1,2,467.61,4.71,44,1.297,-0.008
15,40,6,30,FALSE,TRUE,0.25,1.5,1.5,0.5,6,5,3,5,2,1,2,769.29,4.71,42,3,0.377
10,30,4,20,TRUE,TRUE,0.25,1.5,1,0.5,6,6,3,5,2,1,2,562.14,4.7,66,1.497,0.172
10,40,4,20,TRUE,TRUE,0.25,1.5,1.25,0.5,6,4,3,5,2,1,2,550.12,4.7,63,1.497,0.15
10,40,4,20,FALSE,TRUE,0.25,1.25,1,0.5,6,6,3,5,2,1,2,1076.52,4.7,67,3,0.586
10,40,4,30,TRUE,TRUE,0.25,1.5,1,0.5,6,5,3,6,2,1,2,555.12,4.7,63,1.497,0.159
10,20,5,20,TRUE,TRUE,0.25,1.5,1,0.5,6,6,3,5,2,1,2,535.79,4.7,59,1.497,0.122
10,30,5,20,TRUE,TRUE,0.25,1.5,1,0.5,6,7,3,7,2,1,2,677.34,4.7,69,1.497,0.305
10,30,5,20,TRUE,TRUE,0.25,1.5,1,0.5,6,7,3,8,2,1,2,677.34,4.7,69,1.497,0.305
10,30,5,30,TRUE,TRUE,0.25,1.5,1,0.5,6,6,3,5,2,1,2,561.89,4.7,59,1.497,0.158
10,40,5,30,TRUE,TRUE,0.25,1.5,1.5,0.5,6,6,3,6,2,1,2,559.76,4.7,58,1.497,0.158
15,40,5,30,TRUE,TRUE,0.25,1.5,1.5,0.5,6,7,3,7,2,1,2,643.4,4.7,63,1.297,0.261
15,40,5,30,TRUE,TRUE,0.25,1.5,1.5,0.5,6,7,3,8,2,1,2,643.4,4.7,63,1.297,0.261
15,20,6,20,TRUE,TRUE,0.25,1.25,1,0.5,6,6,3,5,2,1,2,462.74,4.7,45,1.297,-0.017
15,30,6,20,TRUE,TRUE,0.25,1.5,1.5,0.5,6,6,3,5,2,1,2,461.47,4.7,43,1.297,-0.016
15,40,6,20,TRUE,TRUE,0.25,1.5,1,0.5,6,6,3,5,2,1,2,466.32,4.7,44,1.297,-0.009
15,40,6,20,TRUE,TRUE,0.25,1.5,1.25,0.5,6,6,3,5,2,1,2,462.66,4.7,43,1.297,-0.013
15,40,6,30,TRUE,TRUE,0.25,1.5,1.25,0.5,6,4,3,5,2,1,2,461.48,4.7,41,1.297,-0.019
10,40,4,20,TRUE,TRUE,0.25,1,1,0.5,6,4,3,5,2,1,2,578.84,4.69,68,1.497,0.193
10,40,4,20,TRUE,TRUE,0.25,1.25,1.25,0.5,6,5,3,5,2,1,2,555.83,4.69,65,1.497,0.162
10,20,5,20,TRUE,TRUE,0.25,1.5,1.5,0.5,6,7,3,7,2,1,2,646.93,4.69,67,1.497,0.277
10,20,5,20,TRUE,TRUE,0.25,1.5,1.5,0.5,6,7,3,8,2,1,2,646.93,4.69,67,1.497,0.277
10,20,5,20,FALSE,TRUE,0.25,1.5,1.25,0.5,6,4,3,5,2,1,2,1013.92,4.69,56,3,0.531
10,20,5,30,FALSE,TRUE,0.25,1.5,1.25,0.5,6,4,3,5,2,1,2,1013.92,4.69,56,3,0.531
10,30,5,20,FALSE,TRUE,0.25,1.5,1.25,0.5,6,4,3,5,2,1,2,1013.92,4.69,56,3,0.531
10,30,5,30,TRUE,TRUE,0.25,1,1,0.5,6,7,3,5,2,1,2,615.04,4.69,66,1.497,0.233
10,30,5,30,TRUE,TRUE,0.25,1,1.25,0.5,6,7,3,5,2,1,2,614.25,4.69,66,1.497,0.232
10,30,5,30,TRUE,TRUE,0.25,1,1.5,0.5,6,7,3,5,2,1,2,614.25,4.69,66,1.497,0.232
10,30,5,30,FALSE,TRUE,0.25,1.5,1.25,0.5,6,4,3,5,2,1,2,1013.92,4.69,56,3,0.531
10,40,5,20,TRUE,TRUE,0.25,1.25,1.5,0.5,6,5,3,5,2,1,2,550.18,4.69,56,1.497,0.138
10,40,5,20,TRUE,TRUE,0.25,1.5,1,0.5,6,6,3,6,2,1,2,562.98,4.69,60,1.497,0.159
10,40,5,20,TRUE,TRUE,0.25,1.5,1.25,0.5,6,6,3,7,2,1,2,593.03,4.69,62,1.497,0.21
10,40,5,20,TRUE,TRUE,0.25,1.5,1.25,0.5,6,6,3,8,2,1,2,593.03,4.69,62,1.497,0.21
10,40,5,20,FALSE,TRUE,0.25,1.5,1.5,0.5,6,5,3,7,2,1,2,1085.9,4.69,59,3,0.581
10,40,5,20,FALSE,TRUE,0.25,1.5,1.5,0.5,6,5,3,8,2,1,2,1085.9,4.69,59,3,0.581
10,40,5,30,FALSE,TRUE,0.25,1.5,1.5,0.5,6,5,3,7,2,1,2,1085.9,4.69,59,3,0.581
10,40,5,30,FALSE,TRUE,0.25,1.5,1.5,0.5,6,5,3,8,2,1,2,1085.9,4.69,59,3,0.581
15,30,4,30,TRUE,TRUE,0.25,1.5,1.25,0.5,6,7,3,5,2,1,2,630.97,4.69,68,1.297,0.253
15,40,4,30,TRUE,TRUE,0.25,1.25,1,0.5,6,6,3,5,2,1,2,569.59,4.69,66,1.297,0.18
15,40,5,20,TRUE,TRUE,0.25,1.5,1,0.5,6,7,3,7,2,1,2,645.63,4.69,65,1.297,0.259
15,40,5,20,TRUE,TRUE,0.25,1.5,1,0.5,6,7,3,8,2,1,2,645.63,4.69,65,1.297,0.259
15,40,6,30,TRUE,TRUE,0.25,1.5,1.5,0.5,6,4,3,5,2,1,2,459.68,4.69,41,1.297,-0.023
10,30,4,30,TRUE,TRUE,0.25,1.5,1,0.5,6,7,3,6,2,1,2,634.14,4.68,70,1.497,0.259
10,40,4,20,TRUE,TRUE,0.25,1,1.25,0.5,6,4,3,5,2,1,2,578.04,4.68,68,1.497,0.191
10,40,4,20,TRUE,TRUE,0.25,1,1.5,0.5,6,4,3,5,2,1,2,578.04,4.68,68,1.497,0.191
10,40,4,20,FALSE,TRUE,0.25,1.5,1.5,0.5,6,5,3,5,2,1,2,1042.82,4.68,63,3,0.569
10,40,4,30,TRUE,TRUE,0.25,1.25,1.5,0.5,6,4,3,5,2,1,2,546.65,4.68,61,1.497,0.145
10,40,4,30,FALSE,TRUE,0.25,1.25,1.5,0.5,6,7,3,5,2,1,2,1106.27,4.68,66,3,0.588
10,20,5,20,FALSE,TRUE,0.25,1.5,1.5,0.5,6,6,3,5,2,1,2,1015.89,4.68,57,3,0.54
10,20,5,30,FALSE,TRUE,0.25,1.5,1.5,0.5,6,6,3,5,2,1,2,1015.89,4.68,57,3,0.54
10,30,5,20,TRUE,TRUE,0.25,1,1,0.5,6,5,3,5,2,1,2,576.83,4.68,61,1.497,0.176
10,30,5,20,FALSE,TRUE,0.25,1.5,1.5,0.5,6,6,3,5,2,1,2,1015.89,4.68,57,3,0.54
10,30,5,30,TRUE,TRUE,0.25,1.5,1.5,0.5,6,7,3,6,2,1,2,638.88,4.68,64,1.497,0.257
10,30,5,30,FALSE,TRUE,0.25,1.5,1.5,0.5,6,6,3,5,2,1,2,1015.89,4.68,57,3,0.54
10,40,5,20,TRUE,TRUE,0.25,1.5,1.25,0.5,6,4,3,6,2,1,2,553.08,4.68,56,1.497,0.142
10,40,5,20,FALSE,TRUE,0.25,1.25,1,0.5,6,5,3,5,2,1,2,1028.06,4.68,58,3,0.53
10,40,5,20,FALSE,TRUE,0.25,1.5,1.5,0.5,6,5,3,6,2,1,2,1018.87,4.68,56,3,0.537
10,40,5,30,TRUE,TRUE,0.25,1.25,1,0.5,6,5,3,5,2,1,2,559.4,4.68,58,1.497,0.149
10,40,5,30,FALSE,TRUE,0.25,1.25,1,0.5,6,5,3,5,2,1,2,1028.06,4.68,58,3,0.53
10,40,5,30,FALSE,TRUE,0.25,1.5,1.5,0.5,6,5,3,6,2,1,2,1018.87,4.68,56,3,0.537
15,30,4,20,TRUE,TRUE,0.25,1.25,1,0.5,6,5,3,5,2,1,2,573.02,4.68,68,1.297,0.186
15,40,4,30,TRUE,TRUE,0.25,1.5,1,0.5,6,7,3,7,2,1,2,640.84,4.68,70,1.297,0.267
15,40,4,30,TRUE,TRUE,0.25,1.5,1,0.5,6,7,3,8,2,1,2,640.84,4.68,70,1.297,0.267
15,40,4,30,FALSE,TRUE,0.25,1.5,1.25,0.5,6,7,3,5,2,1,2,1179.59,4.68,67,3,0.612
15,40,5,30,TRUE,TRUE,0.25,1,1,0.5,6,7,3,5,2,1,2,614.53,4.68,65,1.297,0.229
15,40,5,30,TRUE,TRUE,0.25,1,1.25,0.5,6,7,3,5,2,1,2,614.53,4.68,65,1.297,0.229
15,40,5,30,TRUE,TRUE,0.25,1,1.5,0.5,6,7,3,5,2,1,2,614.53,4.68,65,1.297,0.229
15,40,5,30,TRUE,TRUE,0.25,1.5,1.5,0.5,6,7,3,6,2,1,2,639.44,4.68,62,1.297,0.254
15,20,6,20,TRUE,TRUE,0.25,1,1,0.5,6,5,3,7,2,1,2,490,4.68,48,1.297,0.037
15,20,6,20,TRUE,TRUE,0.25,1,1,0.5,6,5,3,8,2,1,2,490,4.68,48,1.297,0.037
15,20,6,20,TRUE,TRUE,0.25,1,1.25,0.5,6,5,3,7,2,1,2,490,4.68,48,1.297,0.037
15,20,6,20,TRUE,TRUE,0.25,1,1.25,0.5,6,5,3,8,2,1,2,490,4.68,48,1.297,0.037
15,20,6,20,TRUE,TRUE,0.25,1,1.5,0.5,6,5,3,7,2,1,2,490,4.68,48,1.297,0.037
15,20,6,20,TRUE,TRUE,0.25,1,1.5,0.5,6,5,3,8,2,1,2,490,4.68,48,1.297,0.037
15,30,6,30,TRUE,TRUE,0.25,1,1,0.5,6,6,3,5,2,1,2,481.62,4.68,45,1.297,0.018
15,30,6,30,TRUE,TRUE,0.25,1,1.25,0.5,6,6,3,5,2,1,2,481.62,4.68,45,1.297,0.018
15,30,6,30,TRUE,TRUE,0.25,1,1.5,0.5,6,6,3,5,2,1,2,481.62,4.68,45,1.297,0.018
15,40,6,20,TRUE,TRUE,0.25,1.5,1.5,0.5,6,6,3,5,2,1,2,460.86,4.68,43,1.297,-0.018
10,20,4,30,TRUE,TRUE,0.25,1.5,1,0.5,6,7,3,7,2,1,2,647.78,4.67,73,1.497,0.284
10,20,4,30,TRUE,TRUE,0.25,1.5,1,0.5,6,7,3,8,2,1,2,647.78,4.67,73,1.497,0.284
10,40,4,20,FALSE,TRUE,0.25,1.25,1.5,0.5,6,5,3,5,2,1,2,1049.63,4.67,64,3,0.572
10,40,4,20,FALSE,TRUE,0.25,1.5,1,0.5,6,6,3,5,2,1,2,1058.94,4.67,65,3,0.577
10,40,4,30,TRUE,TRUE,0.25,1.25,1,0.5,6,5,3,7,2,1,2,597.6,4.67,69,1.497,0.226
10,40,4,30,TRUE,TRUE,0.25,1.25,1,0.5,6,5,3,8,2,1,2,597.6,4.67,69,1.497,0.226
10,40,4,30,TRUE,TRUE,0.25,1.25,1,0.5,6,6,3,7,2,1,2,597.6,4.67,69,1.497,0.226
10,40,4,30,TRUE,TRUE,0.25,1.25,1,0.5,6,6,3,8,2,1,2,597.6,4.67,69,1.497,0.226
10,20,5,30,TRUE,TRUE,0.25,1,1,0.5,6,7,3,5,2,1,2,589.4,4.67,66,1.497,0.203
10,20,5,30,TRUE,TRUE,0.25,1.5,1.25,0.5,6,4,3,5,2,1,2,529.67,4.67,56,1.497,0.111
10,30,5,20,TRUE,TRUE,0.25,1,1.25,0.5,6,5,3,5,2,1,2,576.03,4.67,61,1.497,0.175
10,30,5,20,TRUE,TRUE,0.25,1,1.5,0.5,6,5,3,5,2,1,2,576.03,4.67,61,1.497,0.175
10,30,5,20,TRUE,TRUE,0.25,1.5,1.25,0.5,6,7,3,7,2,1,2,671.8,4.67,68,1.497,0.299
10,30,5,20,TRUE,TRUE,0.25,1.5,1.25,0.5,6,7,3,8,2,1,2,671.8,4.67,68,1.497,0.299
10,30,5,20,TRUE,TRUE,0.25,1.5,1.5,0.5,6,5,3,6,2,1,2,558.98,4.67,58,1.497,0.157
10,30,5,30,TRUE,TRUE,0.25,1.5,1.25,0.5,6,6,3,5,2,1,2,556.96,4.67,58,1.497,0.152
10,40,5,20,TRUE,TRUE,0.25,1.25,1,0.5,6,6,3,5,2,1,2,560.49,4.67,60,1.497,0.152
10,40,5,20,FALSE,TRUE,0.25,1,1,0.5,6,5,3,5,2,1,2,1056.05,4.67,59,3,0.547
10,40,5,20,FALSE,TRUE,0.25,1.5,1.5,0.5,6,7,3,7,2,1,2,1228.55,4.67,66,3,0.638
10,40,5,20,FALSE,TRUE,0.25,1.5,1.5,0.5,6,7,3,8,2,1,2,1228.55,4.67,66,3,0.638
10,40,5,30,FALSE,TRUE,0.25,1,1,0.5,6,5,3,5,2,1,2,1056.05,4.67,59,3,0.547
10,40,5,30,FALSE,TRUE,0.25,1.5,1.5,0.5,6,7,3,7,2,1,2,1228.55,4.67,66,3,0.638
10,40,5,30,FALSE,TRUE,0.25,1.5,1.5,0.5,6,7,3,8,2,1,2,1228.55,4.67,66,3,0.638
15,20,4,30,TRUE,TRUE,0.25,1.5,1.25,0.5,6,7,3,5,2,1,2,610.45,4.67,68,1.297,0.23
15,30,4,20,TRUE,TRUE,0.25,1.5,1.5,0.5,6,7,3,5,2,1,2,632.11,4.67,69,1.297,0.257
15,40,4,30,TRUE,TRUE,0.25,1.25,1,0.5,6,5,3,5,2,1,2,566.79,4.67,65,1.297,0.175
15,40,5,20,TRUE,TRUE,0.25,1,1,0.5,6,5,3,5,2,1,2,577.21,4.67,60,1.297,0.174
15,40,5,20,TRUE,TRUE,0.25,1,1.25,0.5,6,5,3,5,2,1,2,577.21,4.67,60,1.297,0.174
15,40,5,20,TRUE,TRUE,0.25,1,1.5,0.5,6,5,3,5,2,1,2,577.21,4.67,60,1.297,0.174
15,40,5,20,TRUE,TRUE,0.25,1.25,1,0.5,6,5,3,5,2,1,2,563.33,4.67,59,1.297,0.155
15,40,5,20,TRUE,TRUE,0.25,1.5,1.5,0.5,6,6,3,5,2,1,2,555.12,4.67,56,1.297,0.148
15,40,5,20,FALSE,TRUE,0.25,1,1,0.5,6,7,3,5,2,1,2,1141.25,4.67,65,3,0.585
15,40,5,20,FALSE,TRUE,0.25,1,1.25,0.5,6,7,3,5,2,1,2,1141.25,4.67,65,3,0.585
15,40,5,20,FALSE,TRUE,0.25,1,1.5,0.5,6,7,3,5,2,1,2,1141.25,4.67,65,3,0.585
15,40,5,20,FALSE,TRUE,0.25,1.25,1,0.5,6,7,3,5,2,1,2,1107.38,4.67,63,3,0.564
15,40,5,20,FALSE,TRUE,0.25,1.5,1.5,0.5,6,4,3,5,2,1,2,1009.69,4.67,54,3,0.523
15,40,5,30,FALSE,TRUE,0.25,1,1,0.5,6,7,3,5,2,1,2,1141.25,4.67,65,3,0.585
15,40,5,30,FALSE,TRUE,0.25,1,1.25,0.5,6,7,3,5,2,1,2,1141.25,4.67,65,3,0.585
15,40,5,30,FALSE,TRUE,0.25,1,1.5,0.5,6,7,3,5,2,1,2,1141.25,4.67,65,3,0.585
15,40,5,30,FALSE,TRUE,0.25,1.25,1,0.5,6,7,3,5,2,1,2,1107.38,4.67,63,3,0.564
15,40,5,30,FALSE,TRUE,0.25,1.5,1.5,0.5,6,4,3,5,2,1,2,1009.69,4.67,54,3,0.523
15,20,6,20,TRUE,TRUE,0.25,1.5,1,0.5,6,4,3,5,2,1,2,455.98,4.67,42,1.297,-0.031
15,30,6,30,TRUE,TRUE,0.25,1,1,0.5,6,7,3,5,2,1,2,490.71,4.67,48,1.297,0.039
15,30,6,30,TRUE,TRUE,0.25,1,1.25,0.5,6,7,3,5,2,1,2,490.71,4.67,48,1.297,0.039
15,30,6,30,TRUE,TRUE,0.25,1,1.5,0.5,6,7,3,5,2,1,2,490.71,4.67,48,1.297,0.039
10,20,4,20,TRUE,TRUE,0.25,1.5,1.25,0.5,6,7,3,5,2,1,2,609.37,4.66,70,1.497,0.231
10,30,4,20,TRUE,TRUE,0.25,1,1,0.5,6,5,3,5,2,1,2,582.34,4.66,69,1.497,0.199
10,30,4,20,TRUE,TRUE,0.25,1,1.25,0.5,6,5,3,5,2,1,2,581.55,4.66,69,1.497,0.198
10,30,4,20,TRUE,TRUE,0.25,1,1.5,0.5,6,5,3,5,2,1,2,581.55,4.66,69,1.497,0.198
10,40,4,20,TRUE,TRUE,0.25,1.25,1,0.5,6,5,3,6,2,1,2,566.81,4.66,67,1.497,0.177
10,20,5,20,TRUE,TRUE,0.25,1.25,1,0.5,6,5,3,5,2,1,2,537.73,4.66,60,1.497,0.121
10,20,5,30,TRUE,TRUE,0.25,1,1.25,0.5,6,7,3,5,2,1,2,588.6,4.66,66,1.497,0.201
10,20,5,30,TRUE,TRUE,0.25,1,1.5,0.5,6,7,3,5,2,1,2,588.6,4.66,66,1.497,0.201
10,30,5,20,TRUE,TRUE,0.25,1.5,1,0.5,6,7,3,6,2,1,2,641.93,4.66,66,1.497,0.256
10,40,5,20,FALSE,TRUE,0.25,1,1.25,0.5,6,5,3,5,2,1,2,1054.42,4.66,59,3,0.545
10,40,5,20,FALSE,TRUE,0.25,1,1.5,0.5,6,5,3,5,2,1,2,1054.42,4.66,59,3,0.545
10,40,5,20,FALSE,TRUE,0.25,1.5,1.5,0.5,6,7,3,6,2,1,2,1161.53,4.66,63,3,0.6
10,40,5,30,FALSE,TRUE,0.25,1,1.25,0.5,6,5,3,5,2,1,2,1054.42,4.66,59,3,0.545
10,40,5,30,FALSE,TRUE,0.25,1,1.5,0.5,6,5,3,5,2,1,2,1054.42,4.66,59,3,0.545
10,40,5,30,FALSE,TRUE,0.25,1.5,1.5,0.5,6,7,3,6,2,1,2,1161.53,4.66,63,3,0.6
15,40,4,20,FALSE,TRUE,0.25,1.25,1,0.5,6,7,3,5,2,1,2,1142.91,4.66,70,3,0.601
15,40,4,30,TRUE,TRUE,0.25,1.5,1,0.5,6,7,3,6,2,1,2,636.88,4.66,69,1.297,0.26
15,40,5,20,TRUE,TRUE,0.25,1.5,1,0.5,6,7,3,6,2,1,2,641.87,4.66,64,1.297,0.253
15,20,6,20,TRUE,TRUE,0.25,1,1.25,0.5,6,5,3,6,2,1,2,486.57,4.66,47,1.297,0.03
15,20,6,20,TRUE,TRUE,0.25,1,1.5,0.5,6,5,3,6,2,1,2,486.57,4.66,47,1.297,0.03
15,20,6,20,FALSE,TRUE,0.25,1,1,0.5,6,6,3,5,2,1,2,805.82,4.66,45,3,0.401
15,20,6,20,FALSE,TRUE,0.25,1,1.25,0.5,6,6,3,5,2,1,2,805.82,4.66,45,3,0.401
15,20,6,20,FALSE,TRUE,0.25,1,1.5,0.5,6,6,3,5,2,1,2,805.82,4.66,45,3,0.401
15,20,6,30,FALSE,TRUE,0.25,1,1,0.5,6,6,3,5,2,1,2,805.82,4.66,45,3,0.401
15,20,6,30,FALSE,TRUE,0.25,1,1.25,0.5,6,6,3,5,2,1,2,805.82,4.66,45,3,0.401
15,20,6,30,FALSE,TRUE,0.25,1,1.5,0.5,6,6,3,5,2,1,2,805.82,4.66,45,3,0.401
15,30,6,20,FALSE,TRUE,0.25,1,1,0.5,6,6,3,5,2,1,2,805.82,4.66,45,3,0.401
15,30,6,20,FALSE,TRUE,0.25,1,1.25,0.5,6,6,3,5,2,1,2,805.82,4.66,45,3,0.401
15,30,6,20,FALSE,TRUE,0.25,1,1.5,0.5,6,6,3,5,2,1,2,805.82,4.66,45,3,0.401
15,30,6,30,TRUE,TRUE,0.25,1.5,1.25,0.5,6,6,3,5,2,1,2,463.13,4.66,43,1.297,-0.012
15,30,6,30,FALSE,TRUE,0.25,1,1,0.5,6,6,3,5,2,1,2,805.82,4.66,45,3,0.401
15,30,6,30,FALSE,TRUE,0.25,1,1.25,0.5,6,6,3,5,2,1,2,805.82,4.66,45,3,0.401
15,30,6,30,FALSE,TRUE,0.25,1,1.5,0.5,6,6,3,5,2,1,2,805.82,4.66,45,3,0.401
15,40,6,20,FALSE,TRUE,0.25,1,1,0.5,6,6,3,5,2,1,2,805.82,4.66,45,3,0.401
15,40,6,20,FALSE,TRUE,0.25,1,1.25,0.5,6,6,3,5,2,1,2,805.82,4.66,45,3,0.401
15,40,6,20,FALSE,TRUE,0.25,1,1.5,0.5,6,6,3,5,2,1,2,805.82,4.66,45,3,0.401
15,40,6,30,TRUE,TRUE,0.25,1,1,0.5,6,6,3,5,2,1,2,481.02,4.66,45,1.297,0.017
15,40,6,30,TRUE,TRUE,0.25,1,1.25,0.5,6,6,3,5,2,1,2,481.02,4.66,45,1.297,0.017
15,40,6,30,TRUE,TRUE,0.25,1,1.5,0.5,6,6,3,5,2,1,2,481.02,4.66,45,1.297,0.017
15,40,6,30,FALSE,TRUE,0.25,1,1,0.5,6,6,3,5,2,1,2,805.82,4.66,45,3,0.401
15,40,6,30,FALSE,TRUE,0.25,1,1.25,0.5,6,6,3,5,2,1,2,805.82,4.66,45,3,0.401
15,40,6,30,FALSE,TRUE,0.25,1,1.5,0.5,6,6,3,5,2,1,2,805.82,4.66,45,3,0.401
10,20,4,30,FALSE,TRUE,0.25,1.25,1,0.5,6,7,3,5,2,1,2,1129.87,4.65,69,3,0.596
10,30,4,30,FALSE,TRUE,0.25,1.25,1,0.5,6,7,3,5,2,1,2,1129.87,4.65,69,3,0.596
10,40,4,20,TRUE,TRUE,0.25,1.25,1.5,0.5,6,6,3,5,2,1,2,554.71,4.65,65,1.497,0.161
10,40,4,20,TRUE,TRUE,0.25,1.25,1.5,0.5,6,7,3,5,2,1,2,580.74,4.65,68,1.497,0.199
10,40,4,20,FALSE,TRUE,0.25,1.5,1.25,0.5,6,7,3,5,2,1,2,1178.3,4.65,69,3,0.616
10,40,4,30,TRUE,TRUE,0.25,1.5,1.25,0.5,6,4,3,5,2,1,2,543.24,4.65,61,1.497,0.138
10,40,4,30,FALSE,TRUE,0.25,1.5,1.5,0.5,6,6,3,5,2,1,2,1034.78,4.65,62,3,0.563
10,20,5,20,TRUE,TRUE,0.25,1.5,1.25,0.5,6,6,3,5,2,1,2,530.25,4.65,58,1.497,0.114
10,20,5,20,TRUE,TRUE,0.25,1.5,1.5,0.5,6,7,3,6,2,1,2,611.68,4.65,64,1.497,0.226
10,20,5,30,TRUE,TRUE,0.25,1.5,1.5,0.5,6,7,3,7,2,1,2,647.25,4.65,67,1.497,0.277
10,20,5,30,TRUE,TRUE,0.25,1.5,1.5,0.5,6,7,3,8,2,1,2,647.25,4.65,67,1.497,0.277
10,30,5,30,TRUE,TRUE,0.25,1.5,1.5,0.5,6,5,3,7,2,1,2,594.17,4.65,61,1.497,0.214
10,30,5,30,TRUE,TRUE,0.25,1.5,1.5,0.5,6,5,3,8,2,1,2,594.17,4.65,61,1.497,0.214
10,40,5,30,TRUE,TRUE,0.25,1,1,0.5,6,5,3,5,2,1,2,572.49,4.65,59,1.497,0.167
10,40,5,30,TRUE,TRUE,0.25,1,1.25,0.5,6,5,3,5,2,1,2,571.69,4.65,59,1.497,0.166
10,40,5,30,TRUE,TRUE,0.25,1,1.5,0.5,6,5,3,5,2,1,2,571.69,4.65,59,1.497,0.166
10,40,5,30,TRUE,TRUE,0.25,1.5,1.25,0.5,6,4,3,7,2,1,2,588.06,4.65,59,1.497,0.199
10,40,5,30,TRUE,TRUE,0.25,1.5,1.25,0.5,6,4,3,8,2,1,2,588.06,4.65,59,1.497,0.199
15,30,4,30,TRUE,TRUE,0.25,1.25,1,0.5,6,6,3,5,2,1,2,568.21,4.65,67,1.297,0.178
15,40,4,20,TRUE,TRUE,0.25,1.5,1,0.5,6,5,3,5,2,1,2,564.17,4.65,65,1.297,0.173
15,40,4,20,FALSE,TRUE,0.25,1.5,1.5,0.5,6,7,3,5,2,1,2,1181.74,4.65,68,3,0.619
15,40,4,30,TRUE,TRUE,0.25,1.25,1.5,0.5,6,7,3,5,2,1,2,582.5,4.65,66,1.297,0.199
15,30,5,20,TRUE,TRUE,0.25,1.5,1.5,0.5,6,5,3,5,2,1,2,554.58,4.65,56,1.297,0.147
15,40,5,20,TRUE,TRUE,0.25,1.5,1.25,0.5,6,7,3,7,2,1,2,640.89,4.65,64,1.297,0.255
15,40,5,20,TRUE,TRUE,0.25,1.5,1.25,0.5,6,7,3,8,2,1,2,640.89,4.65,64,1.297,0.255
15,40,5,30,TRUE,TRUE,0.25,1.5,1,0.5,6,5,3,5,2,1,2,560.76,4.65,57,1.297,0.153
15,40,5,30,TRUE,TRUE,0.25,1.5,1.5,0.5,6,4,3,5,2,1,2,552.91,4.65,54,1.297,0.141
15,20,6,20,FALSE,TRUE,0.25,1.5,1.25,0.5,6,4,3,5,2,1,2,764.02,4.65,41,3,0.364
15,20,6,30,FALSE,TRUE,0.25,1.5,1.25,0.5,6,4,3,5,2,1,2,764.02,4.65,41,3,0.364
15,30,6,20,FALSE,TRUE,0.25,1.5,1.25,0.5,6,4,3,5,2,1,2,764.02,4.65,41,3,0.364
15,30,6,30,FALSE,TRUE,0.25,1.5,1.25,0.5,6,4,3,5,2,1,2,764.02,4.65,41,3,0.364
15,40,6,20,FALSE,TRUE,0.25,1.5,1.25,0.5,6,4,3,5,2,1,2,764.02,4.65,41,3,0.364
15,40,6,30,TRUE,TRUE,0.25,1,1,0.5,6,7,3,5,2,1,2,490.11,4.65,48,1.297,0.038
15,40,6,30,TRUE,TRUE,0.25,1,1.25,0.5,6,7,3,5,2,1,2,490.11,4.65,48,1.297,0.038
15,40,6,30,TRUE,TRUE,0.25,1,1.5,0.5,6,7,3,5,2,1,2,490.11,4.65,48,1.297,0.038
15,40,6,30,FALSE,TRUE,0.25,1.5,1.25,0.5,6,4,3,5,2,1,2,764.02,4.65,41,3,0.364
10,20,4,20,FALSE,TRUE,0.25,1.25,1,0.5,6,5,3,5,2,1,2,1073.23,4.64,67,3,0.58
10,20,4,20,FALSE,TRUE,0.25,1.5,1,0.5,6,5,3,5,2,1,2,1056.98,4.64,65,3,0.575
10,30,4,20,TRUE,TRUE,0.25,1.5,1.5,0.5,6,5,3,5,2,1,2,551.29,4.64,64,1.497,0.156
10,30,4,20,FALSE,TRUE,0.25,1.25,1,0.5,6,5,3,5,2,1,2,1073.23,4.64,67,3,0.58
10,30,4,20,FALSE,TRUE,0.25,1.5,1,0.5,6,5,3,5,2,1,2,1056.98,4.64,65,3,0.575
10,40,4,20,FALSE,TRUE,0.25,1.25,1,0.5,6,4,3,5,2,1,2,1062.47,4.64,65,3,0.572
10,40,4,30,TRUE,TRUE,0.25,1.25,1.25,0.5,6,6,3,5,2,1,2,550.41,4.64,64,1.497,0.153
10,40,4,30,TRUE,TRUE,0.25,1.25,1.25,0.5,6,7,3,5,2,1,2,576.44,4.64,67,1.497,0.191
10,40,4,30,FALSE,TRUE,0.25,1.25,1.5,0.5,6,6,3,5,2,1,2,1039.7,4.64,63,3,0.565
10,40,5,20,TRUE,TRUE,0.25,1.5,1.25,0.5,6,6,3,6,2,1,2,557.44,4.64,59,1.497,0.152
10,40,5,30,TRUE,TRUE,0.25,1.5,1,0.5,6,6,3,7,2,1,2,597.36,4.64,63,1.497,0.214
10,40,5,30,TRUE,TRUE,0.25,1.5,1,0.5,6,6,3,8,2,1,2,597.36,4.64,63,1.497,0.214
15,40,4,20,TRUE,TRUE,0.25,1,1,0.5,6,5,3,5,2,1,2,585.71,4.64,69,1.297,0.202
15,40,4,20,TRUE,TRUE,0.25,1,1.25,0.5,6,5,3,5,2,1,2,585.71,4.64,69,1.297,0.202
15,40,4,20,TRUE,TRUE,0.25,1,1.5,0.5,6,5,3,5,2,1,2,585.71,4.64,69,1.297,0.202
15,30,5,30,TRUE,TRUE,0.25,1,1,0.5,6,7,3,5,2,1,2,613.15,4.64,66,1.297,0.227
15,30,5,30,TRUE,TRUE,0.25,1,1.25,0.5,6,7,3,5,2,1,2,613.15,4.64,66,1.297,0.227
15,30,5,30,TRUE,TRUE,0.25,1,1.5,0.5,6,7,3,5,2,1,2,613.15,4.64,66,1.297,0.227
15,40,5,20,TRUE,TRUE,0.25,1.25,1.5,0.5,6,7,3,5,2,1,2,586.79,4.64,61,1.297,0.194
15,20,6,20,TRUE,TRUE,0.25,1.25,1.25,0.5,6,5,3,5,2,1,2,457.78,4.64,44,1.297,-0.026
15,20,6,20,TRUE,TRUE,0.25,1.25,1.5,0.5,6,5,3,5,2,1,2,457.78,4.64,44,1.297,-0.026
15,30,6,20,TRUE,TRUE,0.25,1,1,0.5,6,4,3,5,2,1,2,476.36,4.64,44,1.297,0.006
15,30,6,20,TRUE,TRUE,0.25,1,1.25,0.5,6,4,3,5,2,1,2,476.36,4.64,44,1.297,0.006
15,30,6,20,TRUE,TRUE,0.25,1,1.5,0.5,6,4,3,5,2,1,2,476.36,4.64,44,1.297,0.006
15,30,6,20,TRUE,TRUE,0.25,1.25,1,0.5,6,6,3,5,2,1,2,464.66,4.64,45,1.297,-0.014
15,30,6,30,TRUE,TRUE,0.25,1.5,1,0.5,6,6,3,5,2,1,2,466,4.64,44,1.297,-0.009
15,30,6,30,TRUE,TRUE,0.25,1.5,1.5,0.5,6,6,3,5,2,1,2,461.33,4.64,43,1.297,-0.016
10,20,4,20,TRUE,TRUE,0.25,1,1,0.5,6,5,3,5,2,1,2,561.59,4.63,69,1.497,0.171
10,20,4,20,TRUE,TRUE,0.25,1,1.25,0.5,6,5,3,5,2,1,2,560.79,4.63,69,1.497,0.17
10,20,4,20,TRUE,TRUE,0.25,1,1.5,0.5,6,5,3,5,2,1,2,560.79,4.63,69,1.497,0.17
10,30,4,30,TRUE,TRUE,0.25,1.5,1.5,0.5,6,6,3,5,2,1,2,547.65,4.63,63,1.497,0.149
10,40,4,30,TRUE,TRUE,0.25,1.5,1.25,0.5,6,7,3,7,2,1,2,657.38,4.63,72,1.497,0.29
10,40,4,30,TRUE,TRUE,0.25,1.5,1.25,0.5,6,7,3,8,2,1,2,657.38,4.63,72,1.497,0.29
10,40,4,30,FALSE,TRUE,0.25,1,1,0.5,6,6,3,5,2,1,2,1093.02,4.63,67,3,0.592
10,40,4,30,FALSE,TRUE,0.25,1.5,1.5,0.5,6,5,3,5,2,1,2,1028.07,4.63,61,3,0.558
10,20,5,20,TRUE,TRUE,0.25,1,1,0.5,6,5,3,5,2,1,2,550.42,4.63,61,1.497,0.141
10,20,5,20,FALSE,TRUE,0.25,1.25,1,0.5,6,5,3,5,2,1,2,1030.38,4.63,60,3,0.534
10,20,5,30,FALSE,TRUE,0.25,1.25,1,0.5,6,5,3,5,2,1,2,1030.38,4.63,60,3,0.534
10,30,5,20,TRUE,TRUE,0.25,1.5,1,0.5,6,4,3,5,2,1,2,552.29,4.63,57,1.497,0.141
10,30,5,20,TRUE,TRUE,0.25,1.5,1,0.5,6,5,3,7,2,1,2,597.07,4.63,63,1.497,0.214
10,30,5,20,TRUE,TRUE,0.25,1.5,1,0.5,6,5,3,8,2,1,2,597.07,4.63,63,1.497,0.214
10,30,5,20,TRUE,TRUE,0.25,1.5,1.25,0.5,6,7,3,6,2,1,2,636.39,4.63,65,1.497,0.25
10,30,5,20,FALSE,TRUE,0.25,1.25,1,0.5,6,5,3,5,2,1,2,1030.38,4.63,60,3,0.534
10,30,5,30,TRUE,TRUE,0.25,1.5,1,0.5,6,7,3,7,2,1,2,676.26,4.63,69,1.497,0.303
10,30,5,30,TRUE,TRUE,0.25,1.5,1,0.5,6,7,3,8,2,1,2,676.26,4.63,69,1.497,0.303
10,30,5,30,FALSE,TRUE,0.25,1.25,1,0.5,6,5,3,5,2,1,2,1030.38,4.63,60,3,0.534
10,40,5,20,FALSE,TRUE,0.25,1.5,1.5,0.5,6,4,3,6,2,1,2,1011.01,4.63,55,3,0.528
10,40,5,20,FALSE,TRUE,0.25,1.5,1.5,0.5,6,4,3,7,2,1,2,1078.04,4.63,58,3,0.572
10,40,5,20,FALSE,TRUE,0.25,1.5,1.5,0.5,6,4,3,8,2,1,2,1078.04,4.63,58,3,0.572
10,40,5,30,TRUE,TRUE,0.25,1,1,0.5,6,6,3,5,2,1,2,577.49,4.63,61,1.497,0.179
10,40,5,30,TRUE,TRUE,0.25,1,1.25,0.5,6,6,3,5,2,1,2,576.7,4.63,61,1.497,0.177
10,40,5,30,TRUE,TRUE,0.25,1,1.5,0.5,6,6,3,5,2,1,2,576.7,4.63,61,1.497,0.177
10,40,5,30,FALSE,TRUE,0.25,1.5,1.5,0.5,6,4,3,6,2,1,2,1011.01,4.63,55,3,0.528
10,40,5,30,FALSE,TRUE,0.25,1.5,1.5,0.5,6,4,3,7,2,1,2,1078.04,4.63,58,3,0.572
10,40,5,30,FALSE,TRUE,0.25,1.5,1.5,0.5,6,4,3,8,2,1,2,1078.04,4.63,58,3,0.572
15,20,4,20,TRUE,TRUE,0.25,1.25,1,0.5,6,7,3,5,2,1,2,577.18,4.63,71,1.297,0.194
15,20,4,20,TRUE,TRUE,0.25,1.5,1.5,0.5,6,7,3,5,2,1,2,611.11,4.63,69,1.297,0.233
15,30,4,30,TRUE,TRUE,0.25,1.25,1,0.5,6,5,3,5,2,1,2,565.41,4.63,66,1.297,0.173
15,40,4,30,TRUE,TRUE,0.25,1.5,1,0.5,6,6,3,5,2,1,2,560.53,4.63,64,1.297,0.166
15,20,5,20,TRUE,TRUE,0.25,1,1,0.5,6,7,3,5,2,1,2,586.29,4.63,66,1.297,0.195
15,20,5,20,TRUE,TRUE,0.25,1,1.25,0.5,6,7,3,5,2,1,2,586.29,4.63,66,1.297,0.195
15,20,5,20,TRUE,TRUE,0.25,1,1.5,0.5,6,7,3,5,2,1,2,586.29,4.63,66,1.297,0.195
15,30,5,20,TRUE,TRUE,0.25,1,1,0.5,6,5,3,5,2,1,2,575.65,4.63,61,1.297,0.172
15,30,5,20,TRUE,TRUE,0.25,1,1.25,0.5,6,5,3,5,2,1,2,575.65,4.63,61,1.297,0.172
15,30,5,20,TRUE,TRUE,0.25,1,1.5,0.5,6,5,3,5,2,1,2,575.65,4.63,61,1.297,0.172
15,30,5,20,TRUE,TRUE,0.25,1.25,1,0.5,6,5,3,5,2,1,2,561.77,4.63,60,1.297,0.152
15,40,5,20,TRUE,TRUE,0.25,1.5,1.25,0.5,6,7,3,6,2,1,2,637.12,4.63,63,1.297,0.249
15,40,5,30,TRUE,TRUE,0.25,1.25,1,0.5,6,7,3,5,2,1,2,595.82,4.63,63,1.297,0.203
15,40,5,30,TRUE,TRUE,0.25,1.5,1.25,0.5,6,5,3,5,2,1,2,556.63,4.63,56,1.297,0.148
15,20,6,20,FALSE,TRUE,0.25,1.5,1.5,0.5,6,4,3,5,2,1,2,761.43,4.63,41,3,0.364
15,20,6,30,FALSE,TRUE,0.25,1.5,1.5,0.5,6,4,3,5,2,1,2,761.43,4.63,41,3,0.364
15,30,6,20,TRUE,TRUE,0.25,1,1,0.5,6,5,3,7,2,1,2,492.2,4.63,48,1.297,0.041
15,30,6,20,TRUE,TRUE,0.25,1,1,0.5,6,5,3,8,2,1,2,492.2,4.63,48,1.297,0.041
15,30,6,20,TRUE,TRUE,0.25,1,1.25,0.5,6,5,3,7,2,1,2,492.2,4.63,48,1.297,0.041
15,30,6,20,TRUE,TRUE,0.25,1,1.25,0.5,6,5,3,8,2,1,2,492.2,4.63,48,1.297,0.041
15,30,6,20,TRUE,TRUE,0.25,1,1.5,0.5,6,5,3,7,2,1,2,492.2,4.63,48,1.297,0.041
15,30,6,20,TRUE,TRUE,0.25,1,1.5,0.5,6,5,3,8,2,1,2,492.2,4.63,48,1.297,0.041
15,30,6,20,FALSE,TRUE,0.25,1.5,1.5,0.5,6,4,3,5,2,1,2,761.43,4.63,41,3,0.364
15,30,6,30,FALSE,TRUE,0.25,1.5,1.5,0.5,6,4,3,5,2,1,2,761.43,4.63,41,3,0.364
15,40,6,20,FALSE,TRUE,0.25,1.5,1.5,0.5,6,4,3,5,2,1,2,761.43,4.63,41,3,0.364
15,40,6,30,TRUE,TRUE,0.25,1.5,1.25,0.5,6,6,3,5,2,1,2,462.52,4.63,43,1.297,-0.013
15,40,6,30,FALSE,TRUE,0.25,1.5,1.5,0.5,6,4,3,5,2,1,2,761.43,4.63,41,3,0.364
10,20,4,20,TRUE,TRUE,0.25,1.5,1,0.5,6,6,3,5,2,1,2,539.84,4.62,66,1.497,0.14
10,20,4,30,TRUE,TRUE,0.25,1.5,1,0.5,6,7,3,6,2,1,2,612.6,4.62,70,1.497,0.235
10,40,4,20,TRUE,TRUE,0.25,1.5,1.25,0.5,6,6,3,5,2,1,2,550.21,4.62,65,1.497,0.152
10,40,4,20,TRUE,TRUE,0.25,1.5,1.5,0.5,6,7,3,7,2,1,2,658.51,4.62,73,1.497,0.295
10,40,4,20,TRUE,TRUE,0.25,1.5,1.5,0.5,6,7,3,8,2,1,2,658.51,4.62,73,1.497,0.295
10,40,4,20,FALSE,TRUE,0.25,1.25,1.5,0.5,6,4,3,5,2,1,2,1041.78,4.62,63,3,0.563
10,40,4,20,FALSE,TRUE,0.25,1.5,1.5,0.5,6,4,3,5,2,1,2,1034.96,4.62,62,3,0.56
10,40,4,30,TRUE,TRUE,0.25,1.25,1,0.5,6,6,3,6,2,1,2,561.82,4.62,66,1.497,0.169
10,40,4,30,TRUE,TRUE,0.25,1.25,1.25,0.5,6,5,3,5,2,1,2,547.61,4.62,63,1.497,0.148
10,40,4,30,FALSE,TRUE,0.25,1,1.25,0.5,6,6,3,5,2,1,2,1091.39,4.62,67,3,0.59
10,40,4,30,FALSE,TRUE,0.25,1,1.5,0.5,6,6,3,5,2,1,2,1091.39,4.62,67,3,0.59
10,20,5,20,TRUE,TRUE,0.25,1,1.25,0.5,6,5,3,5,2,1,2,549.62,4.62,61,1.497,0.139
10,20,5,20,TRUE,TRUE,0.25,1,1.5,0.5,6,5,3,5,2,1,2,549.62,4.62,61,1.497,0.139
10,20,5,20,TRUE,TRUE,0.25,1.5,1,0.5,6,7,3,7,2,1,2,649.25,4.62,69,1.497,0.275
10,20,5,20,TRUE,TRUE,0.25,1.5,1,0.5,6,7,3,8,2,1,2,649.25,4.62,69,1.497,0.275
10,20,5,20,TRUE,TRUE,0.25,1.5,1.5,0.5,6,5,3,7,2,1,2,566.66,4.62,61,1.497,0.177
10,20,5,20,TRUE,TRUE,0.25,1.5,1.5,0.5,6,5,3,8,2,1,2,566.66,4.62,61,1.497,0.177
10,20,5,30,TRUE,TRUE,0.25,1.5,1,0.5,6,6,3,5,2,1,2,534.72,4.62,59,1.497,0.12
10,30,5,20,TRUE,TRUE,0.25,1,1,0.5,6,6,3,5,2,1,2,577.85,4.62,62,1.497,0.18
10,30,5,20,TRUE,TRUE,0.25,1,1.25,0.5,6,6,3,5,2,1,2,577.06,4.62,62,1.497,0.178
10,30,5,20,TRUE,TRUE,0.25,1,1.5,0.5,6,6,3,5,2,1,2,577.06,4.62,62,1.497,0.178
15,40,5,20,TRUE,TRUE,0.25,1,1,0.5,6,6,3,5,2,1,2,578.24,4.62,61,1.297,0.178
15,40,5,20,TRUE,TRUE,0.25,1,1.25,0.5,6,6,3,5,2,1,2,578.24,4.62,61,1.297,0.178
15,40,5,20,TRUE,TRUE,0.25,1,1.5,0.5,6,6,3,5,2,1,2,578.24,4.62,61,1.297,0.178
15,40,5,20,FALSE,TRUE,0.25,1.5,1,0.5,6,5,3,5,2,1,2,1020.09,4.62,57,3,0.526
15,40,5,30,FALSE,TRUE,0.25,1.5,1,0.5,6,5,3,5,2,1,2,1020.09,4.62,57,3,0.526
15,20,6,20,TRUE,TRUE,0.25,1.25,1,0.5,6,7,3,5,2,1,2,466.03,4.62,47,1.297,-0.009
15,20,6,20,FALSE,TRUE,0.25,1,1,0.5,6,4,3,5,2,1,2,799.58,4.62,44,3,0.39
15,20,6,20,FALSE,TRUE,0.25,1,1.25,0.5,6,4,3,5,2,1,2,799.58,4.62,44,3,0.39
15,20,6,20,FALSE,TRUE,0.25,1,1.5,0.5,6,4,3,5,2,1,2,799.58,4.62,44,3,0.39
15,20,6,30,FALSE,TRUE,0.25,1,1,0.5,6,4,3,5,2,1,2,799.58,4.62,44,3,0.39
15,20,6,30,FALSE,TRUE,0.25,1,1.25,0.5,6,4,3,5,2,1,2,799.58,4.62,44,3,0.39
15,20,6,30,FALSE,TRUE,0.25,1,1.5,0.5,6,4,3,5,2,1,2,799.58,4.62,44,3,0.39
15,30,6,20,FALSE,TRUE,0.25,1,1,0.5,6,4,3,5,2,1,2,799.58,4.62,44,3,0.39
15,30,6,20,FALSE,TRUE,0.25,1,1.25,0.5,6,4,3,5,2,1,2,799.58,4.62,44,3,0.39
15,30,6,20,FALSE,TRUE,0.25,1,1.5,0.5,6,4,3,5,2,1,2,799.58,4.62,44,3,0.39
15,30,6,30,FALSE,TRUE,0.25,1,1,0.5,6,4,3,5,2,1,2,799.58,4.62,44,3,0.39
15,30,6,30,FALSE,TRUE,0.25,1,1.25,0.5,6,4,3,5,2,1,2,799.58,4.62,44,3,0.39
15,30,6,30,FALSE,TRUE,0.25,1,1.5,0.5,6,4,3,5,2,1,2,799.58,4.62,44,3,0.39
15,40,6,20,TRUE,TRUE,0.25,1,1,0.5,6,4,3,5,2,1,2,475.76,4.62,44,1.297,0.004
15,40,6,20,TRUE,TRUE,0.25,1,1.25,0.5,6,4,3,5,2,1,2,475.76,4.62,44,1.297,0.004
15,40,6,20,TRUE,TRUE,0.25,1,1.5,0.5,6,4,3,5,2,1,2,475.76,4.62,44,1.297,0.004
15,40,6,20,TRUE,TRUE,0.25,1.25,1,0.5,6,6,3,5,2,1,2,464.05,4.62,45,1.297,-0.015
15,40,6,20,FALSE,TRUE,0.25,1,1,0.5,6,4,3,5,2,1,2,799.58,4.62,44,3,0.39
15,40,6,20,FALSE,TRUE,0.25,1,1.25,0.5,6,4,3,5,2,1,2,799.58,4.62,44,3,0.39
15,40,6,20,FALSE,TRUE,0.25,1,1.5,0.5,6,4,3,5,2,1,2,799.58,4.62,44,3,0.39
15,40,6,30,TRUE,TRUE,0.25,1.5,1.5,0.5,6,6,3,5,2,1,2,460.72,4.62,43,1.297,-0.017
15,40,6,30,FALSE,TRUE,0.25,1,1,0.5,6,4,3,5,2,1,2,799.58,4.62,44,3,0.39
15,40,6,30,FALSE,TRUE,0.25,1,1.25,0.5,6,4,3,5,2,1,2,799.58,4.62,44,3,0.39
15,40,6,30,FALSE,TRUE,0.25,1,1.5,0.5,6,4,3,5,2,1,2,799.58,4.62,44,3,0.39
10,20,4,30,FALSE,TRUE,0.25,1.25,1,0.5,6,6,3,5,2,1,2,1063.3,4.61,66,3,0.573
10,20,4,30,FALSE,TRUE,0.25,1.5,1,0.5,6,6,3,5,2,1,2,1048.93,4.61,64,3,0.569
10,30,4,30,TRUE,TRUE,0.25,1.5,1.5,0.5,6,5,3,5,2,1,2,544.84,4.61,62,1.497,0.144
10,30,4,30,FALSE,TRUE,0.25,1.25,1,0.5,6,6,3,5,2,1,2,1063.3,4.61,66,3,0.573
10,30,4,30,FALSE,TRUE,0.25,1.5,1,0.5,6,6,3,5,2,1,2,1048.93,4.61,64,3,0.569
10,40,4,20,TRUE,TRUE,0.25,1.5,1,0.5,6,6,3,7,2,1,2,591.37,4.61,69,1.497,0.218
10,40,4,20,TRUE,TRUE,0.25,1.5,1,0.5,6,6,3,8,2,1,2,591.37,4.61,69,1.497,0.218
10,40,4,20,FALSE,TRUE,0.25,1.5,1,0.5,6,4,3,5,2,1,2,1044.89,4.61,63,3,0.563
10,40,4,30,TRUE,TRUE,0.25,1.25,1,0.5,6,5,3,6,2,1,2,559.02,4.61,65,1.497,0.164
10,40,4,30,FALSE,TRUE,0.25,1.25,1.5,0.5,6,5,3,5,2,1,2,1032.99,4.61,62,3,0.56
10,20,5,20,FALSE,TRUE,0.25,1,1,0.5,6,5,3,5,2,1,2,1058.37,4.61,61,3,0.55
10,20,5,20,FALSE,TRUE,0.25,1,1.25,0.5,6,5,3,5,2,1,2,1056.74,4.61,61,3,0.549
10,20,5,20,FALSE,TRUE,0.25,1,1.5,0.5,6,5,3,5,2,1,2,1056.74,4.61,61,3,0.549
10,20,5,30,TRUE,TRUE,0.25,1.5,1.5,0.5,6,7,3,6,2,1,2,612.07,4.61,64,1.497,0.227
10,20,5,30,FALSE,TRUE,0.25,1,1,0.5,6,5,3,5,2,1,2,1058.37,4.61,61,3,0.55
10,20,5,30,FALSE,TRUE,0.25,1,1.25,0.5,6,5,3,5,2,1,2,1056.74,4.61,61,3,0.549
10,20,5,30,FALSE,TRUE,0.25,1,1.5,0.5,6,5,3,5,2,1,2,1056.74,4.61,61,3,0.549
10,30,5,20,FALSE,TRUE,0.25,1,1,0.5,6,5,3,5,2,1,2,1058.37,4.61,61,3,0.55
10,30,5,20,FALSE,TRUE,0.25,1,1.25,0.5,6,5,3,5,2,1,2,1056.74,4.61,61,3,0.549
10,30,5,20,FALSE,TRUE,0.25,1,1.5,0.5,6,5,3,5,2,1,2,1056.74,4.61,61,3,0.549
10,30,5,30,FALSE,TRUE,0.25,1,1,0.5,6,5,3,5,2,1,2,1058.37,4.61,61,3,0.55
10,30,5,30,FALSE,TRUE,0.25,1,1.25,0.5,6,5,3,5,2,1,2,1056.74,4.61,61,3,0.549
10,30,5,30,FALSE,TRUE,0.25,1,1.5,0.5,6,5,3,5,2,1,2,1056.74,4.61,61,3,0.549
10,40,5,20,TRUE,TRUE,0.25,1,1,0.5,6,7,3,7,2,1,2,646.63,4.61,70,1.497,0.278
10,40,5,20,TRUE,TRUE,0.25,1,1,0.5,6,7,3,8,2,1,2,646.63,4.61,70,1.497,0.278
10,40,5,30,TRUE,TRUE,0.25,1.5,1.25,0.5,6,6,3,7,2,1,2,592.42,4.61,62,1.497,0.209
10,40,5,30,TRUE,TRUE,0.25,1.5,1.25,0.5,6,6,3,8,2,1,2,592.42,4.61,62,1.497,0.209
10,20,6,20,TRUE,TRUE,0.25,1.5,1,0.5,6,5,3,5,2,1,2,465.19,4.61,47,1.497,-0.012
15,30,4,30,TRUE,TRUE,0.25,1.25,1.5,0.5,6,7,3,5,2,1,2,581.12,4.61,67,1.297,0.197
15,40,4,20,FALSE,TRUE,0.25,1.25,1,0.5,6,5,3,5,2,1,2,1075.1,4.61,67,3,0.576
15,40,4,30,TRUE,TRUE,0.25,1.5,1,0.5,6,5,3,5,2,1,2,557.73,4.61,63,1.297,0.162
15,40,4,30,FALSE,TRUE,0.25,1.25,1.5,0.5,6,7,3,5,2,1,2,1107.72,4.61,66,3,0.583
15,20,6,20,TRUE,TRUE,0.25,1,1,0.5,6,5,3,6,2,1,2,480.22,4.61,46,1.297,0.017
15,20,6,20,TRUE,TRUE,0.25,1.5,1,0.5,6,5,3,7,2,1,2,468.42,4.61,46,1.297,-0.002
15,20,6,20,TRUE,TRUE,0.25,1.5,1,0.5,6,5,3,8,2,1,2,468.42,4.61,46,1.297,-0.002
15,20,6,20,TRUE,TRUE,0.25,1.5,1.25,0.5,6,5,3,7,2,1,2,464.77,4.61,45,1.297,-0.007
15,20,6,20,TRUE,TRUE,0.25,1.5,1.25,0.5,6,5,3,8,2,1,2,464.77,4.61,45,1.297,-0.007
15,20,6,20,FALSE,TRUE,0.25,1,1,0.5,6,7,3,5,2,1,2,817.01,4.61,48,3,0.416
15,20,6,20,FALSE,TRUE,0.25,1,1.25,0.5,6,7,3,5,2,1,2,817.01,4.61,48,3,0.416
15,20,6,20,FALSE,TRUE,0.25,1,1.5,0.5,6,7,3,5,2,1,2,817.01,4.61,48,3,0.416
15,20,6,30,FALSE,TRUE,0.25,1,1,0.5,6,7,3,5,2,1,2,817.01,4.61,48,3,0.416
15,20,6,30,FALSE,TRUE,0.25,1,1.25,0.5,6,7,3,5,2,1,2,817.01,4.61,48,3,0.416
15,20,6,30,FALSE,TRUE,0.25,1,1.5,0.5,6,7,3,5,2,1,2,817.01,4.61,48,3,0.416
15,30,6,20,FALSE,TRUE,0.25,1,1,0.5,6,7,3,5,2,1,2,817.01,4.61,48,3,0.416
15,30,6,20,FALSE,TRUE,0.25,1,1.25,0.5,6,7,3,5,2,1,2,817.01,4.61,48,3,0.416
15,30,6,20,FALSE,TRUE,0.25,1,1.5,0.5,6,7,3,5,2,1,2,817.01,4.61,48,3,0.416
15,30,6,30,FALSE,TRUE,0.25,1,1,0.5,6,7,3,5,2,1,2,817.01,4.61,48,3,0.416
15,30,6,30,FALSE,TRUE,0.25,1,1.25,0.5,6,7,3,5,2,1,2,817.01,4.61,48,3,0.416
15,30,6,30,FALSE,TRUE,0.25,1,1.5,0.5,6,7,3,5,2,1,2,817.01,4.61,48,3,0.416
15,40,6,20,TRUE,TRUE,0.25,1,1,0.5,6,5,3,7,2,1,2,491.76,4.61,48,1.297,0.04
15,40,6,20,TRUE,TRUE,0.25,1,1,0.5,6,5,3,8,2,1,2,491.76,4.61,48,1.297,0.04
15,40,6,20,TRUE,TRUE,0.25,1,1.25,0.5,6,5,3,7,2,1,2,491.76,4.61,48,1.297,0.04
15,40,6,20,TRUE,TRUE,0.25,1,1.25,0.5,6,5,3,8,2,1,2,491.76,4.61,48,1.297,0.04
15,40,6,20,TRUE,TRUE,0.25,1,1.5,0.5,6,5,3,7,2,1,2,491.76,4.61,48,1.297,0.04
15,40,6,20,TRUE,TRUE,0.25,1,1.5,0.5,6,5,3,8,2,1,2,491.76,4.61,48,1.297,0.04
15,40,6,20,FALSE,TRUE,0.25,1,1,0.5,6,7,3,5,2,1,2,817.01,4.61,48,3,0.416
15,40,6,20,FALSE,TRUE,0.25,1,1.25,0.5,6,7,3,5,2,1,2,817.01,4.61,48,3,0.416
15,40,6,20,FALSE,TRUE,0.25,1,1.5,0.5,6,7,3,5,2,1,2,817.01,4.61,48,3,0.416
15,40,6,30,TRUE,TRUE,0.25,1.5,1,0.5,6,6,3,5,2,1,2,465.4,4.61,44,1.297,-0.01
15,40,6,30,FALSE,TRUE,0.25,1,1,0.5,6,7,3,5,2,1,2,817.01,4.61,48,3,0.416
15,40,6,30,FALSE,TRUE,0.25,1,1.25,0.5,6,7,3,5,2,1,2,817.01,4.61,48,3,0.416
15,40,6,30,FALSE,TRUE,0.25,1,1.5,0.5,6,7,3,5,2,1,2,817.01,4.61,48,3,0.416
10,20,4,30,FALSE,TRUE,0.25,1.5,1.25,0.5,6,7,3,5,2,1,2,1168.29,4.6,68,3,0.609
10,30,4,20,TRUE,TRUE,0.25,1.25,1,0.5,6,6,3,5,2,1,2,566.4,4.6,68,1.497,0.176
10,30,4,20,TRUE,TRUE,0.25,1.25,1,0.5,6,7,3,5,2,1,2,592.43,4.6,71,1.497,0.213
10,30,4,30,FALSE,TRUE,0.25,1.5,1.25,0.5,6,7,3,5,2,1,2,1168.29,4.6,68,3,0.609
10,40,4,20,TRUE,TRUE,0.25,1,1,0.5,6,5,3,7,2,1,2,612.55,4.6,72,1.497,0.247
10,40,4,20,TRUE,TRUE,0.25,1,1,0.5,6,5,3,8,2,1,2,612.55,4.6,72,1.497,0.247
10,40,4,20,TRUE,TRUE,0.25,1,1.25,0.5,6,5,3,7,2,1,2,611.75,4.6,72,1.497,0.245
10,40,4,20,TRUE,TRUE,0.25,1,1.25,0.5,6,5,3,8,2,1,2,611.75,4.6,72,1.497,0.245
10,40,4,20,TRUE,TRUE,0.25,1,1.5,0.5,6,5,3,7,2,1,2,611.75,4.6,72,1.497,0.245
10,40,4,20,TRUE,TRUE,0.25,1,1.5,0.5,6,5,3,8,2,1,2,611.75,4.6,72,1.497,0.245
10,40,4,30,FALSE,TRUE,0.25,1,1,0.5,6,5,3,5,2,1,2,1086.31,4.6,66,3,0.587
10,40,4,30,FALSE,TRUE,0.25,1,1.25,0.5,6,5,3,5,2,1,2,1084.68,4.6,66,3,0.586
10,40,4,30,FALSE,TRUE,0.25,1,1.5,0.5,6,5,3,5,2,1,2,1084.68,4.6,66,3,0.586
10,30,5,20,TRUE,TRUE,0.25,1.5,1.5,0.5,6,4,3,7,2,1,2,587.56,4.6,60,1.497,0.202
10,30,5,20,TRUE,TRUE,0.25,1.5,1.5,0.5,6,4,3,8,2,1,2,587.56,4.6,60,1.497,0.202
10,30,5,30,TRUE,TRUE,0.25,1.5,1.25,0.5,6,7,3,7,2,1,2,671.33,4.6,68,1.497,0.298
10,30,5,30,TRUE,TRUE,0.25,1.5,1.25,0.5,6,7,3,8,2,1,2,671.33,4.6,68,1.497,0.298
10,30,5,30,TRUE,TRUE,0.25,1.5,1.5,0.5,6,5,3,6,2,1,2,558.61,4.6,58,1.497,0.156
10,40,5,20,TRUE,TRUE,0.25,1,1.25,0.5,6,7,3,7,2,1,2,645.83,4.6,70,1.497,0.277
10,40,5,20,TRUE,TRUE,0.25,1,1.25,0.5,6,7,3,8,2,1,2,645.83,4.6,70,1.497,0.277
10,40,5,20,TRUE,TRUE,0.25,1,1.5,0.5,6,7,3,7,2,1,2,645.83,4.6,70,1.497,0.277
10,40,5,20,TRUE,TRUE,0.25,1,1.5,0.5,6,7,3,8,2,1,2,645.83,4.6,70,1.497,0.277
10,40,5,20,FALSE,TRUE,0.25,1.5,1,0.5,6,5,3,7,2,1,2,1090.07,4.6,61,3,0.575
10,40,5,20,FALSE,TRUE,0.25,1.5,1,0.5,6,5,3,8,2,1,2,1090.07,4.6,61,3,0.575
10,40,5,30,TRUE,TRUE,0.25,1.5,1.25,0.5,6,4,3,6,2,1,2,552.28,4.6,56,1.497,0.14
10,40,5,30,FALSE,TRUE,0.25,1.5,1,0.5,6,5,3,7,2,1,2,1090.07,4.6,61,3,0.575
10,40,5,30,FALSE,TRUE,0.25,1.5,1,0.5,6,5,3,8,2,1,2,1090.07,4.6,61,3,0.575
15,20,4,20,FALSE,TRUE,0.25,1.5,1,0.5,6,7,3,5,2,1,2,1194.27,4.6,70,3,0.622
15,30,4,20,TRUE,TRUE,0.25,1,1,0.5,6,5,3,5,2,1,2,584.15,4.6,70,1.297,0.2
15,30,4,20,TRUE,TRUE,0.25,1,1.25,0.5,6,5,3,5,2,1,2,584.15,4.6,70,1.297,0.2
15,30,4,20,TRUE,TRUE,0.25,1,1.5,0.5,6,5,3,5,2,1,2,584.15,4.6,70,1.297,0.2
15,30,4,20,FALSE,TRUE,0.25,1.5,1,0.5,6,7,3,5,2,1,2,1194.27,4.6,70,3,0.622
15,20,5,20,TRUE,TRUE,0.25,1.25,1,0.5,6,7,3,5,2,1,2,568.64,4.6,64,1.297,0.169
15,20,5,20,FALSE,TRUE,0.25,1,1,0.5,6,7,3,5,2,1,2,1136.31,4.6,66,3,0.581
15,20,5,20,FALSE,TRUE,0.25,1,1.25,0.5,6,7,3,5,2,1,2,1136.31,4.6,66,3,0.581
15,20,5,20,FALSE,TRUE,0.25,1,1.5,0.5,6,7,3,5,2,1,2,1136.31,4.6,66,3,0.581
15,20,5,20,FALSE,TRUE,0.25,1.25,1,0.5,6,7,3,5,2,1,2,1102.44,4.6,64,3,0.56
15,20,5,30,FALSE,TRUE,0.25,1,1,0.5,6,7,3,5,2,1,2,1136.31,4.6,66,3,0.581
15,20,5,30,FALSE,TRUE,0.25,1,1.25,0.5,6,7,3,5,2,1,2,1136.31,4.6,66,3,0.581
15,20,5,30,FALSE,TRUE,0.25,1,1.5,0.5,6,7,3,5,2,1,2,1136.31,4.6,66,3,0.581
15,20,5,30,FALSE,TRUE,0.25,1.25,1,0.5,6,7,3,5,2,1,2,1102.44,4.6,64,3,0.56
15,30,5,20,TRUE,TRUE,0.25,1.5,1.5,0.5,6,7,3,7,2,1,2,637.27,4.6,64,1.297,0.252
15,30,5,20,TRUE,TRUE,0.25,1.5,1.5,0.5,6,7,3,8,2,1,2,637.27,4.6,64,1.297,0.252
15,30,5,20,FALSE,TRUE,0.25,1,1,0.5,6,7,3,5,2,1,2,1136.31,4.6,66,3,0.581
15,30,5,20,FALSE,TRUE,0.25,1,1.25,0.5,6,7,3,5,2,1,2,1136.31,4.6,66,3,0.581
15,30,5,20,FALSE,TRUE,0.25,1,1.5,0.5,6,7,3,5,2,1,2,1136.31,4.6,66,3,0.581
15,30,5,20,FALSE,TRUE,0.25,1.25,1,0.5,6,7,3,5,2,1,2,1102.44,4.6,64,3,0.56
15,30,5,30,FALSE,TRUE,0.25,1,1,0.5,6,7,3,5,2,1,2,1136.31,4.6,66,3,0.581
15,30,5,30,FALSE,TRUE,0.25,1,1.25,0.5,6,7,3,5,2,1,2,1136.31,4.6,66,3,0.581
15,30,5,30,FALSE,TRUE,0.25,1,1.5,0.5,6,7,3,5,2,1,2,1136.31,4.6,66,3,0.581
15,30,5,30,FALSE,TRUE,0.25,1.25,1,0.5,6,7,3,5,2,1,2,1102.44,4.6,64,3,0.56
15,40,5,30,TRUE,TRUE,0.25,1.5,1,0.5,6,7,3,7,2,1,2,644.42,4.6,65,1.297,0.257
15,40,5,30,TRUE,TRUE,0.25,1.5,1,0.5,6,7,3,8,2,1,2,644.42,4.6,65,1.297,0.257
15,20,6,30,TRUE,TRUE,0.25,1,1,0.5,6,4,3,5,2,1,2,473.14,4.6,44,1.297,0
15,20,6,30,TRUE,TRUE,0.25,1,1.25,0.5,6,4,3,5,2,1,2,473.14,4.6,44,1.297,0
15,20,6,30,TRUE,TRUE,0.25,1,1.5,0.5,6,4,3,5,2,1,2,473.14,4.6,44,1.297,0
15,30,6,20,TRUE,TRUE,0.25,1,1.25,0.5,6,5,3,6,2,1,2,488.6,4.6,47,1.297,0.033
15,30,6,20,TRUE,TRUE,0.25,1,1.5,0.5,6,5,3,6,2,1,2,488.6,4.6,47,1.297,0.033
10,20,4,30,FALSE,TRUE,0.25,1.25,1,0.5,6,5,3,5,2,1,2,1056.59,4.59,65,3,0.568
10,20,4,30,FALSE,TRUE,0.25,1.5,1,0.5,6,5,3,5,2,1,2,1042.23,4.59,63,3,0.564
10,30,4,30,FALSE,TRUE,0.25,1.25,1,0.5,6,5,3,5,2,1,2,1056.59,4.59,65,3,0.568
10,30,4,30,FALSE,TRUE,0.25,1.5,1,0.5,6,5,3,5,2,1,2,1042.23,4.59,63,3,0.564
10,40,4,20,TRUE,TRUE,0.25,1.25,1.25,0.5,6,4,3,5,2,1,2,549.95,4.59,64,1.497,0.151
10,40,4,30,TRUE,TRUE,0.25,1.5,1.25,0.5,6,7,3,6,2,1,2,621.61,4.59,69,1.497,0.241
10,20,5,20,FALSE,TRUE,0.25,1.5,1,0.5,6,6,3,5,2,1,2,1020.06,4.59,59,3,0.534
10,20,5,30,TRUE,TRUE,0.25,1.5,1.25,0.5,6,6,3,5,2,1,2,529.79,4.59,58,1.497,0.113
10,20,5,30,FALSE,TRUE,0.25,1.5,1,0.5,6,6,3,5,2,1,2,1020.06,4.59,59,3,0.534
10,30,5,20,TRUE,TRUE,0.25,1.25,1,0.5,6,7,3,5,2,1,2,592.69,4.59,65,1.497,0.201
10,30,5,20,TRUE,TRUE,0.25,1.5,1,0.5,6,5,3,6,2,1,2,561.66,4.59,60,1.497,0.157
10,30,5,20,TRUE,TRUE,0.25,1.5,1.25,0.5,6,5,3,7,2,1,2,591.53,4.59,62,1.497,0.208
10,30,5,20,TRUE,TRUE,0.25,1.5,1.25,0.5,6,5,3,8,2,1,2,591.53,4.59,62,1.497,0.208
10,30,5,20,FALSE,TRUE,0.25,1.5,1,0.5,6,6,3,5,2,1,2,1020.06,4.59,59,3,0.534
10,30,5,30,FALSE,TRUE,0.25,1.5,1,0.5,6,6,3,5,2,1,2,1020.06,4.59,59,3,0.534
10,40,5,20,FALSE,TRUE,0.25,1.5,1,0.5,6,5,3,6,2,1,2,1023.04,4.59,58,3,0.532
10,40,5,20,FALSE,TRUE,0.25,1.5,1,0.5,6,7,3,7,2,1,2,1232.73,4.59,68,3,0.632
10,40,5,20,FALSE,TRUE,0.25,1.5,1,0.5,6,7,3,8,2,1,2,1232.73,4.59,68,3,0.632
10,40,5,30,TRUE,TRUE,0.25,1.5,1,0.5,6,6,3,6,2,1,2,561.58,4.59,60,1.497,0.157
10,40,5,30,FALSE,TRUE,0.25,1.5,1,0.5,6,5,3,6,2,1,2,1023.04,4.59,58,3,0.532
10,40,5,30,FALSE,TRUE,0.25,1.5,1,0.5,6,7,3,7,2,1,2,1232.73,4.59,68,3,0.632
10,40,5,30,FALSE,TRUE,0.25,1.5,1,0.5,6,7,3,8,2,1,2,1232.73,4.59,68,3,0.632
10,20,6,20,TRUE,TRUE,0.25,1.5,1.25,0.5,6,5,3,5,2,1,2,460.71,4.59,46,1.497,-0.018
15,20,4,20,TRUE,TRUE,0.25,1.25,1,0.5,6,5,3,5,2,1,2,550.27,4.59,68,1.297,0.153
15,20,4,20,FALSE,TRUE,0.25,1.25,1,0.5,6,7,3,5,2,1,2,1137.97,4.59,71,3,0.597
15,20,4,30,FALSE,TRUE,0.25,1.5,1.5,0.5,6,7,3,5,2,1,2,1171.74,4.59,67,3,0.612
15,30,4,20,FALSE,TRUE,0.25,1.25,1,0.5,6,7,3,5,2,1,2,1137.97,4.59,71,3,0.597
15,30,4,30,FALSE,TRUE,0.25,1.5,1.5,0.5,6,7,3,5,2,1,2,1171.74,4.59,67,3,0.612
15,30,5,20,TRUE,TRUE,0.25,1.25,1.5,0.5,6,7,3,5,2,1,2,585.23,4.59,62,1.297,0.191
15,30,5,30,TRUE,TRUE,0.25,1.25,1,0.5,6,7,3,5,2,1,2,594.44,4.59,64,1.297,0.201
15,40,5,20,TRUE,TRUE,0.25,1.5,1.25,0.5,6,4,3,5,2,1,2,551.2,4.59,55,1.297,0.137
15,40,5,30,TRUE,TRUE,0.25,1.5,1.5,0.5,6,6,3,5,2,1,2,553.96,4.59,56,1.297,0.146
15,20,6,20,TRUE,TRUE,0.25,1.5,1,0.5,6,5,3,6,2,1,2,464.98,4.59,45,1.297,-0.01
15,20,6,20,TRUE,TRUE,0.25,1.5,1.5,0.5,6,5,3,7,2,1,2,462.97,4.59,45,1.297,-0.011
15,20,6,20,TRUE,TRUE,0.25,1.5,1.5,0.5,6,5,3,8,2,1,2,462.97,4.59,45,1.297,-0.011
10,30,4,20,TRUE,TRUE,0.25,1.5,1,0.5,6,7,3,7,2,1,2,667.23,4.58,75,1.497,0.304
10,30,4,20,TRUE,TRUE,0.25,1.5,1,0.5,6,7,3,8,2,1,2,667.23,4.58,75,1.497,0.304
10,40,4,20,TRUE,TRUE,0.25,1.5,1.5,0.5,6,7,3,6,2,1,2,622.93,4.58,70,1.497,0.245
10,40,4,30,FALSE,TRUE,0.25,1.25,1,0.5,6,4,3,5,2,1,2,1045.83,4.58,63,3,0.56
10,20,5,20,TRUE,TRUE,0.25,1.5,1.25,0.5,6,7,3,7,2,1,2,643.71,4.58,68,1.497,0.269
10,20,5,20,TRUE,TRUE,0.25,1.5,1.25,0.5,6,7,3,8,2,1,2,643.71,4.58,68,1.497,0.269
10,30,5,30,TRUE,TRUE,0.25,1.5,1,0.5,6,7,3,6,2,1,2,640.71,4.58,66,1.497,0.254
10,40,5,20,TRUE,TRUE,0.25,1.25,1.5,0.5,6,7,3,5,2,1,2,582.26,4.58,62,1.497,0.188
10,40,5,20,FALSE,TRUE,0.25,1,1,0.5,6,6,3,5,2,1,2,1060.35,4.58,61,3,0.556
10,40,5,20,FALSE,TRUE,0.25,1,1.25,0.5,6,6,3,5,2,1,2,1058.72,4.58,61,3,0.554
10,40,5,20,FALSE,TRUE,0.25,1,1.5,0.5,6,6,3,5,2,1,2,1058.72,4.58,61,3,0.554
10,40,5,20,FALSE,TRUE,0.25,1.25,1,0.5,6,7,3,5,2,1,2,1102.68,4.58,64,3,0.566
10,40,5,20,FALSE,TRUE,0.25,1.5,1,0.5,6,7,3,6,2,1,2,1165.7,4.58,65,3,0.594
10,40,5,30,TRUE,TRUE,0.25,1.25,1,0.5,6,7,3,5,2,1,2,592.09,4.58,64,1.497,0.2
10,40,5,30,FALSE,TRUE,0.25,1,1,0.5,6,6,3,5,2,1,2,1060.35,4.58,61,3,0.556
10,40,5,30,FALSE,TRUE,0.25,1,1.25,0.5,6,6,3,5,2,1,2,1058.72,4.58,61,3,0.554
10,40,5,30,FALSE,TRUE,0.25,1,1.5,0.5,6,6,3,5,2,1,2,1058.72,4.58,61,3,0.554
10,40,5,30,FALSE,TRUE,0.25,1.25,1,0.5,6,7,3,5,2,1,2,1102.68,4.58,64,3,0.566
10,40,5,30,FALSE,TRUE,0.25,1.5,1,0.5,6,7,3,6,2,1,2,1165.7,4.58,65,3,0.594
10,20,6,20,TRUE,TRUE,0.25,1.5,1,0.5,6,7,3,5,2,1,2,522.48,4.58,53,1.497,0.084
10,20,6,20,TRUE,TRUE,0.25,1.5,1.5,0.5,6,5,3,5,2,1,2,458.91,4.58,46,1.497,-0.023
15,20,4,30,TRUE,TRUE,0.25,1.25,1,0.5,6,6,3,5,2,1,2,546.22,4.58,67,1.297,0.147
15,30,5,20,TRUE,TRUE,0.25,1.5,1.5,0.5,6,7,3,6,2,1,2,633.67,4.58,63,1.297,0.246
15,30,5,30,TRUE,TRUE,0.25,1.5,1.5,0.5,6,5,3,5,2,1,2,553.6,4.58,56,1.297,0.145
15,40,5,20,TRUE,TRUE,0.25,1.5,1,0.5,6,6,3,5,2,1,2,556.99,4.58,58,1.297,0.147
15,40,5,30,TRUE,TRUE,0.25,1.5,1,0.5,6,7,3,6,2,1,2,640.47,4.58,64,1.297,0.251
15,40,5,30,TRUE,TRUE,0.25,1.5,1.25,0.5,6,7,3,7,2,1,2,640.29,4.58,64,1.297,0.254
15,40,5,30,TRUE,TRUE,0.25,1.5,1.25,0.5,6,7,3,8,2,1,2,640.29,4.58,64,1.297,0.254
15,20,6,20,TRUE,TRUE,0.25,1.5,1,0.5,6,7,3,7,2,1,2,516.87,4.58,50,1.297,0.076
15,20,6,20,TRUE,TRUE,0.25,1.5,1,0.5,6,7,3,8,2,1,2,516.87,4.58,50,1.297,0.076
15,20,6,20,TRUE,TRUE,0.25,1.5,1.25,0.5,6,5,3,6,2,1,2,461.33,4.58,44,1.297,-0.015
15,20,6,30,TRUE,TRUE,0.25,1,1,0.5,6,5,3,7,2,1,2,489.33,4.58,48,1.297,0.036
15,20,6,30,TRUE,TRUE,0.25,1,1,0.5,6,5,3,8,2,1,2,489.33,4.58,48,1.297,0.036
15,20,6,30,TRUE,TRUE,0.25,1,1.25,0.5,6,5,3,7,2,1,2,489.33,4.58,48,1.297,0.036
15,20,6,30,TRUE,TRUE,0.25,1,1.25,0.5,6,5,3,8,2,1,2,489.33,4.58,48,1.297,0.036
15,20,6,30,TRUE,TRUE,0.25,1,1.5,0.5,6,5,3,7,2,1,2,489.33,4.58,48,1.297,0.036
15,20,6,30,TRUE,TRUE,0.25,1,1.5,0.5,6,5,3,8,2,1,2,489.33,4.58,48,1.297,0.036
15,20,6,30,TRUE,TRUE,0.25,1.25,1,0.5,6,6,3,5,2,1,2,460.51,4.58,45,1.297,-0.022
15,20,6,30,TRUE,TRUE,0.25,1.5,1,0.5,6,4,3,5,2,1,2,455.06,4.58,42,1.297,-0.032
15,30,6,20,TRUE,TRUE,0.25,1.25,1.25,0.5,6,5,3,5,2,1,2,459.7,4.58,44,1.297,-0.022
15,30,6,20,TRUE,TRUE,0.25,1.25,1.5,0.5,6,5,3,5,2,1,2,459.7,4.58,44,1.297,-0.022
15,40,6,20,TRUE,TRUE,0.25,1,1.25,0.5,6,5,3,6,2,1,2,488,4.58,47,1.297,0.032
15,40,6,20,TRUE,TRUE,0.25,1,1.5,0.5,6,5,3,6,2,1,2,488,4.58,47,1.297,0.032
10,20,4,20,TRUE,TRUE,0.25,1.25,1,0.5,6,6,3,5,2,1,2,545.84,4.57,68,1.497,0.148
10,20,4,20,TRUE,TRUE,0.25,1.25,1,0.5,6,7,3,5,2,1,2,571.86,4.57,71,1.497,0.187
10,20,4,20,FALSE,TRUE,0.25,1.5,1.5,0.5,6,7,3,5,2,1,2,1170.45,4.57,69,3,0.616
10,20,4,30,TRUE,TRUE,0.25,1.5,1.5,0.5,6,6,3,5,2,1,2,526.39,4.57,63,1.497,0.117
10,30,4,20,TRUE,TRUE,0.25,1.5,1,0.5,6,4,3,5,2,1,2,551.66,4.57,64,1.497,0.154
10,30,4,20,FALSE,TRUE,0.25,1.5,1.5,0.5,6,7,3,5,2,1,2,1170.45,4.57,69,3,0.616
10,40,4,30,FALSE,TRUE,0.25,1.5,1.5,0.5,6,4,3,5,2,1,2,1020.21,4.57,60,3,0.548
10,20,5,20,TRUE,TRUE,0.25,1,1,0.5,6,6,3,5,2,1,2,551.45,4.57,62,1.497,0.145
10,20,5,20,TRUE,TRUE,0.25,1,1.25,0.5,6,6,3,5,2,1,2,550.65,4.57,62,1.497,0.143
10,20,5,20,TRUE,TRUE,0.25,1,1.5,0.5,6,6,3,5,2,1,2,550.65,4.57,62,1.497,0.143
10,20,5,20,TRUE,TRUE,0.25,1.5,1,0.5,6,7,3,6,2,1,2,614,4.57,66,1.497,0.225
10,20,5,20,TRUE,TRUE,0.25,1.5,1.5,0.5,6,5,3,6,2,1,2,531.41,4.57,58,1.497,0.117
10,20,5,30,TRUE,TRUE,0.25,1.5,1.5,0.5,6,5,3,7,2,1,2,566.98,4.57,61,1.497,0.178
10,20,5,30,TRUE,TRUE,0.25,1.5,1.5,0.5,6,5,3,8,2,1,2,566.98,4.57,61,1.497,0.178
10,30,5,20,TRUE,TRUE,0.25,1.25,1.5,0.5,6,5,3,5,2,1,2,551.15,4.57,58,1.497,0.14
10,30,5,30,TRUE,TRUE,0.25,1.25,1,0.5,6,5,3,5,2,1,2,560.54,4.57,60,1.497,0.152
10,40,5,20,TRUE,TRUE,0.25,1.25,1.5,0.5,6,4,3,5,2,1,2,543.35,4.57,55,1.497,0.124
10,20,6,20,TRUE,TRUE,0.25,1.5,1.25,0.5,6,7,3,5,2,1,2,518,4.57,52,1.497,0.078
15,40,4,30,FALSE,TRUE,0.25,1.25,1,0.5,6,6,3,5,2,1,2,1065.17,4.57,66,3,0.57
15,20,5,20,TRUE,TRUE,0.25,1.5,1.5,0.5,6,5,3,5,2,1,2,527.84,4.57,56,1.297,0.109
15,30,5,20,TRUE,TRUE,0.25,1,1,0.5,6,6,3,5,2,1,2,576.68,4.57,62,1.297,0.175
15,30,5,20,TRUE,TRUE,0.25,1,1.25,0.5,6,6,3,5,2,1,2,576.68,4.57,62,1.297,0.175
15,30,5,20,TRUE,TRUE,0.25,1,1.5,0.5,6,6,3,5,2,1,2,576.68,4.57,62,1.297,0.175
15,20,6,20,TRUE,TRUE,0.25,1.5,1.25,0.5,6,7,3,7,2,1,2,513.21,4.57,49,1.297,0.072
15,20,6,20,TRUE,TRUE,0.25,1.5,1.25,0.5,6,7,3,8,2,1,2,513.21,4.57,49,1.297,0.072
15,30,6,20,TRUE,TRUE,0.25,1.25,1,0.5,6,7,3,5,2,1,2,467.95,4.57,47,1.297,-0.005
10,20,4,20,TRUE,TRUE,0.25,1.5,1.5,0.5,6,5,3,5,2,1,2,529.27,4.56,64,1.497,0.123
10,40,4,20,TRUE,TRUE,0.25,1.5,1,0.5,6,6,3,6,2,1,2,555.79,4.56,66,1.497,0.16
10,40,4,30,FALSE,TRUE,0.25,1,1,0.5,6,7,3,5,2,1,2,1095.37,4.56,69,3,0.589
10,40,4,30,FALSE,TRUE,0.25,1,1.25,0.5,6,7,3,5,2,1,2,1093.74,4.56,69,3,0.588
10,40,4,30,FALSE,TRUE,0.25,1,1.5,0.5,6,7,3,5,2,1,2,1093.74,4.56,69,3,0.588
10,40,4,30,FALSE,TRUE,0.25,1.25,1.5,0.5,6,4,3,5,2,1,2,1025.14,4.56,61,3,0.551
10,40,4,30,FALSE,TRUE,0.25,1.5,1,0.5,6,4,3,5,2,1,2,1030.14,4.56,61,3,0.552
10,40,4,30,FALSE,TRUE,0.25,1.5,1,0.5,6,7,3,7,2,1,2,1246.96,4.56,72,3,0.652
10,40,4,30,FALSE,TRUE,0.25,1.5,1,0.5,6,7,3,8,2,1,2,1246.96,4.56,72,3,0.652
10,20,5,30,TRUE,TRUE,0.25,1.5,1,0.5,6,7,3,7,2,1,2,648.72,4.56,69,1.497,0.274
10,20,5,30,TRUE,TRUE,0.25,1.5,1,0.5,6,7,3,8,2,1,2,648.72,4.56,69,1.497,0.274
10,30,5,30,TRUE,TRUE,0.25,1.5,1.25,0.5,6,7,3,6,2,1,2,635.77,4.56,65,1.497,0.249
10,40,5,20,TRUE,TRUE,0.25,1,1.25,0.5,6,7,3,6,2,1,2,610.25,4.56,67,1.497,0.225
10,40,5,20,TRUE,TRUE,0.25,1,1.5,0.5,6,7,3,6,2,1,2,610.25,4.56,67,1.497,0.225
10,40,5,20,TRUE,TRUE,0.25,1.5,1,0.5,6,4,3,7,2,1,2,583.82,4.56,60,1.497,0.191
10,40,5,20,TRUE,TRUE,0.25,1.5,1,0.5,6,4,3,8,2,1,2,583.82,4.56,60,1.497,0.191
10,40,5,30,TRUE,TRUE,0.25,1.5,1.25,0.5,6,6,3,6,2,1,2,556.65,4.56,59,1.497,0.151
15,20,4,30,TRUE,TRUE,0.25,1.25,1,0.5,6,5,3,5,2,1,2,543.42,4.56,66,1.297,0.142
15,30,4,20,TRUE,TRUE,0.25,1.5,1.25,0.5,6,7,3,5,2,1,2,629.07,4.56,70,1.297,0.25
15,40,4,20,TRUE,TRUE,0.25,1.25,1,0.5,6,6,3,5,2,1,2,568.8,4.56,68,1.297,0.179
15,30,5,20,TRUE,TRUE,0.25,1.5,1,0.5,6,5,3,5,2,1,2,556.45,4.56,58,1.297,0.146
15,40,5,20,FALSE,TRUE,0.25,1.25,1,0.5,6,5,3,5,2,1,2,1023.84,4.56,59,3,0.522
15,40,5,20,FALSE,TRUE,0.25,1.25,1.5,0.5,6,7,3,5,2,1,2,1082.64,4.56,61,3,0.554
15,40,5,20,FALSE,TRUE,0.25,1.5,1.25,0.5,6,5,3,5,2,1,2,1009.58,4.56,56,3,0.521
15,40,5,30,TRUE,TRUE,0.25,1.5,1.25,0.5,6,7,3,6,2,1,2,636.33,4.56,63,1.297,0.247
15,40,5,30,FALSE,TRUE,0.25,1.25,1,0.5,6,5,3,5,2,1,2,1023.84,4.56,59,3,0.522
15,40,5,30,FALSE,TRUE,0.25,1.25,1.5,0.5,6,7,3,5,2,1,2,1082.64,4.56,61,3,0.554
15,40,5,30,FALSE,TRUE,0.25,1.5,1.25,0.5,6,5,3,5,2,1,2,1009.58,4.56,56,3,0.521
15,20,6,20,TRUE,TRUE,0.25,1.5,1,0.5,6,7,3,6,2,1,2,513.43,4.56,49,1.297,0.069
15,20,6,20,TRUE,TRUE,0.25,1.5,1.5,0.5,6,5,3,6,2,1,2,459.53,4.56,44,1.297,-0.019
15,20,6,20,TRUE,TRUE,0.25,1.5,1.5,0.5,6,7,3,7,2,1,2,511.41,4.56,49,1.297,0.069
15,20,6,20,TRUE,TRUE,0.25,1.5,1.5,0.5,6,7,3,8,2,1,2,511.41,4.56,49,1.297,0.069
15,20,6,30,TRUE,TRUE,0.25,1,1.25,0.5,6,5,3,6,2,1,2,485.89,4.56,47,1.297,0.029
15,20,6,30,TRUE,TRUE,0.25,1,1.5,0.5,6,5,3,6,2,1,2,485.89,4.56,47,1.297,0.029
15,30,6,20,TRUE,TRUE,0.25,1,1,0.5,6,5,3,6,2,1,2,482.26,4.56,46,1.297,0.02
15,40,6,20,TRUE,TRUE,0.25,1.25,1.25,0.5,6,5,3,5,2,1,2,459.09,4.56,44,1.297,-0.024
15,40,6,20,TRUE,TRUE,0.25,1.25,1.5,0.5,6,5,3,5,2,1,2,459.09,4.56,44,1.297,-0.024
10,20,4,30,TRUE,TRUE,0.25,1.5,1.5,0.5,6,5,3,5,2,1,2,523.58,4.55,62,1.497,0.112
10,30,4,20,TRUE,TRUE,0.25,1.5,1.5,0.5,6,4,3,5,2,1,2,545.42,4.55,63,1.497,0.144
10,40,4,20,TRUE,TRUE,0.25,1,1,0.5,6,5,3,6,2,1,2,576.97,4.55,69,1.497,0.19
10,40,4,20,TRUE,TRUE,0.25,1,1.25,0.5,6,5,3,6,2,1,2,576.17,4.55,69,1.497,0.189
10,40,4,20,TRUE,TRUE,0.25,1,1.5,0.5,6,5,3,6,2,1,2,576.17,4.55,69,1.497,0.189
10,40,4,20,TRUE,TRUE,0.25,1.5,1.5,0.5,6,5,3,7,2,1,2,580.52,4.55,67,1.497,0.202
10,40,4,20,TRUE,TRUE,0.25,1.5,1.5,0.5,6,5,3,8,2,1,2,580.52,4.55,67,1.497,0.202
10,40,4,20,FALSE,TRUE,0.25,1,1,0.5,6,6,3,5,2,1,2,1095.69,4.55,69,3,0.592
10,40,4,30,FALSE,TRUE,0.25,1.5,1,0.5,6,7,3,6,2,1,2,1179.93,4.55,69,3,0.616
10,20,5,20,TRUE,TRUE,0.25,1.5,1,0.5,6,4,3,5,2,1,2,525.29,4.55,57,1.497,0.102
10,20,5,30,TRUE,TRUE,0.25,1.25,1,0.5,6,5,3,5,2,1,2,535.11,4.55,60,1.497,0.117
10,30,5,20,TRUE,TRUE,0.25,1.5,1.5,0.5,6,4,3,6,2,1,2,552.15,4.55,57,1.497,0.143
10,30,5,20,TRUE,TRUE,0.25,1.5,1.5,0.5,6,6,3,7,2,1,2,588.61,4.55,62,1.497,0.205
10,30,5,20,TRUE,TRUE,0.25,1.5,1.5,0.5,6,6,3,8,2,1,2,588.61,4.55,62,1.497,0.205
10,30,5,30,TRUE,TRUE,0.25,1,1,0.5,6,5,3,5,2,1,2,573.63,4.55,61,1.497,0.171
10,30,5,30,TRUE,TRUE,0.25,1,1.25,0.5,6,5,3,5,2,1,2,572.84,4.55,61,1.497,0.169
10,30,5,30,TRUE,TRUE,0.25,1,1.5,0.5,6,5,3,5,2,1,2,572.84,4.55,61,1.497,0.169
10,30,5,30,TRUE,TRUE,0.25,1.5,1,0.5,6,5,3,7,2,1,2,595.99,4.55,63,1.497,0.212
10,30,5,30,TRUE,TRUE,0.25,1.5,1,0.5,6,5,3,8,2,1,2,595.99,4.55,63,1.497,0.212
10,40,5,20,FALSE,TRUE,0.25,1.25,1.5,0.5,6,5,3,5,2,1,2,1001.69,4.55,56,3,0.518
10,40,5,30,TRUE,TRUE,0.25,1.25,1.5,0.5,6,5,3,5,2,1,2,546.84,4.55,56,1.497,0.131
10,40,5,30,FALSE,TRUE,0.25,1.25,1.5,0.5,6,5,3,5,2,1,2,1001.69,4.55,56,3,0.518
10,20,6,20,TRUE,TRUE,0.25,1.5,1.5,0.5,6,7,3,5,2,1,2,516.2,4.55,52,1.497,0.075
15,40,4,20,TRUE,TRUE,0.25,1.5,1,0.5,6,7,3,7,2,1,2,638.51,4.55,72,1.297,0.264
15,40,4,20,TRUE,TRUE,0.25,1.5,1,0.5,6,7,3,8,2,1,2,638.51,4.55,72,1.297,0.264
15,40,4,30,FALSE,TRUE,0.25,1.25,1,0.5,6,5,3,5,2,1,2,1058.46,4.55,65,3,0.564
15,40,5,20,TRUE,TRUE,0.25,1.25,1.5,0.5,6,5,3,5,2,1,2,551.35,4.55,57,1.297,0.139
15,40,5,20,FALSE,TRUE,0.25,1,1,0.5,6,5,3,5,2,1,2,1051.83,4.55,60,3,0.538
15,40,5,20,FALSE,TRUE,0.25,1,1.25,0.5,6,5,3,5,2,1,2,1051.83,4.55,60,3,0.538
15,40,5,20,FALSE,TRUE,0.25,1,1.5,0.5,6,5,3,5,2,1,2,1051.83,4.55,60,3,0.538
15,40,5,30,FALSE,TRUE,0.25,1,1,0.5,6,5,3,5,2,1,2,1051.83,4.55,60,3,0.538
15,40,5,30,FALSE,TRUE,0.25,1,1.25,0.5,6,5,3,5,2,1,2,1051.83,4.55,60,3,0.538
15,40,5,30,FALSE,TRUE,0.25,1,1.5,0.5,6,5,3,5,2,1,2,1051.83,4.55,60,3,0.538
15,20,6,20,TRUE,TRUE,0.25,1.5,1.25,0.5,6,7,3,6,2,1,2,509.78,4.55,48,1.297,0.065
15,20,6,30,TRUE,TRUE,0.25,1.5,1.25,0.5,6,5,3,7,2,1,2,465.38,4.55,45,1.297,-0.006
15,20,6,30,TRUE,TRUE,0.25,1.5,1.25,0.5,6,5,3,8,2,1,2,465.38,4.55,45,1.297,-0.006
10,30,4,20,TRUE,TRUE,0.25,1.5,1,0.5,6,7,3,6,2,1,2,631.82,4.54,72,1.497,0.256
10,40,4,20,TRUE,TRUE,0.25,1.25,1,0.5,6,6,3,7,2,1,2,596.61,4.54,71,1.497,0.225
10,40,4,20,TRUE,TRUE,0.25,1.25,1,0.5,6,6,3,8,2,1,2,596.61,4.54,71,1.497,0.225
10,40,4,20,FALSE,TRUE,0.25,1,1.25,0.5,6,6,3,5,2,1,2,1094.07,4.54,69,3,0.591
10,40,4,20,FALSE,TRUE,0.25,1,1.5,0.5,6,6,3,5,2,1,2,1094.07,4.54,69,3,0.591
10,40,4,30,TRUE,TRUE,0.25,1.5,1.5,0.5,6,5,3,7,2,1,2,576.89,4.54,66,1.497,0.196
10,40,4,30,TRUE,TRUE,0.25,1.5,1.5,0.5,6,5,3,8,2,1,2,576.89,4.54,66,1.497,0.196
10,40,4,30,TRUE,TRUE,0.25,1.5,1.5,0.5,6,6,3,7,2,1,2,576.89,4.54,66,1.497,0.196
10,40,4,30,TRUE,TRUE,0.25,1.5,1.5,0.5,6,6,3,8,2,1,2,576.89,4.54,66,1.497,0.196
10,20,5,20,TRUE,TRUE,0.25,1.25,1,0.5,6,7,3,5,2,1,2,566.49,4.54,65,1.497,0.167
10,20,5,20,TRUE,TRUE,0.25,1.5,1,0.5,6,5,3,7,2,1,2,568.98,4.54,63,1.497,0.177
10,20,5,20,TRUE,TRUE,0.25,1.5,1,0.5,6,5,3,8,2,1,2,568.98,4.54,63,1.497,0.177
10,30,5,20,TRUE,TRUE,0.25,1.25,1,0.5,6,6,3,5,2,1,2,558.14,4.54,61,1.497,0.148
10,30,5,20,TRUE,TRUE,0.25,1.5,1.25,0.5,6,5,3,6,2,1,2,556.12,4.54,59,1.497,0.15
10,30,5,30,TRUE,TRUE,0.25,1.5,1,0.5,6,4,3,5,2,1,2,550.46,4.54,57,1.497,0.138
10,30,5,30,TRUE,TRUE,0.25,1.5,1.5,0.5,6,4,3,7,2,1,2,587.34,4.54,60,1.497,0.201
10,30,5,30,TRUE,TRUE,0.25,1.5,1.5,0.5,6,4,3,8,2,1,2,587.34,4.54,60,1.497,0.201
10,40,5,20,TRUE,TRUE,0.25,1.25,1.25,0.5,6,5,3,5,2,1,2,545.51,4.54,57,1.497,0.129
10,40,6,20,TRUE,TRUE,0.25,1.5,1,0.5,6,5,3,5,2,1,2,462.09,4.54,46,1.497,-0.02
10,40,6,20,TRUE,TRUE,0.25,1.5,1,0.5,6,7,3,5,2,1,2,522.71,4.54,53,1.497,0.083
15,20,4,30,TRUE,TRUE,0.25,1.25,1.5,0.5,6,7,3,5,2,1,2,559.13,4.54,67,1.297,0.167
15,20,4,30,FALSE,TRUE,0.25,1.25,1.5,0.5,6,7,3,5,2,1,2,1102.78,4.54,67,3,0.579
15,30,4,30,FALSE,TRUE,0.25,1.25,1.5,0.5,6,7,3,5,2,1,2,1102.78,4.54,67,3,0.579
15,20,5,30,TRUE,TRUE,0.25,1,1,0.5,6,7,3,5,2,1,2,585.13,4.54,66,1.297,0.193
15,20,5,30,TRUE,TRUE,0.25,1,1.25,0.5,6,7,3,5,2,1,2,585.13,4.54,66,1.297,0.193
15,20,5,30,TRUE,TRUE,0.25,1,1.5,0.5,6,7,3,5,2,1,2,585.13,4.54,66,1.297,0.193
15,30,5,30,TRUE,TRUE,0.25,1.5,1.5,0.5,6,7,3,7,2,1,2,637.04,4.54,64,1.297,0.252
15,30,5,30,TRUE,TRUE,0.25,1.5,1.5,0.5,6,7,3,8,2,1,2,637.04,4.54,64,1.297,0.252
15,40,5,20,TRUE,TRUE,0.25,1.5,1.25,0.5,6,6,3,5,2,1,2,552.25,4.54,57,1.297,0.141
15,40,5,30,TRUE,TRUE,0.25,1,1,0.5,6,5,3,5,2,1,2,573.83,4.54,60,1.297,0.168
15,40,5,30,TRUE,TRUE,0.25,1,1.25,0.5,6,5,3,5,2,1,2,573.83,4.54,60,1.297,0.168
15,40,5,30,TRUE,TRUE,0.25,1,1.5,0.5,6,5,3,5,2,1,2,573.83,4.54,60,1.297,0.168
15,40,5,30,TRUE,TRUE,0.25,1.25,1,0.5,6,5,3,5,2,1,2,559.77,4.54,59,1.297,0.148
15,20,6,20,TRUE,TRUE,0.25,1.5,1.5,0.5,6,7,3,6,2,1,2,507.98,4.54,48,1.297,0.062
15,20,6,30,TRUE,TRUE,0.25,1.5,1.5,0.5,6,5,3,7,2,1,2,463.58,4.54,45,1.297,-0.01
15,20,6,30,TRUE,TRUE,0.25,1.5,1.5,0.5,6,5,3,8,2,1,2,463.58,4.54,45,1.297,-0.01
15,40,6,20,TRUE,TRUE,0.25,1,1,0.5,6,5,3,6,2,1,2,481.65,4.54,46,1.297,0.019
15,40,6,20,TRUE,TRUE,0.25,1.25,1,0.5,6,7,3,5,2,1,2,467.35,4.54,47,1.297,-0.007
10,20,4,30,TRUE,TRUE,0.25,1,1,0.5,6,6,3,5,2,1,2,554.18,4.53,68,1.497,0.159
10,30,4,30,TRUE,TRUE,0.25,1,1,0.5,6,6,3,5,2,1,2,574.17,4.53,68,1.497,0.186
10,30,4,30,TRUE,TRUE,0.25,1,1.25,0.5,6,6,3,5,2,1,2,573.38,4.53,68,1.497,0.184
10,30,4,30,TRUE,TRUE,0.25,1,1.5,0.5,6,6,3,5,2,1,2,573.38,4.53,68,1.497,0.184
10,30,4,30,TRUE,TRUE,0.25,1.5,1,0.5,6,4,3,5,2,1,2,545.4,4.53,62,1.497,0.143
10,40,4,30,TRUE,TRUE,0.25,1,1,0.5,6,4,3,5,2,1,2,567.69,4.53,66,1.497,0.174
10,40,4,30,TRUE,TRUE,0.25,1,1.25,0.5,6,4,3,5,2,1,2,566.89,4.53,66,1.497,0.173
10,40,4,30,TRUE,TRUE,0.25,1,1.5,0.5,6,4,3,5,2,1,2,566.89,4.53,66,1.497,0.173
10,40,4,30,TRUE,TRUE,0.25,1.25,1.25,0.5,6,4,3,5,2,1,2,541.73,4.53,62,1.497,0.136
10,20,5,20,TRUE,TRUE,0.25,1.5,1.25,0.5,6,7,3,6,2,1,2,608.46,4.53,65,1.497,0.219
10,20,5,20,TRUE,TRUE,0.25,1.5,1.5,0.5,6,4,3,7,2,1,2,560.76,4.53,60,1.497,0.165
10,20,5,20,TRUE,TRUE,0.25,1.5,1.5,0.5,6,4,3,8,2,1,2,560.76,4.53,60,1.497,0.165
10,20,5,20,FALSE,TRUE,0.25,1.5,1,0.5,6,4,3,5,2,1,2,1006.01,4.53,57,3,0.52
10,20,5,30,TRUE,TRUE,0.25,1.5,1.25,0.5,6,7,3,7,2,1,2,643.78,4.53,68,1.497,0.269
10,20,5,30,TRUE,TRUE,0.25,1.5,1.25,0.5,6,7,3,8,2,1,2,643.78,4.53,68,1.497,0.269
10,20,5,30,FALSE,TRUE,0.25,1.5,1,0.5,6,4,3,5,2,1,2,1006.01,4.53,57,3,0.52
10,30,5,20,FALSE,TRUE,0.25,1.5,1,0.5,6,4,3,5,2,1,2,1006.01,4.53,57,3,0.52
10,30,5,30,TRUE,TRUE,0.25,1.5,1.25,0.5,6,5,3,7,2,1,2,591.06,4.53,62,1.497,0.207
10,30,5,30,TRUE,TRUE,0.25,1.5,1.25,0.5,6,5,3,8,2,1,2,591.06,4.53,62,1.497,0.207
10,30,5,30,FALSE,TRUE,0.25,1.5,1,0.5,6,4,3,5,2,1,2,1006.01,4.53,57,3,0.52
10,40,5,20,TRUE,TRUE,0.25,1,1,0.5,6,7,3,6,2,1,2,605.23,4.53,66,1.497,0.217
10,40,5,20,TRUE,TRUE,0.25,1.25,1,0.5,6,5,3,7,2,1,2,596.5,4.53,64,1.497,0.21
10,40,5,20,TRUE,TRUE,0.25,1.25,1,0.5,6,5,3,8,2,1,2,596.5,4.53,64,1.497,0.21
10,40,5,20,TRUE,TRUE,0.25,1.25,1.5,0.5,6,6,3,5,2,1,2,547.71,4.53,58,1.497,0.134
10,40,5,20,FALSE,TRUE,0.25,1.5,1.25,0.5,6,5,3,7,2,1,2,1077.94,4.53,60,3,0.568
10,40,5,20,FALSE,TRUE,0.25,1.5,1.25,0.5,6,5,3,8,2,1,2,1077.94,4.53,60,3,0.568
10,40,5,20,FALSE,TRUE,0.25,1.5,1.25,0.5,6,7,3,7,2,1,2,1220.6,4.53,67,3,0.627
10,40,5,20,FALSE,TRUE,0.25,1.5,1.25,0.5,6,7,3,8,2,1,2,1220.6,4.53,67,3,0.627
10,40,5,30,TRUE,TRUE,0.25,1.25,1,0.5,6,6,3,5,2,1,2,556.93,4.53,60,1.497,0.146
10,40,5,30,FALSE,TRUE,0.25,1.5,1.25,0.5,6,5,3,7,2,1,2,1077.94,4.53,60,3,0.568
10,40,5,30,FALSE,TRUE,0.25,1.5,1.25,0.5,6,5,3,8,2,1,2,1077.94,4.53,60,3,0.568
10,40,5,30,FALSE,TRUE,0.25,1.5,1.25,0.5,6,7,3,7,2,1,2,1220.6,4.53,67,3,0.627
10,40,5,30,FALSE,TRUE,0.25,1.5,1.25,0.5,6,7,3,8,2,1,2,1220.6,4.53,67,3,0.627
10,20,6,30,TRUE,TRUE,0.25,1.5,1.25,0.5,6,5,3,5,2,1,2,460.57,4.53,46,1.497,-0.018
10,40,6,20,TRUE,TRUE,0.25,1.5,1.25,0.5,6,5,3,5,2,1,2,457.61,4.53,45,1.497,-0.026
10,40,6,20,TRUE,TRUE,0.25,1.5,1.25,0.5,6,7,3,5,2,1,2,518.23,4.53,52,1.497,0.078
15,20,4,20,FALSE,TRUE,0.25,1.25,1,0.5,6,5,3,5,2,1,2,1070.16,4.53,68,3,0.572
15,30,4,20,FALSE,TRUE,0.25,1.25,1,0.5,6,5,3,5,2,1,2,1070.16,4.53,68,3,0.572
15,30,5,20,TRUE,TRUE,0.25,1.5,1.5,0.5,6,4,3,5,2,1,2,547.75,4.53,55,1.297,0.133
15,20,6,20,TRUE,TRUE,0.25,1.25,1,0.5,6,4,3,5,2,1,2,452.24,4.53,43,1.297,-0.04
15,20,6,20,TRUE,TRUE,0.25,1.25,1,0.5,6,5,3,7,2,1,2,471.03,4.53,48,1.297,0.002
15,20,6,20,TRUE,TRUE,0.25,1.25,1,0.5,6,5,3,8,2,1,2,471.03,4.53,48,1.297,0.002
15,20,6,30,TRUE,TRUE,0.25,1.5,1,0.5,6,5,3,7,2,1,2,468.25,4.53,46,1.297,-0.002
15,20,6,30,TRUE,TRUE,0.25,1.5,1,0.5,6,5,3,8,2,1,2,468.25,4.53,46,1.297,-0.002
15,20,6,30,TRUE,TRUE,0.25,1.5,1.25,0.5,6,5,3,6,2,1,2,461.94,4.53,44,1.297,-0.013
15,30,6,20,TRUE,TRUE,0.25,1.5,1,0.5,6,4,3,5,2,1,2,455.49,4.53,42,1.297,-0.032
15,30,6,30,TRUE,TRUE,0.25,1,1,0.5,6,4,3,5,2,1,2,474.24,4.53,44,1.297,0.002
15,30,6,30,TRUE,TRUE,0.25,1,1,0.5,6,5,3,7,2,1,2,491.52,4.53,48,1.297,0.04
15,30,6,30,TRUE,TRUE,0.25,1,1,0.5,6,5,3,8,2,1,2,491.52,4.53,48,1.297,0.04
15,30,6,30,TRUE,TRUE,0.25,1,1.25,0.5,6,4,3,5,2,1,2,474.24,4.53,44,1.297,0.002
15,30,6,30,TRUE,TRUE,0.25,1,1.25,0.5,6,5,3,7,2,1,2,491.52,4.53,48,1.297,0.04
15,30,6,30,TRUE,TRUE,0.25,1,1.25,0.5,6,5,3,8,2,1,2,491.52,4.53,48,1.297,0.04
15,30,6,30,TRUE,TRUE,0.25,1,1.5,0.5,6,4,3,5,2,1,2,474.24,4.53,44,1.297,0.002
15,30,6,30,TRUE,TRUE,0.25,1,1.5,0.5,6,5,3,7,2,1,2,491.52,4.53,48,1.297,0.04
15,30,6,30,TRUE,TRUE,0.25,1,1.5,0.5,6,5,3,8,2,1,2,491.52,4.53,48,1.297,0.04
10,20,4,30,TRUE,TRUE,0.25,1,1.25,0.5,6,6,3,5,2,1,2,553.38,4.52,68,1.497,0.157
10,20,4,30,TRUE,TRUE,0.25,1,1.5,0.5,6,6,3,5,2,1,2,553.38,4.52,68,1.497,0.157
10,30,4,20,TRUE,TRUE,0.25,1.25,1.5,0.5,6,5,3,5,2,1,2,551.78,4.52,65,1.497,0.155
10,30,4,20,TRUE,TRUE,0.25,1.5,1.25,0.5,6,5,3,5,2,1,2,548.26,4.52,65,1.497,0.149
10,30,4,30,TRUE,TRUE,0.25,1,1,0.5,6,5,3,5,2,1,2,571.37,4.52,67,1.497,0.181
10,30,4,30,TRUE,TRUE,0.25,1.5,1.5,0.5,6,7,3,7,2,1,2,652.88,4.52,72,1.497,0.287
10,30,4,30,TRUE,TRUE,0.25,1.5,1.5,0.5,6,7,3,8,2,1,2,652.88,4.52,72,1.497,0.287
10,40,4,20,FALSE,TRUE,0.25,1,1,0.5,6,4,3,5,2,1,2,1089.45,4.52,68,3,0.583
10,40,4,20,FALSE,TRUE,0.25,1,1.25,0.5,6,4,3,5,2,1,2,1087.82,4.52,68,3,0.582
10,40,4,20,FALSE,TRUE,0.25,1,1.5,0.5,6,4,3,5,2,1,2,1087.82,4.52,68,3,0.582
10,40,4,20,FALSE,TRUE,0.25,1.5,1.25,0.5,6,5,3,5,2,1,2,1034.86,4.52,64,3,0.556
10,40,4,30,TRUE,TRUE,0.25,1.25,1,0.5,6,7,3,7,2,1,2,618.19,4.52,73,1.497,0.252
10,40,4,30,TRUE,TRUE,0.25,1.25,1,0.5,6,7,3,8,2,1,2,618.19,4.52,73,1.497,0.252
10,40,4,30,FALSE,TRUE,0.25,1.25,1.25,0.5,6,7,3,5,2,1,2,1095.73,4.52,67,3,0.579
10,20,5,20,TRUE,TRUE,0.25,1.25,1.5,0.5,6,5,3,5,2,1,2,524.95,4.52,58,1.497,0.102
10,20,5,20,FALSE,TRUE,0.25,1.5,1.25,0.5,6,6,3,5,2,1,2,1007.94,4.52,58,3,0.528
10,20,5,30,TRUE,TRUE,0.25,1,1,0.5,6,5,3,5,2,1,2,547.99,4.52,61,1.497,0.137
10,20,5,30,TRUE,TRUE,0.25,1,1.25,0.5,6,5,3,5,2,1,2,547.19,4.52,61,1.497,0.135
10,20,5,30,TRUE,TRUE,0.25,1,1.5,0.5,6,5,3,5,2,1,2,547.19,4.52,61,1.497,0.135
10,20,5,30,TRUE,TRUE,0.25,1.5,1.5,0.5,6,5,3,6,2,1,2,531.8,4.52,58,1.497,0.117
10,20,5,30,FALSE,TRUE,0.25,1.5,1.25,0.5,6,6,3,5,2,1,2,1007.94,4.52,58,3,0.528
10,30,5,20,FALSE,TRUE,0.25,1.5,1.25,0.5,6,6,3,5,2,1,2,1007.94,4.52,58,3,0.528
10,30,5,30,FALSE,TRUE,0.25,1.5,1.25,0.5,6,6,3,5,2,1,2,1007.94,4.52,58,3,0.528
10,40,5,20,FALSE,TRUE,0.25,1.5,1.25,0.5,6,5,3,6,2,1,2,1010.91,4.52,57,3,0.525
10,40,5,20,FALSE,TRUE,0.25,1.5,1.25,0.5,6,7,3,6,2,1,2,1153.57,4.52,64,3,0.589
10,40,5,30,FALSE,TRUE,0.25,1.5,1.25,0.5,6,5,3,6,2,1,2,1010.91,4.52,57,3,0.525
10,40,5,30,FALSE,TRUE,0.25,1.5,1.25,0.5,6,7,3,6,2,1,2,1153.57,4.52,64,3,0.589
10,20,6,30,TRUE,TRUE,0.25,1.5,1,0.5,6,5,3,5,2,1,2,464.27,4.52,47,1.497,-0.014
10,20,6,30,TRUE,TRUE,0.25,1.5,1.5,0.5,6,5,3,5,2,1,2,458.77,4.52,46,1.497,-0.023
10,40,6,20,TRUE,TRUE,0.25,1.5,1.5,0.5,6,7,3,5,2,1,2,516.42,4.52,52,1.497,0.075
15,30,4,30,TRUE,TRUE,0.25,1.5,1,0.5,6,7,3,7,2,1,2,634.48,4.52,71,1.297,0.258
15,30,4,30,TRUE,TRUE,0.25,1.5,1,0.5,6,7,3,8,2,1,2,634.48,4.52,71,1.297,0.258
15,40,4,20,TRUE,TRUE,0.25,1.25,1.5,0.5,6,7,3,5,2,1,2,581.89,4.52,68,1.297,0.198
15,40,4,20,TRUE,TRUE,0.25,1.5,1,0.5,6,7,3,6,2,1,2,634.74,4.52,71,1.297,0.257
15,20,5,20,TRUE,TRUE,0.25,1.5,1.5,0.5,6,7,3,7,2,1,2,610.37,4.52,64,1.297,0.222
15,20,5,20,TRUE,TRUE,0.25,1.5,1.5,0.5,6,7,3,8,2,1,2,610.37,4.52,64,1.297,0.222
15,20,5,30,TRUE,TRUE,0.25,1.5,1.5,0.5,6,5,3,5,2,1,2,527.63,4.52,56,1.297,0.108
15,30,5,20,TRUE,TRUE,0.25,1.5,1,0.5,6,7,3,7,2,1,2,639.15,4.52,66,1.297,0.25
15,30,5,20,TRUE,TRUE,0.25,1.5,1,0.5,6,7,3,8,2,1,2,639.15,4.52,66,1.297,0.25
15,30,5,20,TRUE,TRUE,0.25,1.5,1.25,0.5,6,5,3,5,2,1,2,551.71,4.52,57,1.297,0.141
15,30,5,30,TRUE,TRUE,0.25,1.5,1.5,0.5,6,7,3,6,2,1,2,633.3,4.52,63,1.297,0.245
15,40,5,30,TRUE,TRUE,0.25,1.25,1.5,0.5,6,7,3,5,2,1,2,584.06,4.52,61,1.297,0.189
15,20,6,20,TRUE,TRUE,0.25,1.25,1.25,0.5,6,4,3,5,2,1,2,451.88,4.52,43,1.297,-0.04
15,20,6,20,TRUE,TRUE,0.25,1.25,1.5,0.5,6,4,3,5,2,1,2,451.88,4.52,43,1.297,-0.04
15,20,6,30,TRUE,TRUE,0.25,1.25,1.25,0.5,6,5,3,5,2,1,2,455.56,4.52,44,1.297,-0.03
15,20,6,30,TRUE,TRUE,0.25,1.25,1.5,0.5,6,5,3,5,2,1,2,455.56,4.52,44,1.297,-0.03
15,30,6,30,TRUE,TRUE,0.25,1.25,1,0.5,6,6,3,5,2,1,2,462.43,4.52,45,1.297,-0.018
15,40,6,30,TRUE,TRUE,0.25,1,1,0.5,6,5,3,7,2,1,2,491.08,4.52,48,1.297,0.039
15,40,6,30,TRUE,TRUE,0.25,1,1,0.5,6,5,3,8,2,1,2,491.08,4.52,48,1.297,0.039
15,40,6,30,TRUE,TRUE,0.25,1,1.25,0.5,6,5,3,7,2,1,2,491.08,4.52,48,1.297,0.039
15,40,6,30,TRUE,TRUE,0.25,1,1.25,0.5,6,5,3,8,2,1,2,491.08,4.52,48,1.297,0.039
15,40,6,30,TRUE,TRUE,0.25,1,1.5,0.5,6,5,3,7,2,1,2,491.08,4.52,48,1.297,0.039
15,40,6,30,TRUE,TRUE,0.25,1,1.5,0.5,6,5,3,8,2,1,2,491.08,4.52,48,1.297,0.039
10,20,4,20,TRUE,TRUE,0.25,1.5,1,0.5,6,7,3,7,2,1,2,644.77,4.51,75,1.497,0.28
10,20,4,20,TRUE,TRUE,0.25,1.5,1,0.5,6,7,3,8,2,1,2,644.77,4.51,75,1.497,0.28
10,20,4,30,TRUE,TRUE,0.25,1,1,0.5,6,5,3,5,2,1,2,551.38,4.51,67,1.497,0.154
10,30,4,20,TRUE,TRUE,0.25,1.5,1,0.5,6,5,3,7,2,1,2,589.25,4.51,69,1.497,0.214
10,30,4,20,TRUE,TRUE,0.25,1.5,1,0.5,6,5,3,8,2,1,2,589.25,4.51,69,1.497,0.214
10,30,4,30,TRUE,TRUE,0.25,1,1.25,0.5,6,5,3,5,2,1,2,570.57,4.51,67,1.497,0.18
10,30,4,30,TRUE,TRUE,0.25,1,1.5,0.5,6,5,3,5,2,1,2,570.57,4.51,67,1.497,0.18
10,30,4,30,TRUE,TRUE,0.25,1.5,1.5,0.5,6,4,3,5,2,1,2,538.97,4.51,61,1.497,0.132
10,40,4,20,TRUE,TRUE,0.25,1.25,1.25,0.5,6,6,3,5,2,1,2,550.04,4.51,66,1.497,0.153
10,40,4,20,TRUE,TRUE,0.25,1.25,1.25,0.5,6,7,3,5,2,1,2,576.07,4.51,69,1.497,0.191
10,40,4,20,TRUE,TRUE,0.25,1.5,1.25,0.5,6,7,3,7,2,1,2,655.47,4.51,74,1.497,0.288
10,40,4,20,TRUE,TRUE,0.25,1.5,1.25,0.5,6,7,3,8,2,1,2,655.47,4.51,74,1.497,0.288
10,40,4,20,FALSE,TRUE,0.25,1.25,1.25,0.5,6,5,3,5,2,1,2,1039.09,4.51,65,3,0.562
10,20,5,20,FALSE,TRUE,0.25,1,1,0.5,6,6,3,5,2,1,2,1056.5,4.51,62,3,0.552
10,20,5,20,FALSE,TRUE,0.25,1.25,1,0.5,6,7,3,5,2,1,2,1098.83,4.51,65,3,0.562
10,20,5,30,TRUE,TRUE,0.25,1.5,1,0.5,6,7,3,6,2,1,2,613.54,4.51,66,1.497,0.224
10,20,5,30,FALSE,TRUE,0.25,1,1,0.5,6,6,3,5,2,1,2,1056.5,4.51,62,3,0.552
10,20,5,30,FALSE,TRUE,0.25,1.25,1,0.5,6,7,3,5,2,1,2,1098.83,4.51,65,3,0.562
10,30,5,20,FALSE,TRUE,0.25,1,1,0.5,6,6,3,5,2,1,2,1056.5,4.51,62,3,0.552
10,30,5,20,FALSE,TRUE,0.25,1.25,1,0.5,6,7,3,5,2,1,2,1098.83,4.51,65,3,0.562
10,30,5,30,TRUE,TRUE,0.25,1,1,0.5,6,6,3,5,2,1,2,575.32,4.51,62,1.497,0.175
10,30,5,30,TRUE,TRUE,0.25,1,1.25,0.5,6,6,3,5,2,1,2,574.53,4.51,62,1.497,0.174
10,30,5,30,TRUE,TRUE,0.25,1,1.5,0.5,6,6,3,5,2,1,2,574.53,4.51,62,1.497,0.174
10,30,5,30,FALSE,TRUE,0.25,1,1,0.5,6,6,3,5,2,1,2,1056.5,4.51,62,3,0.552
10,30,5,30,FALSE,TRUE,0.25,1.25,1,0.5,6,7,3,5,2,1,2,1098.83,4.51,65,3,0.562
10,40,5,20,TRUE,TRUE,0.25,1,1,0.5,6,5,3,7,2,1,2,609.41,4.51,65,1.497,0.227
10,40,5,20,TRUE,TRUE,0.25,1,1,0.5,6,5,3,8,2,1,2,609.41,4.51,65,1.497,0.227
10,40,5,20,TRUE,TRUE,0.25,1.5,1,0.5,6,4,3,6,2,1,2,548.24,4.51,57,1.497,0.133
10,40,5,30,TRUE,TRUE,0.25,1,1,0.5,6,7,3,7,2,1,2,645.28,4.51,70,1.497,0.276
10,40,5,30,TRUE,TRUE,0.25,1,1,0.5,6,7,3,8,2,1,2,645.28,4.51,70,1.497,0.276
10,40,5,30,TRUE,TRUE,0.25,1,1.25,0.5,6,7,3,7,2,1,2,644.48,4.51,70,1.497,0.275
10,40,5,30,TRUE,TRUE,0.25,1,1.25,0.5,6,7,3,8,2,1,2,644.48,4.51,70,1.497,0.275
10,40,5,30,TRUE,TRUE,0.25,1,1.5,0.5,6,7,3,7,2,1,2,644.48,4.51,70,1.497,0.275
10,40,5,30,TRUE,TRUE,0.25,1,1.5,0.5,6,7,3,8,2,1,2,644.48,4.51,70,1.497,0.275
10,20,6,30,TRUE,TRUE,0.25,1.5,1.25,0.5,6,7,3,5,2,1,2,518.23,4.51,52,1.497,0.079
10,40,6,20,TRUE,TRUE,0.25,1.5,1.5,0.5,6,5,3,5,2,1,2,455.81,4.51,45,1.497,-0.03
15,20,4,20,TRUE,TRUE,0.25,1,1,0.5,6,5,3,5,2,1,2,561.21,4.51,70,1.297,0.169
15,20,4,20,TRUE,TRUE,0.25,1,1.25,0.5,6,5,3,5,2,1,2,561.21,4.51,70,1.297,0.169
15,20,4,20,TRUE,TRUE,0.25,1,1.5,0.5,6,5,3,5,2,1,2,561.21,4.51,70,1.297,0.169
15,20,4,20,TRUE,TRUE,0.25,1.5,1.25,0.5,6,7,3,5,2,1,2,607.8,4.51,70,1.297,0.226
15,30,4,20,TRUE,TRUE,0.25,1.25,1,0.5,6,6,3,5,2,1,2,567.24,4.51,69,1.297,0.176
15,40,4,20,FALSE,TRUE,0.25,1.5,1.25,0.5,6,7,3,5,2,1,2,1173.79,4.51,69,3,0.608
15,40,4,30,TRUE,TRUE,0.25,1,1,0.5,6,6,3,5,2,1,2,577.36,4.51,68,1.297,0.189
15,40,4,30,TRUE,TRUE,0.25,1,1.25,0.5,6,6,3,5,2,1,2,577.36,4.51,68,1.297,0.189
15,40,4,30,TRUE,TRUE,0.25,1,1.5,0.5,6,6,3,5,2,1,2,577.36,4.51,68,1.297,0.189
15,40,4,30,TRUE,TRUE,0.25,1.25,1.25,0.5,6,7,3,5,2,1,2,577.59,4.51,67,1.297,0.191
15,40,5,20,TRUE,TRUE,0.25,1.25,1.25,0.5,6,7,3,5,2,1,2,582.12,4.51,62,1.297,0.186
15,40,5,20,FALSE,TRUE,0.25,1.5,1.5,0.5,6,7,3,7,2,1,2,1155.38,4.51,63,3,0.59
15,40,5,20,FALSE,TRUE,0.25,1.5,1.5,0.5,6,7,3,8,2,1,2,1155.38,4.51,63,3,0.59
15,40,5,30,TRUE,TRUE,0.25,1.5,1.25,0.5,6,4,3,5,2,1,2,549.79,4.51,55,1.297,0.134
15,40,5,30,FALSE,TRUE,0.25,1.5,1.5,0.5,6,7,3,7,2,1,2,1155.38,4.51,63,3,0.59
15,40,5,30,FALSE,TRUE,0.25,1.5,1.5,0.5,6,7,3,8,2,1,2,1155.38,4.51,63,3,0.59
15,20,6,30,TRUE,TRUE,0.25,1,1,0.5,6,5,3,6,2,1,2,478.85,4.51,46,1.297,0.014
15,20,6,30,TRUE,TRUE,0.25,1.5,1,0.5,6,5,3,6,2,1,2,464.81,4.51,45,1.297,-0.01
15,20,6,30,TRUE,TRUE,0.25,1.5,1.25,0.5,6,7,3,7,2,1,2,513.44,4.51,49,1.297,0.072
15,20,6,30,TRUE,TRUE,0.25,1.5,1.25,0.5,6,7,3,8,2,1,2,513.44,4.51,49,1.297,0.072
15,20,6,30,TRUE,TRUE,0.25,1.5,1.5,0.5,6,5,3,6,2,1,2,460.14,4.51,44,1.297,-0.017
15,30,6,20,TRUE,TRUE,0.25,1.5,1,0.5,6,5,3,7,2,1,2,469.03,4.51,46,1.297,-0.001
15,30,6,20,TRUE,TRUE,0.25,1.5,1,0.5,6,5,3,8,2,1,2,469.03,4.51,46,1.297,-0.001
15,30,6,30,TRUE,TRUE,0.25,1,1.25,0.5,6,5,3,6,2,1,2,487.92,4.51,47,1.297,0.032
15,30,6,30,TRUE,TRUE,0.25,1,1.5,0.5,6,5,3,6,2,1,2,487.92,4.51,47,1.297,0.032
15,40,6,20,TRUE,TRUE,0.25,1.5,1,0.5,6,4,3,5,2,1,2,454.88,4.51,42,1.297,-0.033
15,40,6,30,TRUE,TRUE,0.25,1,1,0.5,6,4,3,5,2,1,2,473.63,4.51,44,1.297,0
15,40,6,30,TRUE,TRUE,0.25,1,1.25,0.5,6,4,3,5,2,1,2,473.63,4.51,44,1.297,0
15,40,6,30,TRUE,TRUE,0.25,1,1.5,0.5,6,4,3,5,2,1,2,473.63,4.51,44,1.297,0
10,20,4,20,TRUE,TRUE,0.25,1.5,1,0.5,6,4,3,5,2,1,2,530.12,4.5,64,1.497,0.122
10,20,4,20,FALSE,TRUE,0.25,1,1,0.5,6,5,3,5,2,1,2,1092.4,4.5,69,3,0.587
10,20,4,20,FALSE,TRUE,0.25,1,1.25,0.5,6,5,3,5,2,1,2,1090.78,4.5,69,3,0.585
10,20,4,20,FALSE,TRUE,0.25,1,1.5,0.5,6,5,3,5,2,1,2,1090.78,4.5,69,3,0.585
10,20,4,30,TRUE,TRUE,0.25,1,1.25,0.5,6,5,3,5,2,1,2,550.58,4.5,67,1.497,0.153
10,20,4,30,TRUE,TRUE,0.25,1,1.5,0.5,6,5,3,5,2,1,2,550.58,4.5,67,1.497,0.153
10,30,4,20,TRUE,TRUE,0.25,1,1,0.5,6,6,3,5,2,1,2,576.56,4.5,70,1.497,0.19
10,30,4,20,FALSE,TRUE,0.25,1,1,0.5,6,5,3,5,2,1,2,1092.4,4.5,69,3,0.587
10,30,4,20,FALSE,TRUE,0.25,1,1.25,0.5,6,5,3,5,2,1,2,1090.78,4.5,69,3,0.585
10,30,4,20,FALSE,TRUE,0.25,1,1.5,0.5,6,5,3,5,2,1,2,1090.78,4.5,69,3,0.585
10,30,4,30,TRUE,TRUE,0.25,1.5,1,0.5,6,5,3,7,2,1,2,585.93,4.5,68,1.497,0.209
10,30,4,30,TRUE,TRUE,0.25,1.5,1,0.5,6,5,3,8,2,1,2,585.93,4.5,68,1.497,0.209
10,30,4,30,TRUE,TRUE,0.25,1.5,1,0.5,6,6,3,7,2,1,2,585.93,4.5,68,1.497,0.209
10,30,4,30,TRUE,TRUE,0.25,1.5,1,0.5,6,6,3,8,2,1,2,585.93,4.5,68,1.497,0.209
10,40,4,20,TRUE,TRUE,0.25,1.5,1.5,0.5,6,5,3,6,2,1,2,544.94,4.5,64,1.497,0.144
10,40,4,20,FALSE,TRUE,0.25,1.25,1.5,0.5,6,7,3,5,2,1,2,1102.36,4.5,68,3,0.584
10,20,5,20,FALSE,TRUE,0.25,1,1.25,0.5,6,6,3,5,2,1,2,1054.87,4.5,62,3,0.551
10,20,5,20,FALSE,TRUE,0.25,1,1.5,0.5,6,6,3,5,2,1,2,1054.87,4.5,62,3,0.551
10,20,5,20,FALSE,TRUE,0.25,1.25,1.5,0.5,6,5,3,5,2,1,2,1004.01,4.5,58,3,0.521
10,20,5,30,FALSE,TRUE,0.25,1,1.25,0.5,6,6,3,5,2,1,2,1054.87,4.5,62,3,0.551
10,20,5,30,FALSE,TRUE,0.25,1,1.5,0.5,6,6,3,5,2,1,2,1054.87,4.5,62,3,0.551
10,20,5,30,FALSE,TRUE,0.25,1.25,1.5,0.5,6,5,3,5,2,1,2,1004.01,4.5,58,3,0.521
10,30,5,20,TRUE,TRUE,0.25,1,1,0.5,6,7,3,7,2,1,2,644.11,4.5,71,1.497,0.275
10,30,5,20,TRUE,TRUE,0.25,1,1,0.5,6,7,3,8,2,1,2,644.11,4.5,71,1.497,0.275
10,30,5,20,TRUE,TRUE,0.25,1.5,1.5,0.5,6,6,3,6,2,1,2,553.2,4.5,59,1.497,0.147
10,30,5,20,FALSE,TRUE,0.25,1,1.25,0.5,6,6,3,5,2,1,2,1054.87,4.5,62,3,0.551
10,30,5,20,FALSE,TRUE,0.25,1,1.5,0.5,6,6,3,5,2,1,2,1054.87,4.5,62,3,0.551
10,30,5,20,FALSE,TRUE,0.25,1.25,1.5,0.5,6,5,3,5,2,1,2,1004.01,4.5,58,3,0.521
10,30,5,30,TRUE,TRUE,0.25,1.5,1,0.5,6,5,3,6,2,1,2,560.43,4.5,60,1.497,0.155
10,30,5,30,FALSE,TRUE,0.25,1,1.25,0.5,6,6,3,5,2,1,2,1054.87,4.5,62,3,0.551
10,30,5,30,FALSE,TRUE,0.25,1,1.5,0.5,6,6,3,5,2,1,2,1054.87,4.5,62,3,0.551
10,30,5,30,FALSE,TRUE,0.25,1.25,1.5,0.5,6,5,3,5,2,1,2,1004.01,4.5,58,3,0.521
10,40,5,20,TRUE,TRUE,0.25,1,1.25,0.5,6,5,3,7,2,1,2,608.61,4.5,65,1.497,0.226
10,40,5,20,TRUE,TRUE,0.25,1,1.25,0.5,6,5,3,8,2,1,2,608.61,4.5,65,1.497,0.226
10,40,5,20,TRUE,TRUE,0.25,1,1.5,0.5,6,5,3,7,2,1,2,608.61,4.5,65,1.497,0.226
10,40,5,20,TRUE,TRUE,0.25,1,1.5,0.5,6,5,3,8,2,1,2,608.61,4.5,65,1.497,0.226
10,40,5,20,FALSE,TRUE,0.25,1.25,1.5,0.5,6,4,3,5,2,1,2,993.84,4.5,55,3,0.508
10,40,5,20,FALSE,TRUE,0.25,1.5,1.5,0.5,6,6,3,7,2,1,2,1078.22,4.5,61,3,0.576
10,40,5,20,FALSE,TRUE,0.25,1.5,1.5,0.5,6,6,3,8,2,1,2,1078.22,4.5,61,3,0.576
10,40,5,30,FALSE,TRUE,0.25,1.25,1.5,0.5,6,4,3,5,2,1,2,993.84,4.5,55,3,0.508
10,40,5,30,FALSE,TRUE,0.25,1.5,1.5,0.5,6,6,3,7,2,1,2,1078.22,4.5,61,3,0.576
10,40,5,30,FALSE,TRUE,0.25,1.5,1.5,0.5,6,6,3,8,2,1,2,1078.22,4.5,61,3,0.576
10,20,6,30,TRUE,TRUE,0.25,1.5,1,0.5,6,7,3,5,2,1,2,521.93,4.5,53,1.497,0.083
10,20,6,30,TRUE,TRUE,0.25,1.5,1.5,0.5,6,7,3,5,2,1,2,516.42,4.5,52,1.497,0.076
15,20,4,30,FALSE,TRUE,0.25,1.25,1,0.5,6,6,3,5,2,1,2,1060.23,4.5,67,3,0.565
15,30,4,30,TRUE,TRUE,0.25,1.5,1,0.5,6,7,3,6,2,1,2,630.74,4.5,70,1.297,0.251
15,30,4,30,FALSE,TRUE,0.25,1.25,1,0.5,6,6,3,5,2,1,2,1060.23,4.5,67,3,0.565
15,40,4,30,TRUE,TRUE,0.25,1,1,0.5,6,5,3,5,2,1,2,574.55,4.5,67,1.297,0.184
15,40,4,30,TRUE,TRUE,0.25,1,1.25,0.5,6,5,3,5,2,1,2,574.55,4.5,67,1.297,0.184
15,40,4,30,TRUE,TRUE,0.25,1,1.5,0.5,6,5,3,5,2,1,2,574.55,4.5,67,1.297,0.184
15,20,5,20,TRUE,TRUE,0.25,1,1,0.5,6,5,3,5,2,1,2,546.87,4.5,61,1.297,0.133
15,20,5,20,TRUE,TRUE,0.25,1,1.25,0.5,6,5,3,5,2,1,2,546.87,4.5,61,1.297,0.133
15,20,5,20,TRUE,TRUE,0.25,1,1.5,0.5,6,5,3,5,2,1,2,546.87,4.5,61,1.297,0.133
15,20,5,20,TRUE,TRUE,0.25,1.25,1,0.5,6,5,3,5,2,1,2,533.2,4.5,60,1.297,0.112
15,20,5,20,TRUE,TRUE,0.25,1.5,1.5,0.5,6,7,3,6,2,1,2,606.94,4.5,63,1.297,0.216
15,30,5,20,TRUE,TRUE,0.25,1.25,1.5,0.5,6,5,3,5,2,1,2,549.8,4.5,58,1.297,0.136
15,30,5,20,TRUE,TRUE,0.25,1.5,1,0.5,6,7,3,6,2,1,2,635.55,4.5,65,1.297,0.244
15,30,5,30,TRUE,TRUE,0.25,1,1,0.5,6,5,3,5,2,1,2,572.46,4.5,61,1.297,0.166
15,30,5,30,TRUE,TRUE,0.25,1,1.25,0.5,6,5,3,5,2,1,2,572.46,4.5,61,1.297,0.166
15,30,5,30,TRUE,TRUE,0.25,1,1.5,0.5,6,5,3,5,2,1,2,572.46,4.5,61,1.297,0.166
15,30,5,30,TRUE,TRUE,0.25,1.25,1,0.5,6,5,3,5,2,1,2,558.4,4.5,60,1.297,0.146
15,40,5,20,TRUE,TRUE,0.25,1.25,1,0.5,6,6,3,5,2,1,2,557.55,4.5,60,1.297,0.145
15,40,5,20,FALSE,TRUE,0.25,1.5,1.25,0.5,6,4,3,5,2,1,2,1001.73,4.5,55,3,0.511
15,40,5,20,FALSE,TRUE,0.25,1.5,1.5,0.5,6,6,3,5,2,1,2,1003.7,4.5,56,3,0.521
15,40,5,30,TRUE,TRUE,0.25,1,1,0.5,6,6,3,5,2,1,2,575.52,4.5,61,1.297,0.173
15,40,5,30,TRUE,TRUE,0.25,1,1.25,0.5,6,6,3,5,2,1,2,575.52,4.5,61,1.297,0.173
15,40,5,30,TRUE,TRUE,0.25,1,1.5,0.5,6,6,3,5,2,1,2,575.52,4.5,61,1.297,0.173
15,40,5,30,FALSE,TRUE,0.25,1.5,1.25,0.5,6,4,3,5,2,1,2,1001.73,4.5,55,3,0.511
15,40,5,30,FALSE,TRUE,0.25,1.5,1.5,0.5,6,6,3,5,2,1,2,1003.7,4.5,56,3,0.521
15,20,6,30,TRUE,TRUE,0.25,1.25,1,0.5,6,7,3,5,2,1,2,464.17,4.5,47,1.297,-0.012
15,20,6,30,TRUE,TRUE,0.25,1.5,1,0.5,6,7,3,7,2,1,2,516.31,4.5,50,1.297,0.075
15,20,6,30,TRUE,TRUE,0.25,1.5,1,0.5,6,7,3,8,2,1,2,516.31,4.5,50,1.297,0.075
15,20,6,30,TRUE,TRUE,0.25,1.5,1.5,0.5,6,7,3,7,2,1,2,511.64,4.5,49,1.297,0.069
15,20,6,30,TRUE,TRUE,0.25,1.5,1.5,0.5,6,7,3,8,2,1,2,511.64,4.5,49,1.297,0.069
15,30,6,20,TRUE,TRUE,0.25,1.5,1.25,0.5,6,5,3,7,2,1,2,465.37,4.5,45,1.297,-0.006
15,30,6,20,TRUE,TRUE,0.25,1.5,1.25,0.5,6,5,3,8,2,1,2,465.37,4.5,45,1.297,-0.006
15,40,6,30,TRUE,TRUE,0.25,1.25,1,0.5,6,6,3,5,2,1,2,461.83,4.5,45,1.297,-0.019
10,20,4,20,TRUE,TRUE,0.25,1.25,1.5,0.5,6,5,3,5,2,1,2,531.22,4.49,65,1.497,0.125
10,20,4,30,TRUE,TRUE,0.25,1.5,1,0.5,6,4,3,5,2,1,2,524.61,4.49,62,1.497,0.112
10,30,4,20,TRUE,TRUE,0.25,1,1.25,0.5,6,6,3,5,2,1,2,575.76,4.49,70,1.497,0.188
10,30,4,20,TRUE,TRUE,0.25,1,1.5,0.5,6,6,3,5,2,1,2,575.76,4.49,70,1.497,0.188
10,30,4,30,TRUE,TRUE,0.25,1.25,1.5,0.5,6,6,3,5,2,1,2,546.79,4.49,64,1.497,0.146
10,30,4,30,TRUE,TRUE,0.25,1.25,1.5,0.5,6,7,3,5,2,1,2,572.82,4.49,67,1.497,0.185
10,30,4,30,TRUE,TRUE,0.25,1.5,1.25,0.5,6,6,3,5,2,1,2,544.37,4.49,64,1.497,0.142
10,40,4,20,TRUE,TRUE,0.25,1.25,1,0.5,6,6,3,6,2,1,2,561.03,4.49,68,1.497,0.167
10,40,4,20,FALSE,TRUE,0.25,1,1,0.5,6,7,3,5,2,1,2,1098.04,4.49,71,3,0.59
10,40,4,30,FALSE,TRUE,0.25,1.5,1.25,0.5,6,6,3,5,2,1,2,1026.82,4.49,63,3,0.551
10,20,5,20,TRUE,TRUE,0.25,1.5,1.25,0.5,6,5,3,7,2,1,2,563.44,4.49,62,1.497,0.17
10,20,5,20,TRUE,TRUE,0.25,1.5,1.25,0.5,6,5,3,8,2,1,2,563.44,4.49,62,1.497,0.17
10,20,5,30,TRUE,TRUE,0.25,1.5,1.25,0.5,6,7,3,6,2,1,2,608.6,4.49,65,1.497,0.219
10,30,5,20,TRUE,TRUE,0.25,1,1.25,0.5,6,7,3,7,2,1,2,643.31,4.49,71,1.497,0.273
10,30,5,20,TRUE,TRUE,0.25,1,1.25,0.5,6,7,3,8,2,1,2,643.31,4.49,71,1.497,0.273
10,30,5,20,TRUE,TRUE,0.25,1,1.5,0.5,6,7,3,7,2,1,2,643.31,4.49,71,1.497,0.273
10,30,5,20,TRUE,TRUE,0.25,1,1.5,0.5,6,7,3,8,2,1,2,643.31,4.49,71,1.497,0.273
10,30,5,20,TRUE,TRUE,0.25,1.5,1.25,0.5,6,4,3,7,2,1,2,584.7,4.49,61,1.497,0.195
10,30,5,20,TRUE,TRUE,0.25,1.5,1.25,0.5,6,4,3,8,2,1,2,584.7,4.49,61,1.497,0.195
10,30,5,30,TRUE,TRUE,0.25,1.5,1.5,0.5,6,4,3,6,2,1,2,551.78,4.49,57,1.497,0.142
10,30,5,30,TRUE,TRUE,0.25,1.5,1.5,0.5,6,6,3,7,2,1,2,588.38,4.49,62,1.497,0.205
10,30,5,30,TRUE,TRUE,0.25,1.5,1.5,0.5,6,6,3,8,2,1,2,588.38,4.49,62,1.497,0.205
10,40,5,20,TRUE,TRUE,0.25,1,1,0.5,6,4,3,5,2,1,2,562.69,4.49,59,1.497,0.15
10,40,5,20,TRUE,TRUE,0.25,1.25,1,0.5,6,4,3,5,2,1,2,545.74,4.49,57,1.497,0.126
10,30,6,20,TRUE,TRUE,0.25,1.5,1,0.5,6,5,3,5,2,1,2,465.22,4.49,47,1.497,-0.012
15,20,4,30,TRUE,TRUE,0.25,1.5,1,0.5,6,7,3,7,2,1,2,613.59,4.49,71,1.297,0.235
15,20,4,30,TRUE,TRUE,0.25,1.5,1,0.5,6,7,3,8,2,1,2,613.59,4.49,71,1.297,0.235
15,40,4,20,FALSE,TRUE,0.25,1.5,1,0.5,6,5,3,5,2,1,2,1051.56,4.49,65,3,0.563
15,20,5,30,TRUE,TRUE,0.25,1.25,1,0.5,6,7,3,5,2,1,2,566.63,4.49,64,1.297,0.166
15,20,5,30,TRUE,TRUE,0.25,1.5,1.5,0.5,6,7,3,7,2,1,2,610.69,4.49,64,1.297,0.223
15,20,5,30,TRUE,TRUE,0.25,1.5,1.5,0.5,6,7,3,8,2,1,2,610.69,4.49,64,1.297,0.223
15,30,5,20,TRUE,TRUE,0.25,1.5,1.25,0.5,6,7,3,7,2,1,2,634.4,4.49,65,1.297,0.245
15,30,5,20,TRUE,TRUE,0.25,1.5,1.25,0.5,6,7,3,8,2,1,2,634.4,4.49,65,1.297,0.245
15,40,5,20,TRUE,TRUE,0.25,1.5,1.5,0.5,6,5,3,7,2,1,2,556.82,4.49,58,1.297,0.151
15,40,5,20,TRUE,TRUE,0.25,1.5,1.5,0.5,6,5,3,8,2,1,2,556.82,4.49,58,1.297,0.151
15,40,5,20,FALSE,TRUE,0.25,1.5,1.5,0.5,6,7,3,6,2,1,2,1149.7,4.49,62,3,0.584
15,40,5,30,FALSE,TRUE,0.25,1.5,1.5,0.5,6,7,3,6,2,1,2,1149.7,4.49,62,3,0.584
15,20,6,20,TRUE,TRUE,0.25,1,1,0.5,6,6,3,7,2,1,2,484.22,4.49,49,1.297,0.027
15,20,6,20,TRUE,TRUE,0.25,1,1,0.5,6,6,3,8,2,1,2,484.22,4.49,49,1.297,0.027
15,20,6,20,TRUE,TRUE,0.25,1,1.25,0.5,6,6,3,7,2,1,2,484.22,4.49,49,1.297,0.027
15,20,6,20,TRUE,TRUE,0.25,1,1.25,0.5,6,6,3,8,2,1,2,484.22,4.49,49,1.297,0.027
15,20,6,20,TRUE,TRUE,0.25,1,1.5,0.5,6,6,3,7,2,1,2,484.22,4.49,49,1.297,0.027
15,20,6,20,TRUE,TRUE,0.25,1,1.5,0.5,6,6,3,8,2,1,2,484.22,4.49,49,1.297,0.027
15,20,6,20,TRUE,TRUE,0.25,1.5,1.25,0.5,6,4,3,7,2,1,2,458.87,4.49,44,1.297,-0.022
15,20,6,20,TRUE,TRUE,0.25,1.5,1.25,0.5,6,4,3,8,2,1,2,458.87,4.49,44,1.297,-0.022
15,20,6,30,TRUE,TRUE,0.25,1.5,1.25,0.5,6,7,3,6,2,1,2,510,4.49,48,1.297,0.065
15,30,6,20,TRUE,TRUE,0.25,1.5,1,0.5,6,7,3,7,2,1,2,517.47,4.49,50,1.297,0.076
15,30,6,20,TRUE,TRUE,0.25,1.5,1,0.5,6,7,3,8,2,1,2,517.47,4.49,50,1.297,0.076
15,30,6,20,TRUE,TRUE,0.25,1.5,1.5,0.5,6,5,3,7,2,1,2,463.57,4.49,45,1.297,-0.01
15,30,6,20,TRUE,TRUE,0.25,1.5,1.5,0.5,6,5,3,8,2,1,2,463.57,4.49,45,1.297,-0.01
15,40,6,20,TRUE,TRUE,0.25,1.5,1,0.5,6,5,3,7,2,1,2,468.59,4.49,46,1.297,-0.002
15,40,6,20,TRUE,TRUE,0.25,1.5,1,0.5,6,5,3,8,2,1,2,468.59,4.49,46,1.297,-0.002
15,40,6,30,TRUE,TRUE,0.25,1,1.25,0.5,6,5,3,6,2,1,2,487.32,4.49,47,1.297,0.031
15,40,6,30,TRUE,TRUE,0.25,1,1.5,0.5,6,5,3,6,2,1,2,487.32,4.49,47,1.297,0.031
10,20,4,20,TRUE,TRUE,0.25,1.5,1.5,0.5,6,4,3,5,2,1,2,524.15,4.48,63,1.497,0.111
10,20,4,20,FALSE,TRUE,0.25,1.25,1,0.5,6,7,3,5,2,1,2,1125.96,4.48,71,3,0.592
10,20,4,30,TRUE,TRUE,0.25,1.25,1.5,0.5,6,6,3,5,2,1,2,526.99,4.48,64,1.497,0.117
10,20,4,30,TRUE,TRUE,0.25,1.25,1.5,0.5,6,7,3,5,2,1,2,553.02,4.48,67,1.497,0.158
10,30,4,20,FALSE,TRUE,0.25,1.25,1,0.5,6,7,3,5,2,1,2,1125.96,4.48,71,3,0.592
10,30,4,30,TRUE,TRUE,0.25,1,1,0.5,6,7,3,5,2,1,2,575.48,4.48,70,1.497,0.186
10,30,4,30,TRUE,TRUE,0.25,1,1.25,0.5,6,7,3,5,2,1,2,574.69,4.48,70,1.497,0.184
10,30,4,30,TRUE,TRUE,0.25,1,1.5,0.5,6,7,3,5,2,1,2,574.69,4.48,70,1.497,0.184
10,40,4,20,TRUE,TRUE,0.25,1.5,1,0.5,6,4,3,7,2,1,2,580.89,4.48,67,1.497,0.2
10,40,4,20,TRUE,TRUE,0.25,1.5,1,0.5,6,4,3,8,2,1,2,580.89,4.48,67,1.497,0.2
10,40,4,20,FALSE,TRUE,0.25,1,1.25,0.5,6,7,3,5,2,1,2,1096.42,4.48,71,3,0.588
10,40,4,20,FALSE,TRUE,0.25,1,1.5,0.5,6,7,3,5,2,1,2,1096.42,4.48,71,3,0.588
10,40,4,30,TRUE,TRUE,0.25,1,1,0.5,6,5,3,7,2,1,2,604.39,4.48,71,1.497,0.234
10,40,4,30,TRUE,TRUE,0.25,1,1,0.5,6,5,3,8,2,1,2,604.39,4.48,71,1.497,0.234
10,40,4,30,TRUE,TRUE,0.25,1,1,0.5,6,6,3,7,2,1,2,604.39,4.48,71,1.497,0.234
10,40,4,30,TRUE,TRUE,0.25,1,1,0.5,6,6,3,8,2,1,2,604.39,4.48,71,1.497,0.234
10,40,4,30,TRUE,TRUE,0.25,1,1.25,0.5,6,5,3,7,2,1,2,603.59,4.48,71,1.497,0.232
10,40,4,30,TRUE,TRUE,0.25,1,1.25,0.5,6,5,3,8,2,1,2,603.59,4.48,71,1.497,0.232
10,40,4,30,TRUE,TRUE,0.25,1,1.25,0.5,6,6,3,7,2,1,2,603.59,4.48,71,1.497,0.232
10,40,4,30,TRUE,TRUE,0.25,1,1.25,0.5,6,6,3,8,2,1,2,603.59,4.48,71,1.497,0.232
10,40,4,30,TRUE,TRUE,0.25,1,1.5,0.5,6,5,3,7,2,1,2,603.59,4.48,71,1.497,0.232
10,40,4,30,TRUE,TRUE,0.25,1,1.5,0.5,6,5,3,8,2,1,2,603.59,4.48,71,1.497,0.232
10,40,4,30,TRUE,TRUE,0.25,1,1.5,0.5,6,6,3,7,2,1,2,603.59,4.48,71,1.497,0.232
10,40,4,30,TRUE,TRUE,0.25,1,1.5,0.5,6,6,3,8,2,1,2,603.59,4.48,71,1.497,0.232
10,40,4,30,TRUE,TRUE,0.25,1.5,1.5,0.5,6,6,3,6,2,1,2,541.12,4.48,63,1.497,0.137
10,20,5,20,TRUE,TRUE,0.25,1.25,1,0.5,6,6,3,5,2,1,2,531.94,4.48,61,1.497,0.111
10,20,5,20,TRUE,TRUE,0.25,1.5,1,0.5,6,5,3,6,2,1,2,533.73,4.48,60,1.497,0.118
10,20,5,30,TRUE,TRUE,0.25,1,1,0.5,6,6,3,5,2,1,2,549.68,4.48,62,1.497,0.142
10,20,5,30,TRUE,TRUE,0.25,1,1.25,0.5,6,6,3,5,2,1,2,548.88,4.48,62,1.497,0.14
10,20,5,30,TRUE,TRUE,0.25,1,1.5,0.5,6,6,3,5,2,1,2,548.88,4.48,62,1.497,0.14
10,20,5,30,TRUE,TRUE,0.25,1.5,1,0.5,6,4,3,5,2,1,2,524.22,4.48,57,1.497,0.1
10,20,5,30,TRUE,TRUE,0.25,1.5,1.5,0.5,6,4,3,7,2,1,2,561.08,4.48,60,1.497,0.166
10,20,5,30,TRUE,TRUE,0.25,1.5,1.5,0.5,6,4,3,8,2,1,2,561.08,4.48,60,1.497,0.166
10,30,5,20,TRUE,TRUE,0.25,1.5,1,0.5,6,6,3,7,2,1,2,591.28,4.48,64,1.497,0.205
10,30,5,20,TRUE,TRUE,0.25,1.5,1,0.5,6,6,3,8,2,1,2,591.28,4.48,64,1.497,0.205
10,40,5,20,TRUE,TRUE,0.25,1,1,0.5,6,6,3,7,2,1,2,613.75,4.48,67,1.497,0.236
10,40,5,20,TRUE,TRUE,0.25,1,1,0.5,6,6,3,8,2,1,2,613.75,4.48,67,1.497,0.236
10,40,5,20,TRUE,TRUE,0.25,1,1.25,0.5,6,4,3,5,2,1,2,561.89,4.48,59,1.497,0.149
10,40,5,20,TRUE,TRUE,0.25,1,1.25,0.5,6,6,3,7,2,1,2,612.95,4.48,67,1.497,0.235
10,40,5,20,TRUE,TRUE,0.25,1,1.25,0.5,6,6,3,8,2,1,2,612.95,4.48,67,1.497,0.235
10,40,5,20,TRUE,TRUE,0.25,1,1.5,0.5,6,4,3,5,2,1,2,561.89,4.48,59,1.497,0.149
10,40,5,20,TRUE,TRUE,0.25,1,1.5,0.5,6,6,3,7,2,1,2,612.95,4.48,67,1.497,0.235
10,40,5,20,TRUE,TRUE,0.25,1,1.5,0.5,6,6,3,8,2,1,2,612.95,4.48,67,1.497,0.235
10,40,5,20,FALSE,TRUE,0.25,1.25,1,0.5,6,6,3,5,2,1,2,1020.38,4.48,60,3,0.525
10,40,5,20,FALSE,TRUE,0.25,1.5,1.25,0.5,6,4,3,7,2,1,2,1070.09,4.48,59,3,0.56
10,40,5,20,FALSE,TRUE,0.25,1.5,1.25,0.5,6,4,3,8,2,1,2,1070.09,4.48,59,3,0.56
10,40,5,20,FALSE,TRUE,0.25,1.5,1.5,0.5,6,6,3,6,2,1,2,1011.19,4.48,58,3,0.533
10,40,5,30,FALSE,TRUE,0.25,1.25,1,0.5,6,6,3,5,2,1,2,1020.38,4.48,60,3,0.525
10,40,5,30,FALSE,TRUE,0.25,1.5,1.25,0.5,6,4,3,7,2,1,2,1070.09,4.48,59,3,0.56
10,40,5,30,FALSE,TRUE,0.25,1.5,1.25,0.5,6,4,3,8,2,1,2,1070.09,4.48,59,3,0.56
10,40,5,30,FALSE,TRUE,0.25,1.5,1.5,0.5,6,6,3,6,2,1,2,1011.19,4.48,58,3,0.533
10,20,6,20,TRUE,TRUE,0.25,1.5,1.25,0.5,6,4,3,5,2,1,2,454.81,4.48,45,1.497,-0.032
10,30,6,20,TRUE,TRUE,0.25,1.5,1,0.5,6,7,3,5,2,1,2,522.52,4.48,53,1.497,0.083
15,20,4,30,FALSE,TRUE,0.25,1.25,1,0.5,6,5,3,5,2,1,2,1053.52,4.48,66,3,0.56
15,30,4,20,TRUE,TRUE,0.25,1.25,1.5,0.5,6,7,3,5,2,1,2,580.33,4.48,69,1.297,0.196
15,30,4,30,TRUE,TRUE,0.25,1,1,0.5,6,6,3,5,2,1,2,575.98,4.48,69,1.297,0.187
15,30,4,30,TRUE,TRUE,0.25,1,1.25,0.5,6,6,3,5,2,1,2,575.98,4.48,69,1.297,0.187
15,30,4,30,TRUE,TRUE,0.25,1,1.5,0.5,6,6,3,5,2,1,2,575.98,4.48,69,1.297,0.187
15,30,4,30,FALSE,TRUE,0.25,1.25,1,0.5,6,5,3,5,2,1,2,1053.52,4.48,66,3,0.56
15,40,4,20,TRUE,TRUE,0.25,1,1,0.5,6,6,3,5,2,1,2,579.92,4.48,70,1.297,0.193
15,40,4,20,TRUE,TRUE,0.25,1,1.25,0.5,6,6,3,5,2,1,2,579.92,4.48,70,1.297,0.193
15,40,4,20,TRUE,TRUE,0.25,1,1.5,0.5,6,6,3,5,2,1,2,579.92,4.48,70,1.297,0.193
15,40,4,20,TRUE,TRUE,0.25,1.25,1.5,0.5,6,5,3,5,2,1,2,554.98,4.48,65,1.297,0.159
15,40,4,20,TRUE,TRUE,0.25,1.5,1,0.5,6,6,3,5,2,1,2,558.39,4.48,66,1.297,0.163
15,40,4,30,TRUE,TRUE,0.25,1.5,1.5,0.5,6,7,3,7,2,1,2,624.83,4.48,69,1.297,0.247
15,40,4,30,TRUE,TRUE,0.25,1.5,1.5,0.5,6,7,3,8,2,1,2,624.83,4.48,69,1.297,0.247
15,20,5,20,TRUE,TRUE,0.25,1.5,1,0.5,6,5,3,5,2,1,2,529.36,4.48,58,1.297,0.108
15,20,5,20,FALSE,TRUE,0.25,1.25,1,0.5,6,5,3,5,2,1,2,1018.9,4.48,60,3,0.518
15,20,5,20,FALSE,TRUE,0.25,1.25,1.5,0.5,6,7,3,5,2,1,2,1077.71,4.48,62,3,0.55
15,20,5,30,FALSE,TRUE,0.25,1.25,1,0.5,6,5,3,5,2,1,2,1018.9,4.48,60,3,0.518
15,20,5,30,FALSE,TRUE,0.25,1.25,1.5,0.5,6,7,3,5,2,1,2,1077.71,4.48,62,3,0.55
15,30,5,20,TRUE,TRUE,0.25,1.5,1.5,0.5,6,6,3,5,2,1,2,548.8,4.48,57,1.297,0.138
15,30,5,20,FALSE,TRUE,0.25,1.25,1,0.5,6,5,3,5,2,1,2,1018.9,4.48,60,3,0.518
15,30,5,20,FALSE,TRUE,0.25,1.25,1.5,0.5,6,7,3,5,2,1,2,1077.71,4.48,62,3,0.55
15,30,5,30,TRUE,TRUE,0.25,1.25,1.5,0.5,6,7,3,5,2,1,2,582.68,4.48,62,1.297,0.187
15,30,5,30,FALSE,TRUE,0.25,1.25,1,0.5,6,5,3,5,2,1,2,1018.9,4.48,60,3,0.518
15,30,5,30,FALSE,TRUE,0.25,1.25,1.5,0.5,6,7,3,5,2,1,2,1077.71,4.48,62,3,0.55
15,40,5,30,TRUE,TRUE,0.25,1.5,1,0.5,6,6,3,5,2,1,2,554.98,4.48,58,1.297,0.143
15,20,6,20,TRUE,TRUE,0.25,1.5,1.5,0.5,6,4,3,7,2,1,2,457.07,4.48,44,1.297,-0.026
15,20,6,20,TRUE,TRUE,0.25,1.5,1.5,0.5,6,4,3,8,2,1,2,457.07,4.48,44,1.297,-0.026
15,20,6,20,FALSE,TRUE,0.25,1.5,1,0.5,6,6,3,5,2,1,2,767.39,4.48,44,3,0.366
15,20,6,30,TRUE,TRUE,0.25,1.5,1.5,0.5,6,7,3,6,2,1,2,508.2,4.48,48,1.297,0.062
15,20,6,30,FALSE,TRUE,0.25,1.5,1,0.5,6,6,3,5,2,1,2,767.39,4.48,44,3,0.366
15,30,6,20,TRUE,TRUE,0.25,1.25,1,0.5,6,5,3,7,2,1,2,473.11,4.48,48,1.297,0.006
15,30,6,20,TRUE,TRUE,0.25,1.25,1,0.5,6,5,3,8,2,1,2,473.11,4.48,48,1.297,0.006
15,30,6,20,TRUE,TRUE,0.25,1.5,1,0.5,6,5,3,6,2,1,2,465.43,4.48,45,1.297,-0.009
15,30,6,20,TRUE,TRUE,0.25,1.5,1.25,0.5,6,7,3,7,2,1,2,513.82,4.48,49,1.297,0.072
15,30,6,20,TRUE,TRUE,0.25,1.5,1.25,0.5,6,7,3,8,2,1,2,513.82,4.48,49,1.297,0.072
15,30,6,20,FALSE,TRUE,0.25,1.5,1,0.5,6,6,3,5,2,1,2,767.39,4.48,44,3,0.366
15,30,6,30,FALSE,TRUE,0.25,1.5,1,0.5,6,6,3,5,2,1,2,767.39,4.48,44,3,0.366
15,40,6,20,TRUE,TRUE,0.25,1.5,1.25,0.5,6,5,3,7,2,1,2,464.94,4.48,45,1.297,-0.007
15,40,6,20,TRUE,TRUE,0.25,1.5,1.25,0.5,6,5,3,8,2,1,2,464.94,4.48,45,1.297,-0.007
15,40,6,20,FALSE,TRUE,0.25,1.5,1,0.5,6,6,3,5,2,1,2,767.39,4.48,44,3,0.366
15,40,6,30,FALSE,TRUE,0.25,1.5,1,0.5,6,6,3,5,2,1,2,767.39,4.48,44,3,0.366
10,20,4,20,TRUE,TRUE,0.25,1,1,0.5,6,6,3,5,2,1,2,555.8,4.47,70,1.497,0.162
10,20,4,20,TRUE,TRUE,0.25,1.5,1,0.5,6,7,3,6,2,1,2,609.52,4.47,72,1.497,0.23
10,20,4,30,TRUE,TRUE,0.25,1,1,0.5,6,7,3,5,2,1,2,555.49,4.47,70,1.497,0.159
10,20,4,30,TRUE,TRUE,0.25,1,1.25,0.5,6,7,3,5,2,1,2,554.69,4.47,70,1.497,0.158
10,20,4,30,TRUE,TRUE,0.25,1,1.5,0.5,6,7,3,5,2,1,2,554.69,4.47,70,1.497,0.158
10,20,4,30,TRUE,TRUE,0.25,1.5,1.5,0.5,6,4,3,5,2,1,2,518.46,4.47,61,1.497,0.101
10,20,4,30,TRUE,TRUE,0.25,1.5,1.5,0.5,6,7,3,7,2,1,2,631.25,4.47,72,1.497,0.262
10,20,4,30,TRUE,TRUE,0.25,1.5,1.5,0.5,6,7,3,8,2,1,2,631.25,4.47,72,1.497,0.262
10,30,4,20,TRUE,TRUE,0.25,1.25,1,0.5,6,4,3,5,2,1,2,555.93,4.47,66,1.497,0.158
10,30,4,20,TRUE,TRUE,0.25,1.5,1.5,0.5,6,6,3,5,2,1,2,545.51,4.47,65,1.497,0.146
10,30,4,30,TRUE,TRUE,0.25,1.25,1.5,0.5,6,5,3,5,2,1,2,543.99,4.47,63,1.497,0.141
10,30,4,30,TRUE,TRUE,0.25,1.5,1.25,0.5,6,5,3,5,2,1,2,541.57,4.47,63,1.497,0.137
10,30,4,30,TRUE,TRUE,0.25,1.5,1.5,0.5,6,7,3,6,2,1,2,617.33,4.47,69,1.497,0.237
10,40,4,20,TRUE,TRUE,0.25,1.25,1.5,0.5,6,5,3,7,2,1,2,581.99,4.47,68,1.497,0.204
10,40,4,20,TRUE,TRUE,0.25,1.25,1.5,0.5,6,5,3,8,2,1,2,581.99,4.47,68,1.497,0.204
10,40,4,20,TRUE,TRUE,0.25,1.5,1.25,0.5,6,7,3,6,2,1,2,619.89,4.47,71,1.497,0.238
10,40,4,20,TRUE,TRUE,0.25,1.5,1.5,0.5,6,4,3,7,2,1,2,574.65,4.47,66,1.497,0.191
10,40,4,20,TRUE,TRUE,0.25,1.5,1.5,0.5,6,4,3,8,2,1,2,574.65,4.47,66,1.497,0.191
10,40,4,20,FALSE,TRUE,0.25,1.5,1.25,0.5,6,4,3,5,2,1,2,1027.01,4.47,63,3,0.547
10,40,4,30,TRUE,TRUE,0.25,1.25,1,0.5,6,7,3,6,2,1,2,582.42,4.47,70,1.497,0.198
10,40,4,30,TRUE,TRUE,0.25,1.5,1,0.5,6,4,3,7,2,1,2,577.44,4.47,66,1.497,0.194
10,40,4,30,TRUE,TRUE,0.25,1.5,1,0.5,6,4,3,8,2,1,2,577.44,4.47,66,1.497,0.194
10,40,4,30,FALSE,TRUE,0.25,1.25,1.25,0.5,6,6,3,5,2,1,2,1029.16,4.47,64,3,0.555
10,40,4,30,FALSE,TRUE,0.25,1.5,1.25,0.5,6,5,3,5,2,1,2,1020.11,4.47,62,3,0.545
10,20,5,20,TRUE,TRUE,0.25,1.5,1.5,0.5,6,4,3,6,2,1,2,525.51,4.47,57,1.497,0.104
10,20,5,20,FALSE,TRUE,0.25,1.5,1.5,0.5,6,5,3,7,2,1,2,1077.35,4.47,61,3,0.575
10,20,5,20,FALSE,TRUE,0.25,1.5,1.5,0.5,6,5,3,8,2,1,2,1077.35,4.47,61,3,0.575
10,20,5,30,TRUE,TRUE,0.25,1.5,1,0.5,6,5,3,7,2,1,2,568.44,4.47,63,1.497,0.176
10,20,5,30,TRUE,TRUE,0.25,1.5,1,0.5,6,5,3,8,2,1,2,568.44,4.47,63,1.497,0.176
10,20,5,30,FALSE,TRUE,0.25,1.5,1.5,0.5,6,5,3,7,2,1,2,1077.35,4.47,61,3,0.575
10,20,5,30,FALSE,TRUE,0.25,1.5,1.5,0.5,6,5,3,8,2,1,2,1077.35,4.47,61,3,0.575
10,30,5,20,FALSE,TRUE,0.25,1.5,1.5,0.5,6,5,3,7,2,1,2,1077.35,4.47,61,3,0.575
10,30,5,20,FALSE,TRUE,0.25,1.5,1.5,0.5,6,5,3,8,2,1,2,1077.35,4.47,61,3,0.575
10,30,5,30,TRUE,TRUE,0.25,1.25,1,0.5,6,7,3,5,2,1,2,589.92,4.47,65,1.497,0.196
10,30,5,30,TRUE,TRUE,0.25,1.5,1.25,0.5,6,5,3,6,2,1,2,555.5,4.47,59,1.497,0.149
10,30,5,30,FALSE,TRUE,0.25,1.5,1.5,0.5,6,5,3,7,2,1,2,1077.35,4.47,61,3,0.575
10,30,5,30,FALSE,TRUE,0.25,1.5,1.5,0.5,6,5,3,8,2,1,2,1077.35,4.47,61,3,0.575
10,40,5,20,FALSE,TRUE,0.25,1.5,1.25,0.5,6,4,3,6,2,1,2,1003.06,4.47,56,3,0.516
10,40,5,30,TRUE,TRUE,0.25,1.25,1.5,0.5,6,7,3,5,2,1,2,579.53,4.47,62,1.497,0.184
10,40,5,30,TRUE,TRUE,0.25,1.5,1,0.5,6,4,3,7,2,1,2,582.61,4.47,60,1.497,0.189
10,40,5,30,TRUE,TRUE,0.25,1.5,1,0.5,6,4,3,8,2,1,2,582.61,4.47,60,1.497,0.189
10,40,5,30,FALSE,TRUE,0.25,1.5,1.25,0.5,6,4,3,6,2,1,2,1003.06,4.47,56,3,0.516
10,20,6,20,TRUE,TRUE,0.25,1.5,1.5,0.5,6,4,3,5,2,1,2,453.01,4.47,45,1.497,-0.036
10,30,6,20,TRUE,TRUE,0.25,1.5,1.25,0.5,6,5,3,5,2,1,2,460.74,4.47,46,1.497,-0.018
10,40,6,30,TRUE,TRUE,0.25,1.5,1.25,0.5,6,5,3,5,2,1,2,457.47,4.47,45,1.497,-0.026
10,40,6,30,TRUE,TRUE,0.25,1.5,1.25,0.5,6,7,3,5,2,1,2,518.45,4.47,52,1.497,0.078
15,20,4,30,TRUE,TRUE,0.25,1.5,1,0.5,6,7,3,6,2,1,2,610.23,4.47,70,1.297,0.229
15,30,4,30,TRUE,TRUE,0.25,1.25,1.25,0.5,6,7,3,5,2,1,2,576.21,4.47,68,1.297,0.189
15,40,4,20,FALSE,TRUE,0.25,1,1,0.5,6,5,3,5,2,1,2,1094.27,4.47,69,3,0.583
15,40,4,20,FALSE,TRUE,0.25,1,1.25,0.5,6,5,3,5,2,1,2,1094.27,4.47,69,3,0.583
15,40,4,20,FALSE,TRUE,0.25,1,1.5,0.5,6,5,3,5,2,1,2,1094.27,4.47,69,3,0.583
15,20,5,20,TRUE,TRUE,0.25,1.25,1.5,0.5,6,7,3,5,2,1,2,556.66,4.47,62,1.297,0.153
15,20,5,20,TRUE,TRUE,0.25,1.5,1.5,0.5,6,4,3,5,2,1,2,521.95,4.47,55,1.297,0.096
15,20,5,20,FALSE,TRUE,0.25,1,1,0.5,6,5,3,5,2,1,2,1046.89,4.47,61,3,0.534
15,20,5,20,FALSE,TRUE,0.25,1,1.25,0.5,6,5,3,5,2,1,2,1046.89,4.47,61,3,0.534
15,20,5,20,FALSE,TRUE,0.25,1,1.5,0.5,6,5,3,5,2,1,2,1046.89,4.47,61,3,0.534
15,20,5,20,FALSE,TRUE,0.25,1.5,1.5,0.5,6,5,3,5,2,1,2,1001.73,4.47,56,3,0.52
15,20,5,30,TRUE,TRUE,0.25,1.5,1.5,0.5,6,7,3,6,2,1,2,607.33,4.47,63,1.297,0.217
15,20,5,30,FALSE,TRUE,0.25,1,1,0.5,6,5,3,5,2,1,2,1046.89,4.47,61,3,0.534
15,20,5,30,FALSE,TRUE,0.25,1,1.25,0.5,6,5,3,5,2,1,2,1046.89,4.47,61,3,0.534
15,20,5,30,FALSE,TRUE,0.25,1,1.5,0.5,6,5,3,5,2,1,2,1046.89,4.47,61,3,0.534
15,20,5,30,FALSE,TRUE,0.25,1.5,1.5,0.5,6,5,3,5,2,1,2,1001.73,4.47,56,3,0.52
15,30,5,20,TRUE,TRUE,0.25,1.25,1.25,0.5,6,7,3,5,2,1,2,580.56,4.47,63,1.297,0.183
15,30,5,20,TRUE,TRUE,0.25,1.5,1.25,0.5,6,7,3,6,2,1,2,630.8,4.47,64,1.297,0.239
15,30,5,20,FALSE,TRUE,0.25,1,1,0.5,6,5,3,5,2,1,2,1046.89,4.47,61,3,0.534
15,30,5,20,FALSE,TRUE,0.25,1,1.25,0.5,6,5,3,5,2,1,2,1046.89,4.47,61,3,0.534
15,30,5,20,FALSE,TRUE,0.25,1,1.5,0.5,6,5,3,5,2,1,2,1046.89,4.47,61,3,0.534
15,30,5,20,FALSE,TRUE,0.25,1.5,1.5,0.5,6,5,3,5,2,1,2,1001.73,4.47,56,3,0.52
15,30,5,30,TRUE,TRUE,0.25,1,1,0.5,6,6,3,5,2,1,2,574.15,4.47,62,1.297,0.171
15,30,5,30,TRUE,TRUE,0.25,1,1.25,0.5,6,6,3,5,2,1,2,574.15,4.47,62,1.297,0.171
15,30,5,30,TRUE,TRUE,0.25,1,1.5,0.5,6,6,3,5,2,1,2,574.15,4.47,62,1.297,0.171
15,30,5,30,TRUE,TRUE,0.25,1.5,1,0.5,6,5,3,5,2,1,2,554.63,4.47,58,1.297,0.143
15,30,5,30,TRUE,TRUE,0.25,1.5,1.5,0.5,6,4,3,5,2,1,2,546.77,4.47,55,1.297,0.131
15,30,5,30,FALSE,TRUE,0.25,1,1,0.5,6,5,3,5,2,1,2,1046.89,4.47,61,3,0.534
15,30,5,30,FALSE,TRUE,0.25,1,1.25,0.5,6,5,3,5,2,1,2,1046.89,4.47,61,3,0.534
15,30,5,30,FALSE,TRUE,0.25,1,1.5,0.5,6,5,3,5,2,1,2,1046.89,4.47,61,3,0.534
15,30,5,30,FALSE,TRUE,0.25,1.5,1.5,0.5,6,5,3,5,2,1,2,1001.73,4.47,56,3,0.52
15,20,6,20,TRUE,TRUE,0.25,1.5,1.25,0.5,6,4,3,6,2,1,2,455.43,4.47,43,1.297,-0.029
15,20,6,30,TRUE,TRUE,0.25,1.5,1,0.5,6,7,3,6,2,1,2,512.87,4.47,49,1.297,0.068
15,30,6,20,TRUE,TRUE,0.25,1.5,1.25,0.5,6,5,3,6,2,1,2,461.78,4.47,44,1.297,-0.014
15,30,6,20,TRUE,TRUE,0.25,1.5,1.5,0.5,6,7,3,7,2,1,2,512.02,4.47,49,1.297,0.069
15,30,6,20,TRUE,TRUE,0.25,1.5,1.5,0.5,6,7,3,8,2,1,2,512.02,4.47,49,1.297,0.069
15,30,6,30,TRUE,TRUE,0.25,1.25,1.25,0.5,6,5,3,5,2,1,2,457.48,4.47,44,1.297,-0.027
15,30,6,30,TRUE,TRUE,0.25,1.25,1.5,0.5,6,5,3,5,2,1,2,457.48,4.47,44,1.297,-0.027
15,40,6,20,TRUE,TRUE,0.25,1.5,1,0.5,6,7,3,7,2,1,2,517.04,4.47,50,1.297,0.075
15,40,6,20,TRUE,TRUE,0.25,1.5,1,0.5,6,7,3,8,2,1,2,517.04,4.47,50,1.297,0.075
15,40,6,20,TRUE,TRUE,0.25,1.5,1.5,0.5,6,5,3,7,2,1,2,463.14,4.47,45,1.297,-0.011
15,40,6,20,TRUE,TRUE,0.25,1.5,1.5,0.5,6,5,3,8,2,1,2,463.14,4.47,45,1.297,-0.011
10,20,4,20,TRUE,TRUE,0.25,1,1.25,0.5,6,6,3,5,2,1,2,555.01,4.46,70,1.497,0.16
10,20,4,20,TRUE,TRUE,0.25,1,1.5,0.5,6,6,3,5,2,1,2,555.01,4.46,70,1.497,0.16
10,20,4,30,TRUE,TRUE,0.25,1.25,1.5,0.5,6,5,3,5,2,1,2,524.19,4.46,63,1.497,0.112
10,30,4,20,TRUE,TRUE,0.25,1.5,1,0.5,6,5,3,6,2,1,2,553.83,4.46,66,1.497,0.157
10,40,4,20,FALSE,TRUE,0.25,1.25,1,0.5,6,5,3,7,2,1,2,1127.02,4.46,70,3,0.609
10,40,4,20,FALSE,TRUE,0.25,1.25,1,0.5,6,5,3,8,2,1,2,1127.02,4.46,70,3,0.609
10,40,4,20,FALSE,TRUE,0.25,1.25,1.5,0.5,6,6,3,5,2,1,2,1035.79,4.46,65,3,0.561
10,40,4,20,FALSE,TRUE,0.25,1.5,1.5,0.5,6,6,3,5,2,1,2,1028.98,4.46,64,3,0.557
10,40,4,30,TRUE,TRUE,0.25,1.5,1.5,0.5,6,5,3,6,2,1,2,538.31,4.46,62,1.497,0.132
10,20,5,20,FALSE,TRUE,0.25,1.5,1.5,0.5,6,7,3,7,2,1,2,1213.84,4.46,67,3,0.626
10,20,5,20,FALSE,TRUE,0.25,1.5,1.5,0.5,6,7,3,8,2,1,2,1213.84,4.46,67,3,0.626
10,20,5,30,FALSE,TRUE,0.25,1.5,1.5,0.5,6,7,3,7,2,1,2,1213.84,4.46,67,3,0.626
10,20,5,30,FALSE,TRUE,0.25,1.5,1.5,0.5,6,7,3,8,2,1,2,1213.84,4.46,67,3,0.626
10,30,5,20,TRUE,TRUE,0.25,1.25,1.5,0.5,6,4,3,5,2,1,2,544.31,4.46,57,1.497,0.127
10,30,5,20,TRUE,TRUE,0.25,1.25,1.5,0.5,6,7,3,5,2,1,2,579.91,4.46,63,1.497,0.185
10,30,5,20,FALSE,TRUE,0.25,1.5,1.5,0.5,6,7,3,7,2,1,2,1213.84,4.46,67,3,0.626
10,30,5,20,FALSE,TRUE,0.25,1.5,1.5,0.5,6,7,3,8,2,1,2,1213.84,4.46,67,3,0.626
10,30,5,30,FALSE,TRUE,0.25,1.5,1.5,0.5,6,7,3,7,2,1,2,1213.84,4.46,67,3,0.626
10,30,5,30,FALSE,TRUE,0.25,1.5,1.5,0.5,6,7,3,8,2,1,2,1213.84,4.46,67,3,0.626
10,40,5,20,TRUE,TRUE,0.25,1.25,1.25,0.5,6,7,3,5,2,1,2,577.59,4.46,63,1.497,0.181
10,40,5,20,FALSE,TRUE,0.25,1.25,1.5,0.5,6,7,3,5,2,1,2,1076.32,4.46,62,3,0.554
10,40,5,30,TRUE,TRUE,0.25,1,1.25,0.5,6,7,3,6,2,1,2,608.71,4.46,67,1.497,0.222
10,40,5,30,TRUE,TRUE,0.25,1,1.5,0.5,6,7,3,6,2,1,2,608.71,4.46,67,1.497,0.222
10,40,5,30,FALSE,TRUE,0.25,1.25,1.5,0.5,6,7,3,5,2,1,2,1076.32,4.46,62,3,0.554
10,30,6,20,TRUE,TRUE,0.25,1.5,1.25,0.5,6,7,3,5,2,1,2,518.04,4.46,52,1.497,0.077
10,30,6,20,TRUE,TRUE,0.25,1.5,1.5,0.5,6,5,3,5,2,1,2,458.94,4.46,46,1.497,-0.023
10,40,6,30,TRUE,TRUE,0.25,1.5,1,0.5,6,5,3,5,2,1,2,461.17,4.46,46,1.497,-0.021
10,40,6,30,TRUE,TRUE,0.25,1.5,1,0.5,6,7,3,5,2,1,2,522.15,4.46,53,1.497,0.082
10,40,6,30,TRUE,TRUE,0.25,1.5,1.5,0.5,6,5,3,5,2,1,2,455.67,4.46,45,1.497,-0.03
10,40,6,30,TRUE,TRUE,0.25,1.5,1.5,0.5,6,7,3,5,2,1,2,516.65,4.46,52,1.497,0.075
15,20,4,30,FALSE,TRUE,0.25,1.5,1.25,0.5,6,7,3,5,2,1,2,1163.78,4.46,68,3,0.6
15,30,4,20,TRUE,TRUE,0.25,1.5,1,0.5,6,5,3,5,2,1,2,557.85,4.46,66,1.297,0.162
15,30,4,30,TRUE,TRUE,0.25,1,1,0.5,6,5,3,5,2,1,2,573.18,4.46,68,1.297,0.182
15,30,4,30,TRUE,TRUE,0.25,1,1.25,0.5,6,5,3,5,2,1,2,573.18,4.46,68,1.297,0.182
15,30,4,30,TRUE,TRUE,0.25,1,1.5,0.5,6,5,3,5,2,1,2,573.18,4.46,68,1.297,0.182
15,30,4,30,FALSE,TRUE,0.25,1.5,1.25,0.5,6,7,3,5,2,1,2,1163.78,4.46,68,3,0.6
15,40,4,30,TRUE,TRUE,0.25,1,1,0.5,6,7,3,5,2,1,2,577.95,4.46,70,1.297,0.188
15,40,4,30,TRUE,TRUE,0.25,1,1.25,0.5,6,7,3,5,2,1,2,577.95,4.46,70,1.297,0.188
15,40,4,30,TRUE,TRUE,0.25,1,1.5,0.5,6,7,3,5,2,1,2,577.95,4.46,70,1.297,0.188
15,40,4,30,TRUE,TRUE,0.25,1.5,1.5,0.5,6,7,3,6,2,1,2,620.87,4.46,68,1.297,0.24
15,40,4,30,FALSE,TRUE,0.25,1.25,1.25,0.5,6,7,3,5,2,1,2,1097.18,4.46,67,3,0.574
15,40,4,30,FALSE,TRUE,0.25,1.5,1,0.5,6,6,3,5,2,1,2,1043.52,4.46,64,3,0.557
15,30,5,20,TRUE,TRUE,0.25,1.25,1,0.5,6,6,3,5,2,1,2,555.99,4.46,61,1.297,0.143
15,40,5,20,TRUE,TRUE,0.25,1,1,0.5,6,7,3,7,2,1,2,612.12,4.46,68,1.297,0.226
15,40,5,20,TRUE,TRUE,0.25,1,1,0.5,6,7,3,8,2,1,2,612.12,4.46,68,1.297,0.226
15,40,5,20,TRUE,TRUE,0.25,1,1.25,0.5,6,7,3,7,2,1,2,612.12,4.46,68,1.297,0.226
15,40,5,20,TRUE,TRUE,0.25,1,1.25,0.5,6,7,3,8,2,1,2,612.12,4.46,68,1.297,0.226
15,40,5,20,TRUE,TRUE,0.25,1,1.5,0.5,6,7,3,7,2,1,2,612.12,4.46,68,1.297,0.226
15,40,5,20,TRUE,TRUE,0.25,1,1.5,0.5,6,7,3,8,2,1,2,612.12,4.46,68,1.297,0.226
15,40,5,20,TRUE,TRUE,0.25,1.5,1.5,0.5,6,5,3,6,2,1,2,553.05,4.46,57,1.297,0.144
15,40,5,30,TRUE,TRUE,0.25,1.5,1.25,0.5,6,6,3,5,2,1,2,550.84,4.46,57,1.297,0.139
15,20,6,20,TRUE,TRUE,0.25,1,1.25,0.5,6,6,3,6,2,1,2,480.78,4.46,48,1.297,0.019
15,20,6,20,TRUE,TRUE,0.25,1,1.5,0.5,6,6,3,6,2,1,2,480.78,4.46,48,1.297,0.019
15,30,6,20,TRUE,TRUE,0.25,1.5,1,0.5,6,7,3,6,2,1,2,513.87,4.46,49,1.297,0.069
15,30,6,20,TRUE,TRUE,0.25,1.5,1.25,0.5,6,7,3,6,2,1,2,510.22,4.46,48,1.297,0.065
15,30,6,20,TRUE,TRUE,0.25,1.5,1.5,0.5,6,5,3,6,2,1,2,459.98,4.46,44,1.297,-0.018
15,30,6,30,TRUE,TRUE,0.25,1,1,0.5,6,5,3,6,2,1,2,480.88,4.46,46,1.297,0.018
15,40,6,20,TRUE,TRUE,0.25,1.25,1,0.5,6,5,3,7,2,1,2,472.67,4.46,48,1.297,0.005
15,40,6,20,TRUE,TRUE,0.25,1.25,1,0.5,6,5,3,8,2,1,2,472.67,4.46,48,1.297,0.005
15,40,6,20,TRUE,TRUE,0.25,1.5,1,0.5,6,5,3,6,2,1,2,464.82,4.46,45,1.297,-0.01
15,40,6,20,TRUE,TRUE,0.25,1.5,1.25,0.5,6,7,3,7,2,1,2,513.38,4.46,49,1.297,0.071
15,40,6,20,TRUE,TRUE,0.25,1.5,1.25,0.5,6,7,3,8,2,1,2,513.38,4.46,49,1.297,0.071
10,20,4,20,TRUE,TRUE,0.25,1.25,1,0.5,6,4,3,5,2,1,2,536.12,4.45,66,1.497,0.13
10,30,4,20,TRUE,TRUE,0.25,1,1,0.5,6,7,3,5,2,1,2,577.87,4.45,72,1.497,0.19
10,30,4,30,TRUE,TRUE,0.25,1.5,1,0.5,6,6,3,6,2,1,2,550.37,4.45,65,1.497,0.151
10,40,4,20,TRUE,TRUE,0.25,1,1,0.5,6,6,3,7,2,1,2,606.76,4.45,73,1.497,0.237
10,40,4,20,TRUE,TRUE,0.25,1,1,0.5,6,6,3,8,2,1,2,606.76,4.45,73,1.497,0.237
10,40,4,20,TRUE,TRUE,0.25,1,1.25,0.5,6,6,3,7,2,1,2,605.97,4.45,73,1.497,0.236
10,40,4,20,TRUE,TRUE,0.25,1,1.25,0.5,6,6,3,8,2,1,2,605.97,4.45,73,1.497,0.236
10,40,4,20,TRUE,TRUE,0.25,1,1.5,0.5,6,6,3,7,2,1,2,605.97,4.45,73,1.497,0.236
10,40,4,20,TRUE,TRUE,0.25,1,1.5,0.5,6,6,3,8,2,1,2,605.97,4.45,73,1.497,0.236
10,40,4,20,FALSE,TRUE,0.25,1.25,1.25,0.5,6,4,3,5,2,1,2,1031.24,4.45,64,3,0.553
10,40,4,30,TRUE,TRUE,0.25,1.5,1.5,0.5,6,4,3,7,2,1,2,571.01,4.45,65,1.497,0.185
10,40,4,30,TRUE,TRUE,0.25,1.5,1.5,0.5,6,4,3,8,2,1,2,571.01,4.45,65,1.497,0.185
10,40,4,30,FALSE,TRUE,0.25,1.25,1.25,0.5,6,5,3,5,2,1,2,1022.45,4.45,63,3,0.55
10,20,5,20,TRUE,TRUE,0.25,1,1,0.5,6,7,3,7,2,1,2,617.54,4.45,71,1.497,0.244
10,20,5,20,TRUE,TRUE,0.25,1,1,0.5,6,7,3,8,2,1,2,617.54,4.45,71,1.497,0.244
10,20,5,20,TRUE,TRUE,0.25,1,1.25,0.5,6,7,3,7,2,1,2,616.74,4.45,71,1.497,0.243
10,20,5,20,TRUE,TRUE,0.25,1,1.25,0.5,6,7,3,8,2,1,2,616.74,4.45,71,1.497,0.243
10,20,5,20,TRUE,TRUE,0.25,1,1.5,0.5,6,7,3,7,2,1,2,616.74,4.45,71,1.497,0.243
10,20,5,20,TRUE,TRUE,0.25,1,1.5,0.5,6,7,3,8,2,1,2,616.74,4.45,71,1.497,0.243
10,20,5,20,TRUE,TRUE,0.25,1.5,1.5,0.5,6,6,3,7,2,1,2,560.88,4.45,62,1.497,0.167
10,20,5,20,TRUE,TRUE,0.25,1.5,1.5,0.5,6,6,3,8,2,1,2,560.88,4.45,62,1.497,0.167
10,20,5,20,FALSE,TRUE,0.25,1.25,1.5,0.5,6,4,3,5,2,1,2,996.16,4.45,57,3,0.512
10,20,5,20,FALSE,TRUE,0.25,1.5,1.5,0.5,6,5,3,6,2,1,2,1010.32,4.45,58,3,0.532
10,20,5,30,TRUE,TRUE,0.25,1.5,1.25,0.5,6,5,3,7,2,1,2,563.51,4.45,62,1.497,0.17
10,20,5,30,TRUE,TRUE,0.25,1.5,1.25,0.5,6,5,3,8,2,1,2,563.51,4.45,62,1.497,0.17
10,20,5,30,FALSE,TRUE,0.25,1.25,1.5,0.5,6,4,3,5,2,1,2,996.16,4.45,57,3,0.512
10,20,5,30,FALSE,TRUE,0.25,1.5,1.5,0.5,6,5,3,6,2,1,2,1010.32,4.45,58,3,0.532
10,30,5,20,TRUE,TRUE,0.25,1,1.25,0.5,6,7,3,6,2,1,2,607.9,4.45,68,1.497,0.221
10,30,5,20,TRUE,TRUE,0.25,1,1.5,0.5,6,7,3,6,2,1,2,607.9,4.45,68,1.497,0.221
10,30,5,20,FALSE,TRUE,0.25,1.25,1.5,0.5,6,4,3,5,2,1,2,996.16,4.45,57,3,0.512
10,30,5,20,FALSE,TRUE,0.25,1.5,1.5,0.5,6,5,3,6,2,1,2,1010.32,4.45,58,3,0.532
10,30,5,30,TRUE,TRUE,0.25,1.25,1.5,0.5,6,5,3,5,2,1,2,547.99,4.45,58,1.497,0.134
10,30,5,30,FALSE,TRUE,0.25,1.25,1.5,0.5,6,4,3,5,2,1,2,996.16,4.45,57,3,0.512
10,30,5,30,FALSE,TRUE,0.25,1.5,1.5,0.5,6,5,3,6,2,1,2,1010.32,4.45,58,3,0.532
10,40,5,20,TRUE,TRUE,0.25,1,1.25,0.5,6,5,3,6,2,1,2,573.03,4.45,62,1.497,0.169
10,40,5,20,TRUE,TRUE,0.25,1,1.5,0.5,6,5,3,6,2,1,2,573.03,4.45,62,1.497,0.169
10,30,6,20,TRUE,TRUE,0.25,1.5,1.5,0.5,6,7,3,5,2,1,2,516.24,4.45,52,1.497,0.075
15,30,4,30,TRUE,TRUE,0.25,1.5,1,0.5,6,6,3,5,2,1,2,554.39,4.45,65,1.297,0.157
15,20,5,20,TRUE,TRUE,0.25,1,1,0.5,6,6,3,5,2,1,2,547.9,4.45,62,1.297,0.136
15,20,5,20,TRUE,TRUE,0.25,1,1.25,0.5,6,6,3,5,2,1,2,547.9,4.45,62,1.297,0.136
15,20,5,20,TRUE,TRUE,0.25,1,1.5,0.5,6,6,3,5,2,1,2,547.9,4.45,62,1.297,0.136
15,20,5,20,TRUE,TRUE,0.25,1.5,1,0.5,6,7,3,7,2,1,2,611.89,4.45,66,1.297,0.22
15,20,5,20,TRUE,TRUE,0.25,1.5,1,0.5,6,7,3,8,2,1,2,611.89,4.45,66,1.297,0.22
15,30,5,30,TRUE,TRUE,0.25,1.5,1,0.5,6,7,3,7,2,1,2,638.07,4.45,66,1.297,0.248
15,30,5,30,TRUE,TRUE,0.25,1.5,1,0.5,6,7,3,8,2,1,2,638.07,4.45,66,1.297,0.248
15,30,5,30,TRUE,TRUE,0.25,1.5,1.25,0.5,6,5,3,5,2,1,2,550.49,4.45,57,1.297,0.139
15,40,5,20,FALSE,TRUE,0.25,1,1,0.5,6,6,3,5,2,1,2,1049.96,4.45,61,3,0.54
15,40,5,20,FALSE,TRUE,0.25,1,1.25,0.5,6,6,3,5,2,1,2,1049.96,4.45,61,3,0.54
15,40,5,20,FALSE,TRUE,0.25,1,1.5,0.5,6,6,3,5,2,1,2,1049.96,4.45,61,3,0.54
15,40,5,30,FALSE,TRUE,0.25,1,1,0.5,6,6,3,5,2,1,2,1049.96,4.45,61,3,0.54
15,40,5,30,FALSE,TRUE,0.25,1,1.25,0.5,6,6,3,5,2,1,2,1049.96,4.45,61,3,0.54
15,40,5,30,FALSE,TRUE,0.25,1,1.5,0.5,6,6,3,5,2,1,2,1049.96,4.45,61,3,0.54
15,20,6,20,TRUE,TRUE,0.25,1.25,1,0.5,6,5,3,6,2,1,2,461.24,4.45,46,1.297,-0.019
15,20,6,20,TRUE,TRUE,0.25,1.5,1.5,0.5,6,4,3,6,2,1,2,453.63,4.45,43,1.297,-0.034
15,20,6,20,FALSE,TRUE,0.25,1,1,0.5,6,5,3,7,2,1,2,816.15,4.45,48,3,0.412
15,20,6,20,FALSE,TRUE,0.25,1,1,0.5,6,5,3,8,2,1,2,816.15,4.45,48,3,0.412
15,20,6,20,FALSE,TRUE,0.25,1,1.25,0.5,6,5,3,7,2,1,2,816.15,4.45,48,3,0.412
15,20,6,20,FALSE,TRUE,0.25,1,1.25,0.5,6,5,3,8,2,1,2,816.15,4.45,48,3,0.412
15,20,6,20,FALSE,TRUE,0.25,1,1.5,0.5,6,5,3,7,2,1,2,816.15,4.45,48,3,0.412
15,20,6,20,FALSE,TRUE,0.25,1,1.5,0.5,6,5,3,8,2,1,2,816.15,4.45,48,3,0.412
15,20,6,30,FALSE,TRUE,0.25,1,1,0.5,6,5,3,7,2,1,2,816.15,4.45,48,3,0.412
15,20,6,30,FALSE,TRUE,0.25,1,1,0.5,6,5,3,8,2,1,2,816.15,4.45,48,3,0.412
15,20,6,30,FALSE,TRUE,0.25,1,1.25,0.5,6,5,3,7,2,1,2,816.15,4.45,48,3,0.412
15,20,6,30,FALSE,TRUE,0.25,1,1.25,0.5,6,5,3,8,2,1,2,816.15,4.45,48,3,0.412
15,20,6,30,FALSE,TRUE,0.25,1,1.5,0.5,6,5,3,7,2,1,2,816.15,4.45,48,3,0.412
15,20,6,30,FALSE,TRUE,0.25,1,1.5,0.5,6,5,3,8,2,1,2,816.15,4.45,48,3,0.412
15,30,6,20,TRUE,TRUE,0.25,1.25,1,0.5,6,4,3,5,2,1,2,453.23,4.45,43,1.297,-0.038
15,30,6,20,TRUE,TRUE,0.25,1.25,1.25,0.5,6,4,3,5,2,1,2,452.87,4.45,43,1.297,-0.039
15,30,6,20,TRUE,TRUE,0.25,1.25,1.5,0.5,6,4,3,5,2,1,2,452.87,4.45,43,1.297,-0.039
15,30,6,20,FALSE,TRUE,0.25,1,1,0.5,6,5,3,7,2,1,2,816.15,4.45,48,3,0.412
15,30,6,20,FALSE,TRUE,0.25,1,1,0.5,6,5,3,8,2,1,2,816.15,4.45,48,3,0.412
15,30,6,20,FALSE,TRUE,0.25,1,1.25,0.5,6,5,3,7,2,1,2,816.15,4.45,48,3,0.412
15,30,6,20,FALSE,TRUE,0.25,1,1.25,0.5,6,5,3,8,2,1,2,816.15,4.45,48,3,0.412
15,30,6,20,FALSE,TRUE,0.25,1,1.5,0.5,6,5,3,7,2,1,2,816.15,4.45,48,3,0.412
15,30,6,20,FALSE,TRUE,0.25,1,1.5,0.5,6,5,3,8,2,1,2,816.15,4.45,48,3,0.412
15,30,6,30,TRUE,TRUE,0.25,1.25,1,0.5,6,7,3,5,2,1,2,466.09,4.45,47,1.297,-0.009
15,30,6,30,TRUE,TRUE,0.25,1.5,1,0.5,6,4,3,5,2,1,2,454.57,4.45,42,1.297,-0.034
15,30,6,30,TRUE,TRUE,0.25,1.5,1.25,0.5,6,5,3,7,2,1,2,465.98,4.45,45,1.297,-0.005
15,30,6,30,TRUE,TRUE,0.25,1.5,1.25,0.5,6,5,3,8,2,1,2,465.98,4.45,45,1.297,-0.005
15,30,6,30,FALSE,TRUE,0.25,1,1,0.5,6,5,3,7,2,1,2,816.15,4.45,48,3,0.412
15,30,6,30,FALSE,TRUE,0.25,1,1,0.5,6,5,3,8,2,1,2,816.15,4.45,48,3,0.412
15,30,6,30,FALSE,TRUE,0.25,1,1.25,0.5,6,5,3,7,2,1,2,816.15,4.45,48,3,0.412
15,30,6,30,FALSE,TRUE,0.25,1,1.25,0.5,6,5,3,8,2,1,2,816.15,4.45,48,3,0.412
15,30,6,30,FALSE,TRUE,0.25,1,1.5,0.5,6,5,3,7,2,1,2,816.15,4.45,48,3,0.412
15,30,6,30,FALSE,TRUE,0.25,1,1.5,0.5,6,5,3,8,2,1,2,816.15,4.45,48,3,0.412
15,40,6,20,TRUE,TRUE,0.25,1.5,1,0.5,6,7,3,6,2,1,2,513.27,4.45,49,1.297,0.068
15,40,6,20,TRUE,TRUE,0.25,1.5,1.25,0.5,6,5,3,6,2,1,2,461.17,4.45,44,1.297,-0.015
15,40,6,20,TRUE,TRUE,0.25,1.5,1.5,0.5,6,7,3,7,2,1,2,511.58,4.45,49,1.297,0.068
15,40,6,20,TRUE,TRUE,0.25,1.5,1.5,0.5,6,7,3,8,2,1,2,511.58,4.45,49,1.297,0.068
15,40,6,20,FALSE,TRUE,0.25,1,1,0.5,6,5,3,7,2,1,2,816.15,4.45,48,3,0.412
15,40,6,20,FALSE,TRUE,0.25,1,1,0.5,6,5,3,8,2,1,2,816.15,4.45,48,3,0.412
15,40,6,20,FALSE,TRUE,0.25,1,1.25,0.5,6,5,3,7,2,1,2,816.15,4.45,48,3,0.412
15,40,6,20,FALSE,TRUE,0.25,1,1.25,0.5,6,5,3,8,2,1,2,816.15,4.45,48,3,0.412
15,40,6,20,FALSE,TRUE,0.25,1,1.5,0.5,6,5,3,7,2,1,2,816.15,4.45,48,3,0.412
15,40,6,20,FALSE,TRUE,0.25,1,1.5,0.5,6,5,3,8,2,1,2,816.15,4.45,48,3,0.412
15,40,6,30,TRUE,TRUE,0.25,1.25,1.25,0.5,6,5,3,5,2,1,2,456.87,4.45,44,1.297,-0.028
15,40,6,30,TRUE,TRUE,0.25,1.25,1.5,0.5,6,5,3,5,2,1,2,456.87,4.45,44,1.297,-0.028
15,40,6,30,FALSE,TRUE,0.25,1,1,0.5,6,5,3,7,2,1,2,816.15,4.45,48,3,0.412
15,40,6,30,FALSE,TRUE,0.25,1,1,0.5,6,5,3,8,2,1,2,816.15,4.45,48,3,0.412
15,40,6,30,FALSE,TRUE,0.25,1,1.25,0.5,6,5,3,7,2,1,2,816.15,4.45,48,3,0.412
15,40,6,30,FALSE,TRUE,0.25,1,1.25,0.5,6,5,3,8,2,1,2,816.15,4.45,48,3,0.412
15,40,6,30,FALSE,TRUE,0.25,1,1.5,0.5,6,5,3,7,2,1,2,816.15,4.45,48,3,0.412
15,40,6,30,FALSE,TRUE,0.25,1,1.5,0.5,6,5,3,8,2,1,2,816.15,4.45,48,3,0.412
10,20,4,20,FALSE,TRUE,0.25,1.25,1,0.5,6,6,3,5,2,1,2,1059.39,4.44,68,3,0.569
10,20,4,30,TRUE,TRUE,0.25,1.5,1,0.5,6,5,3,7,2,1,2,564.01,4.44,68,1.497,0.179
10,20,4,30,TRUE,TRUE,0.25,1.5,1,0.5,6,5,3,8,2,1,2,564.01,4.44,68,1.497,0.179
10,20,4,30,TRUE,TRUE,0.25,1.5,1,0.5,6,6,3,7,2,1,2,564.01,4.44,68,1.497,0.179
10,20,4,30,TRUE,TRUE,0.25,1.5,1,0.5,6,6,3,8,2,1,2,564.01,4.44,68,1.497,0.179
10,30,4,20,TRUE,TRUE,0.25,1,1.25,0.5,6,7,3,5,2,1,2,577.07,4.44,72,1.497,0.188
10,30,4,20,TRUE,TRUE,0.25,1,1.5,0.5,6,7,3,5,2,1,2,577.07,4.44,72,1.497,0.188
10,30,4,20,FALSE,TRUE,0.25,1.25,1,0.5,6,6,3,5,2,1,2,1059.39,4.44,68,3,0.569
10,40,4,20,TRUE,TRUE,0.25,1.5,1.25,0.5,6,5,3,7,2,1,2,577.49,4.44,68,1.497,0.195
10,40,4,20,TRUE,TRUE,0.25,1.5,1.25,0.5,6,5,3,8,2,1,2,577.49,4.44,68,1.497,0.195
10,40,4,20,FALSE,TRUE,0.25,1.25,1,0.5,6,5,3,6,2,1,2,1059.99,4.44,67,3,0.568
10,20,5,20,TRUE,TRUE,0.25,1.5,1.25,0.5,6,5,3,6,2,1,2,528.19,4.44,59,1.497,0.11
10,20,5,20,FALSE,TRUE,0.25,1.5,1.5,0.5,6,7,3,6,2,1,2,1146.81,4.44,64,3,0.588
10,20,5,30,TRUE,TRUE,0.25,1.25,1,0.5,6,7,3,5,2,1,2,564.48,4.44,65,1.497,0.164
10,20,5,30,FALSE,TRUE,0.25,1.5,1.5,0.5,6,7,3,6,2,1,2,1146.81,4.44,64,3,0.588
10,30,5,20,TRUE,TRUE,0.25,1.25,1.25,0.5,6,5,3,5,2,1,2,546.48,4.44,59,1.497,0.132
10,30,5,20,TRUE,TRUE,0.25,1.5,1.25,0.5,6,6,3,7,2,1,2,585.74,4.44,63,1.497,0.198
10,30,5,20,TRUE,TRUE,0.25,1.5,1.25,0.5,6,6,3,8,2,1,2,585.74,4.44,63,1.497,0.198
10,30,5,20,FALSE,TRUE,0.25,1.5,1.5,0.5,6,7,3,6,2,1,2,1146.81,4.44,64,3,0.588
10,30,5,30,TRUE,TRUE,0.25,1.5,1.5,0.5,6,6,3,6,2,1,2,552.83,4.44,59,1.497,0.146
10,30,5,30,FALSE,TRUE,0.25,1.5,1.5,0.5,6,7,3,6,2,1,2,1146.81,4.44,64,3,0.588
10,40,5,20,TRUE,TRUE,0.25,1.25,1,0.5,6,5,3,6,2,1,2,555.11,4.44,60,1.497,0.142
10,40,5,30,TRUE,TRUE,0.25,1.25,1.5,0.5,6,4,3,5,2,1,2,540.01,4.44,55,1.497,0.118
15,30,4,20,TRUE,TRUE,0.25,1,1,0.5,6,6,3,5,2,1,2,578.36,4.44,71,1.297,0.191
15,30,4,20,TRUE,TRUE,0.25,1,1.25,0.5,6,6,3,5,2,1,2,578.36,4.44,71,1.297,0.191
15,30,4,20,TRUE,TRUE,0.25,1,1.5,0.5,6,6,3,5,2,1,2,578.36,4.44,71,1.297,0.191
15,30,4,20,TRUE,TRUE,0.25,1.25,1.5,0.5,6,5,3,5,2,1,2,553.42,4.44,66,1.297,0.156
15,40,4,20,FALSE,TRUE,0.25,1.25,1.5,0.5,6,7,3,5,2,1,2,1103.8,4.44,68,3,0.579
15,40,4,30,TRUE,TRUE,0.25,1.25,1.5,0.5,6,6,3,5,2,1,2,549.8,4.44,64,1.297,0.15
15,40,4,30,FALSE,TRUE,0.25,1.5,1,0.5,6,5,3,5,2,1,2,1036.81,4.44,63,3,0.552
15,20,5,20,TRUE,TRUE,0.25,1.5,1.25,0.5,6,5,3,5,2,1,2,524.62,4.44,57,1.297,0.102
15,40,5,20,TRUE,TRUE,0.25,1,1.25,0.5,6,7,3,6,2,1,2,608.36,4.44,67,1.297,0.219
15,40,5,20,TRUE,TRUE,0.25,1,1.5,0.5,6,7,3,6,2,1,2,608.36,4.44,67,1.297,0.219
15,40,5,20,FALSE,TRUE,0.25,1.25,1.5,0.5,6,5,3,5,2,1,2,999.1,4.44,57,3,0.511
15,40,5,30,FALSE,TRUE,0.25,1.25,1.5,0.5,6,5,3,5,2,1,2,999.1,4.44,57,3,0.511
15,20,6,20,TRUE,TRUE,0.25,1.25,1.25,0.5,6,6,3,5,2,1,2,451.99,4.44,45,1.297,-0.037
15,20,6,20,TRUE,TRUE,0.25,1.25,1.5,0.5,6,6,3,5,2,1,2,451.99,4.44,45,1.297,-0.037
15,20,6,20,FALSE,TRUE,0.25,1.25,1,0.5,6,6,3,5,2,1,2,766.68,4.44,45,3,0.363
15,20,6,20,FALSE,TRUE,0.25,1.25,1.25,0.5,6,5,3,5,2,1,2,759.74,4.44,44,3,0.357
15,20,6,20,FALSE,TRUE,0.25,1.25,1.5,0.5,6,5,3,5,2,1,2,759.74,4.44,44,3,0.357
15,20,6,30,TRUE,TRUE,0.25,1.5,1.25,0.5,6,4,3,7,2,1,2,459.48,4.44,44,1.297,-0.02
15,20,6,30,TRUE,TRUE,0.25,1.5,1.25,0.5,6,4,3,8,2,1,2,459.48,4.44,44,1.297,-0.02
15,20,6,30,FALSE,TRUE,0.25,1.25,1,0.5,6,6,3,5,2,1,2,766.68,4.44,45,3,0.363
15,20,6,30,FALSE,TRUE,0.25,1.25,1.25,0.5,6,5,3,5,2,1,2,759.74,4.44,44,3,0.357
15,20,6,30,FALSE,TRUE,0.25,1.25,1.5,0.5,6,5,3,5,2,1,2,759.74,4.44,44,3,0.357
15,30,6,20,TRUE,TRUE,0.25,1,1,0.5,6,6,3,7,2,1,2,486.41,4.44,49,1.297,0.03
15,30,6,20,TRUE,TRUE,0.25,1,1,0.5,6,6,3,8,2,1,2,486.41,4.44,49,1.297,0.03
15,30,6,20,TRUE,TRUE,0.25,1,1.25,0.5,6,6,3,7,2,1,2,486.41,4.44,49,1.297,0.03
15,30,6,20,TRUE,TRUE,0.25,1,1.25,0.5,6,6,3,8,2,1,2,486.41,4.44,49,1.297,0.03
15,30,6,20,TRUE,TRUE,0.25,1,1.5,0.5,6,6,3,7,2,1,2,486.41,4.44,49,1.297,0.03
15,30,6,20,TRUE,TRUE,0.25,1,1.5,0.5,6,6,3,8,2,1,2,486.41,4.44,49,1.297,0.03
15,30,6,20,TRUE,TRUE,0.25,1.5,1.5,0.5,6,7,3,6,2,1,2,508.42,4.44,48,1.297,0.062
15,30,6,20,FALSE,TRUE,0.25,1.25,1,0.5,6,6,3,5,2,1,2,766.68,4.44,45,3,0.363
15,30,6,20,FALSE,TRUE,0.25,1.25,1.25,0.5,6,5,3,5,2,1,2,759.74,4.44,44,3,0.357
15,30,6,20,FALSE,TRUE,0.25,1.25,1.5,0.5,6,5,3,5,2,1,2,759.74,4.44,44,3,0.357
15,30,6,30,TRUE,TRUE,0.25,1.5,1,0.5,6,5,3,7,2,1,2,468.86,4.44,46,1.297,-0.001
15,30,6,30,TRUE,TRUE,0.25,1.5,1,0.5,6,5,3,8,2,1,2,468.86,4.44,46,1.297,-0.001
15,30,6,30,TRUE,TRUE,0.25,1.5,1.5,0.5,6,5,3,7,2,1,2,464.18,4.44,45,1.297,-0.009
15,30,6,30,TRUE,TRUE,0.25,1.5,1.5,0.5,6,5,3,8,2,1,2,464.18,4.44,45,1.297,-0.009
15,30,6,30,FALSE,TRUE,0.25,1.25,1,0.5,6,6,3,5,2,1,2,766.68,4.44,45,3,0.363
15,30,6,30,FALSE,TRUE,0.25,1.25,1.25,0.5,6,5,3,5,2,1,2,759.74,4.44,44,3,0.357
15,30,6,30,FALSE,TRUE,0.25,1.25,1.5,0.5,6,5,3,5,2,1,2,759.74,4.44,44,3,0.357
15,40,6,20,TRUE,TRUE,0.25,1.5,1.25,0.5,6,7,3,6,2,1,2,509.62,4.44,48,1.297,0.064
15,40,6,20,TRUE,TRUE,0.25,1.5,1.5,0.5,6,5,3,6,2,1,2,459.37,4.44,44,1.297,-0.02
15,40,6,20,FALSE,TRUE,0.25,1.25,1,0.5,6,6,3,5,2,1,2,766.68,4.44,45,3,0.363
15,40,6,20,FALSE,TRUE,0.25,1.25,1.25,0.5,6,5,3,5,2,1,2,759.74,4.44,44,3,0.357
15,40,6,20,FALSE,TRUE,0.25,1.25,1.5,0.5,6,5,3,5,2,1,2,759.74,4.44,44,3,0.357
15,40,6,30,TRUE,TRUE,0.25,1,1,0.5,6,5,3,6,2,1,2,480.27,4.44,46,1.297,0.017
15,40,6,30,FALSE,TRUE,0.25,1.25,1,0.5,6,6,3,5,2,1,2,766.68,4.44,45,3,0.363
15,40,6,30,FALSE,TRUE,0.25,1.25,1.25,0.5,6,5,3,5,2,1,2,759.74,4.44,44,3,0.357
15,40,6,30,FALSE,TRUE,0.25,1.25,1.5,0.5,6,5,3,5,2,1,2,759.74,4.44,44,3,0.357
10,20,4,20,TRUE,TRUE,0.25,1.5,1,0.5,6,5,3,7,2,1,2,566.78,4.43,69,1.497,0.184
10,20,4,20,TRUE,TRUE,0.25,1.5,1,0.5,6,5,3,8,2,1,2,566.78,4.43,69,1.497,0.184
10,20,4,20,TRUE,TRUE,0.25,1.5,1.25,0.5,6,5,3,5,2,1,2,525.96,4.43,65,1.497,0.116
10,20,4,20,FALSE,TRUE,0.25,1.5,1,0.5,6,6,3,5,2,1,2,1043.13,4.43,66,3,0.564
10,20,4,20,FALSE,TRUE,0.25,1.5,1.25,0.5,6,7,3,5,2,1,2,1162.49,4.43,70,3,0.604
10,20,4,20,FALSE,TRUE,0.25,1.5,1.5,0.5,6,5,3,5,2,1,2,1027.01,4.43,64,3,0.555
10,20,4,30,TRUE,TRUE,0.25,1.25,1,0.5,6,4,3,5,2,1,2,529.27,4.43,64,1.497,0.118
10,20,4,30,TRUE,TRUE,0.25,1.5,1.25,0.5,6,6,3,5,2,1,2,522.83,4.43,64,1.497,0.11
10,30,4,20,TRUE,TRUE,0.25,1.25,1.5,0.5,6,4,3,5,2,1,2,545.91,4.43,64,1.497,0.143
10,30,4,20,FALSE,TRUE,0.25,1.5,1,0.5,6,6,3,5,2,1,2,1043.13,4.43,66,3,0.564
10,30,4,20,FALSE,TRUE,0.25,1.5,1.25,0.5,6,7,3,5,2,1,2,1162.49,4.43,70,3,0.604
10,30,4,20,FALSE,TRUE,0.25,1.5,1.5,0.5,6,5,3,5,2,1,2,1027.01,4.43,64,3,0.555
10,30,4,30,TRUE,TRUE,0.25,1.5,1,0.5,6,5,3,6,2,1,2,547.57,4.43,64,1.497,0.146
10,40,4,20,TRUE,TRUE,0.25,1.5,1,0.5,6,4,3,6,2,1,2,545.31,4.43,64,1.497,0.142
10,40,4,20,FALSE,TRUE,0.25,1.5,1,0.5,6,5,3,7,2,1,2,1109.43,4.43,68,3,0.6
10,40,4,20,FALSE,TRUE,0.25,1.5,1,0.5,6,5,3,8,2,1,2,1109.43,4.43,68,3,0.6
10,40,4,30,TRUE,TRUE,0.25,1,1,0.5,6,6,3,6,2,1,2,568.62,4.43,68,1.497,0.176
10,40,4,30,TRUE,TRUE,0.25,1,1,0.5,6,7,3,7,2,1,2,605.7,4.43,73,1.497,0.233
10,40,4,30,TRUE,TRUE,0.25,1,1,0.5,6,7,3,8,2,1,2,605.7,4.43,73,1.497,0.233
10,40,4,30,TRUE,TRUE,0.25,1,1.25,0.5,6,7,3,7,2,1,2,604.91,4.43,73,1.497,0.232
10,40,4,30,TRUE,TRUE,0.25,1,1.25,0.5,6,7,3,8,2,1,2,604.91,4.43,73,1.497,0.232
10,40,4,30,TRUE,TRUE,0.25,1,1.5,0.5,6,7,3,7,2,1,2,604.91,4.43,73,1.497,0.232
10,40,4,30,TRUE,TRUE,0.25,1,1.5,0.5,6,7,3,8,2,1,2,604.91,4.43,73,1.497,0.232
10,40,4,30,TRUE,TRUE,0.25,1.25,1.5,0.5,6,5,3,7,2,1,2,577.01,4.43,67,1.497,0.196
10,40,4,30,TRUE,TRUE,0.25,1.25,1.5,0.5,6,5,3,8,2,1,2,577.01,4.43,67,1.497,0.196
10,40,4,30,TRUE,TRUE,0.25,1.25,1.5,0.5,6,6,3,7,2,1,2,577.01,4.43,67,1.497,0.196
10,40,4,30,TRUE,TRUE,0.25,1.25,1.5,0.5,6,6,3,8,2,1,2,577.01,4.43,67,1.497,0.196
10,40,4,30,FALSE,TRUE,0.25,1.25,1,0.5,6,5,3,7,2,1,2,1117.09,4.43,69,3,0.603
10,40,4,30,FALSE,TRUE,0.25,1.25,1,0.5,6,5,3,8,2,1,2,1117.09,4.43,69,3,0.603
10,40,4,30,FALSE,TRUE,0.25,1.25,1,0.5,6,6,3,7,2,1,2,1117.09,4.43,69,3,0.603
10,40,4,30,FALSE,TRUE,0.25,1.25,1,0.5,6,6,3,8,2,1,2,1117.09,4.43,69,3,0.603
10,20,5,30,TRUE,TRUE,0.25,1.5,1.5,0.5,6,4,3,6,2,1,2,525.9,4.43,57,1.497,0.105
10,30,5,20,TRUE,TRUE,0.25,1.25,1,0.5,6,5,3,7,2,1,2,597.3,4.43,66,1.497,0.212
10,30,5,20,TRUE,TRUE,0.25,1.25,1,0.5,6,5,3,8,2,1,2,597.3,4.43,66,1.497,0.212
10,30,5,20,TRUE,TRUE,0.25,1.5,1.25,0.5,6,4,3,6,2,1,2,549.28,4.43,58,1.497,0.137
10,40,5,20,TRUE,TRUE,0.25,1.25,1.25,0.5,6,4,3,5,2,1,2,538.68,4.43,56,1.497,0.116
10,40,5,20,FALSE,TRUE,0.25,1,1,0.5,6,4,3,5,2,1,2,1035.96,4.43,59,3,0.527
10,40,5,30,TRUE,TRUE,0.25,1,1,0.5,6,7,3,6,2,1,2,603.13,4.43,66,1.497,0.213
10,40,5,30,FALSE,TRUE,0.25,1,1,0.5,6,4,3,5,2,1,2,1035.96,4.43,59,3,0.527
10,20,6,30,TRUE,TRUE,0.25,1.5,1.25,0.5,6,4,3,5,2,1,2,454.67,4.43,45,1.497,-0.032
15,20,4,20,FALSE,TRUE,0.25,1.5,1.5,0.5,6,7,3,5,2,1,2,1165.94,4.43,69,3,0.607
15,30,4,20,FALSE,TRUE,0.25,1.5,1.5,0.5,6,7,3,5,2,1,2,1165.94,4.43,69,3,0.607
15,30,4,30,TRUE,TRUE,0.25,1.5,1,0.5,6,5,3,5,2,1,2,551.59,4.43,64,1.297,0.152
15,40,4,20,TRUE,TRUE,0.25,1,1,0.5,6,7,3,5,2,1,2,580.52,4.43,72,1.297,0.192
15,40,4,20,TRUE,TRUE,0.25,1,1.25,0.5,6,7,3,5,2,1,2,580.52,4.43,72,1.297,0.192
15,40,4,20,TRUE,TRUE,0.25,1,1.5,0.5,6,7,3,5,2,1,2,580.52,4.43,72,1.297,0.192
15,40,4,20,TRUE,TRUE,0.25,1.25,1,0.5,6,4,3,5,2,1,2,558.32,4.43,66,1.297,0.16
15,40,4,30,FALSE,TRUE,0.25,1.5,1,0.5,6,7,3,7,2,1,2,1179.48,4.43,70,3,0.611
15,40,4,30,FALSE,TRUE,0.25,1.5,1,0.5,6,7,3,8,2,1,2,1179.48,4.43,70,3,0.611
15,20,5,20,TRUE,TRUE,0.25,1.5,1,0.5,6,7,3,6,2,1,2,608.46,4.43,65,1.297,0.214
15,30,5,30,TRUE,TRUE,0.25,1.5,1,0.5,6,7,3,6,2,1,2,634.33,4.43,65,1.297,0.242
15,30,5,30,TRUE,TRUE,0.25,1.5,1.25,0.5,6,7,3,7,2,1,2,633.93,4.43,65,1.297,0.245
15,30,5,30,TRUE,TRUE,0.25,1.5,1.25,0.5,6,7,3,8,2,1,2,633.93,4.43,65,1.297,0.245
15,40,5,20,TRUE,TRUE,0.25,1.25,1.5,0.5,6,4,3,5,2,1,2,544.52,4.43,56,1.297,0.125
15,40,5,20,FALSE,TRUE,0.25,1.5,1,0.5,6,7,3,7,2,1,2,1157.93,4.43,65,3,0.583
15,40,5,20,FALSE,TRUE,0.25,1.5,1,0.5,6,7,3,8,2,1,2,1157.93,4.43,65,3,0.583
15,40,5,30,FALSE,TRUE,0.25,1.5,1,0.5,6,7,3,7,2,1,2,1157.93,4.43,65,3,0.583
15,40,5,30,FALSE,TRUE,0.25,1.5,1,0.5,6,7,3,8,2,1,2,1157.93,4.43,65,3,0.583
15,20,6,20,FALSE,TRUE,0.25,1.5,1.25,0.5,6,6,3,5,2,1,2,758.03,4.43,43,3,0.361
15,20,6,30,TRUE,TRUE,0.25,1.25,1,0.5,6,5,3,7,2,1,2,470.25,4.43,48,1.297,0.001
15,20,6,30,TRUE,TRUE,0.25,1.25,1,0.5,6,5,3,8,2,1,2,470.25,4.43,48,1.297,0.001
15,20,6,30,TRUE,TRUE,0.25,1.5,1.5,0.5,6,4,3,7,2,1,2,457.68,4.43,44,1.297,-0.024
15,20,6,30,TRUE,TRUE,0.25,1.5,1.5,0.5,6,4,3,8,2,1,2,457.68,4.43,44,1.297,-0.024
15,20,6,30,FALSE,TRUE,0.25,1.5,1.25,0.5,6,6,3,5,2,1,2,758.03,4.43,43,3,0.361
15,30,6,20,FALSE,TRUE,0.25,1.5,1.25,0.5,6,6,3,5,2,1,2,758.03,4.43,43,3,0.361
15,30,6,30,TRUE,TRUE,0.25,1.5,1.25,0.5,6,5,3,6,2,1,2,462.38,4.43,44,1.297,-0.012
15,30,6,30,TRUE,TRUE,0.25,1.5,1.25,0.5,6,7,3,7,2,1,2,514.04,4.43,49,1.297,0.073
15,30,6,30,TRUE,TRUE,0.25,1.5,1.25,0.5,6,7,3,8,2,1,2,514.04,4.43,49,1.297,0.073
15,30,6,30,FALSE,TRUE,0.25,1.5,1.25,0.5,6,6,3,5,2,1,2,758.03,4.43,43,3,0.361
15,40,6,20,TRUE,TRUE,0.25,1.25,1,0.5,6,4,3,5,2,1,2,452.62,4.43,43,1.297,-0.039
15,40,6,20,TRUE,TRUE,0.25,1.25,1.25,0.5,6,4,3,5,2,1,2,452.26,4.43,43,1.297,-0.04
15,40,6,20,TRUE,TRUE,0.25,1.25,1.5,0.5,6,4,3,5,2,1,2,452.26,4.43,43,1.297,-0.04
15,40,6,20,TRUE,TRUE,0.25,1.5,1.5,0.5,6,7,3,6,2,1,2,507.82,4.43,48,1.297,0.061
15,40,6,20,FALSE,TRUE,0.25,1.5,1.25,0.5,6,6,3,5,2,1,2,758.03,4.43,43,3,0.361
15,40,6,30,TRUE,TRUE,0.25,1.25,1,0.5,6,7,3,5,2,1,2,465.49,4.43,47,1.297,-0.01
15,40,6,30,TRUE,TRUE,0.25,1.5,1,0.5,6,4,3,5,2,1,2,453.97,4.43,42,1.297,-0.035
15,40,6,30,TRUE,TRUE,0.25,1.5,1.25,0.5,6,5,3,7,2,1,2,465.55,4.43,45,1.297,-0.006
15,40,6,30,TRUE,TRUE,0.25,1.5,1.25,0.5,6,5,3,8,2,1,2,465.55,4.43,45,1.297,-0.006
15,40,6,30,FALSE,TRUE,0.25,1.5,1.25,0.5,6,6,3,5,2,1,2,758.03,4.43,43,3,0.361
10,20,4,30,TRUE,TRUE,0.25,1.5,1.5,0.5,6,7,3,6,2,1,2,596.07,4.42,69,1.497,0.212
10,20,4,30,FALSE,TRUE,0.25,1.25,1.5,0.5,6,7,3,5,2,1,2,1089.14,4.42,67,3,0.572
10,30,4,20,TRUE,TRUE,0.25,1.25,1,0.5,6,5,3,7,2,1,2,593.51,4.42,71,1.497,0.218
10,30,4,20,TRUE,TRUE,0.25,1.25,1,0.5,6,5,3,8,2,1,2,593.51,4.42,71,1.497,0.218
10,30,4,20,TRUE,TRUE,0.25,1.5,1.25,0.5,6,4,3,5,2,1,2,542.38,4.42,64,1.497,0.137
10,30,4,30,TRUE,TRUE,0.25,1.25,1,0.5,6,4,3,5,2,1,2,548.32,4.42,64,1.497,0.145
10,30,4,30,FALSE,TRUE,0.25,1.25,1.5,0.5,6,7,3,5,2,1,2,1089.14,4.42,67,3,0.572
10,40,4,20,TRUE,TRUE,0.25,1.25,1,0.5,6,4,3,7,2,1,2,586.13,4.42,69,1.497,0.207
10,40,4,20,TRUE,TRUE,0.25,1.25,1,0.5,6,4,3,8,2,1,2,586.13,4.42,69,1.497,0.207
10,40,4,20,FALSE,TRUE,0.25,1.5,1,0.5,6,5,3,6,2,1,2,1042.4,4.42,65,3,0.56
10,40,4,30,TRUE,TRUE,0.25,1,1.25,0.5,6,6,3,6,2,1,2,567.82,4.42,68,1.497,0.175
10,40,4,30,TRUE,TRUE,0.25,1,1.5,0.5,6,6,3,6,2,1,2,567.82,4.42,68,1.497,0.175
10,40,4,30,FALSE,TRUE,0.25,1.5,1.25,0.5,6,4,3,5,2,1,2,1012.26,4.42,61,3,0.536
10,20,5,20,TRUE,TRUE,0.25,1.25,1.5,0.5,6,4,3,5,2,1,2,519.05,4.42,57,1.497,0.09
10,20,5,20,FALSE,TRUE,0.25,1.5,1.5,0.5,6,4,3,7,2,1,2,1069.5,4.42,60,3,0.567
10,20,5,20,FALSE,TRUE,0.25,1.5,1.5,0.5,6,4,3,8,2,1,2,1069.5,4.42,60,3,0.567
10,20,5,30,TRUE,TRUE,0.25,1.25,1.5,0.5,6,5,3,5,2,1,2,522.55,4.42,58,1.497,0.098
10,20,5,30,TRUE,TRUE,0.25,1.5,1,0.5,6,5,3,6,2,1,2,533.26,4.42,60,1.497,0.117
10,20,5,30,FALSE,TRUE,0.25,1.5,1.5,0.5,6,4,3,7,2,1,2,1069.5,4.42,60,3,0.567
10,20,5,30,FALSE,TRUE,0.25,1.5,1.5,0.5,6,4,3,8,2,1,2,1069.5,4.42,60,3,0.567
10,30,5,20,TRUE,TRUE,0.25,1,1,0.5,6,7,3,6,2,1,2,602.88,4.42,67,1.497,0.213
10,30,5,20,TRUE,TRUE,0.25,1.5,1,0.5,6,6,3,6,2,1,2,555.87,4.42,61,1.497,0.148
10,30,5,20,FALSE,TRUE,0.25,1.5,1.5,0.5,6,4,3,7,2,1,2,1069.5,4.42,60,3,0.567
10,30,5,20,FALSE,TRUE,0.25,1.5,1.5,0.5,6,4,3,8,2,1,2,1069.5,4.42,60,3,0.567
10,30,5,30,TRUE,TRUE,0.25,1.5,1.25,0.5,6,4,3,7,2,1,2,584.22,4.42,61,1.497,0.194
10,30,5,30,TRUE,TRUE,0.25,1.5,1.25,0.5,6,4,3,8,2,1,2,584.22,4.42,61,1.497,0.194
10,30,5,30,FALSE,TRUE,0.25,1.5,1.5,0.5,6,4,3,7,2,1,2,1069.5,4.42,60,3,0.567
10,30,5,30,FALSE,TRUE,0.25,1.5,1.5,0.5,6,4,3,8,2,1,2,1069.5,4.42,60,3,0.567
10,40,5,20,TRUE,TRUE,0.25,1,1,0.5,6,5,3,6,2,1,2,568.01,4.42,61,1.497,0.161
10,40,5,20,TRUE,TRUE,0.25,1,1.25,0.5,6,6,3,6,2,1,2,577.37,4.42,64,1.497,0.179
10,40,5,20,TRUE,TRUE,0.25,1,1.5,0.5,6,6,3,6,2,1,2,577.37,4.42,64,1.497,0.179
10,40,5,20,FALSE,TRUE,0.25,1,1,0.5,6,7,3,7,2,1,2,1198.5,4.42,70,3,0.621
10,40,5,20,FALSE,TRUE,0.25,1,1,0.5,6,7,3,8,2,1,2,1198.5,4.42,70,3,0.621
10,40,5,20,FALSE,TRUE,0.25,1,1.25,0.5,6,4,3,5,2,1,2,1034.33,4.42,59,3,0.525
10,40,5,20,FALSE,TRUE,0.25,1,1.25,0.5,6,7,3,7,2,1,2,1196.88,4.42,70,3,0.62
10,40,5,20,FALSE,TRUE,0.25,1,1.25,0.5,6,7,3,8,2,1,2,1196.88,4.42,70,3,0.62
10,40,5,20,FALSE,TRUE,0.25,1,1.5,0.5,6,4,3,5,2,1,2,1034.33,4.42,59,3,0.525
10,40,5,20,FALSE,TRUE,0.25,1,1.5,0.5,6,7,3,7,2,1,2,1196.88,4.42,70,3,0.62
10,40,5,20,FALSE,TRUE,0.25,1,1.5,0.5,6,7,3,8,2,1,2,1196.88,4.42,70,3,0.62
10,40,5,30,TRUE,TRUE,0.25,1.25,1,0.5,6,5,3,7,2,1,2,594.31,4.42,64,1.497,0.206
10,40,5,30,TRUE,TRUE,0.25,1.25,1,0.5,6,5,3,8,2,1,2,594.31,4.42,64,1.497,0.206
10,40,5,30,TRUE,TRUE,0.25,1.5,1,0.5,6,4,3,6,2,1,2,546.83,4.42,57,1.497,0.13
10,40,5,30,FALSE,TRUE,0.25,1,1,0.5,6,7,3,7,2,1,2,1198.5,4.42,70,3,0.621
10,40,5,30,FALSE,TRUE,0.25,1,1,0.5,6,7,3,8,2,1,2,1198.5,4.42,70,3,0.621
10,40,5,30,FALSE,TRUE,0.25,1,1.25,0.5,6,4,3,5,2,1,2,1034.33,4.42,59,3,0.525
10,40,5,30,FALSE,TRUE,0.25,1,1.25,0.5,6,7,3,7,2,1,2,1196.88,4.42,70,3,0.62
10,40,5,30,FALSE,TRUE,0.25,1,1.25,0.5,6,7,3,8,2,1,2,1196.88,4.42,70,3,0.62
10,40,5,30,FALSE,TRUE,0.25,1,1.5,0.5,6,4,3,5,2,1,2,1034.33,4.42,59,3,0.525
10,40,5,30,FALSE,TRUE,0.25,1,1.5,0.5,6,7,3,7,2,1,2,1196.88,4.42,70,3,0.62
10,40,5,30,FALSE,TRUE,0.25,1,1.5,0.5,6,7,3,8,2,1,2,1196.88,4.42,70,3,0.62
10,30,6,30,TRUE,TRUE,0.25,1.5,1.25,0.5,6,5,3,5,2,1,2,460.6,4.42,46,1.497,-0.018
15,20,4,20,TRUE,TRUE,0.25,1.25,1,0.5,6,6,3,5,2,1,2,544.48,4.42,69,1.297,0.144
15,20,4,30,TRUE,TRUE,0.25,1.5,1,0.5,6,6,3,5,2,1,2,533.88,4.42,65,1.297,0.127
15,30,4,30,TRUE,TRUE,0.25,1,1,0.5,6,7,3,5,2,1,2,576.57,4.42,71,1.297,0.186
15,30,4,30,TRUE,TRUE,0.25,1,1.25,0.5,6,7,3,5,2,1,2,576.57,4.42,71,1.297,0.186
15,30,4,30,TRUE,TRUE,0.25,1,1.5,0.5,6,7,3,5,2,1,2,576.57,4.42,71,1.297,0.186
15,40,4,20,TRUE,TRUE,0.25,1.5,1.5,0.5,6,5,3,5,2,1,2,548.34,4.42,64,1.297,0.148
15,40,4,30,TRUE,TRUE,0.25,1.25,1.5,0.5,6,5,3,5,2,1,2,547,4.42,63,1.297,0.145
15,20,5,30,TRUE,TRUE,0.25,1.5,1.5,0.5,6,4,3,5,2,1,2,521.73,4.42,55,1.297,0.095
15,30,5,20,TRUE,TRUE,0.25,1,1,0.5,6,7,3,7,2,1,2,610.4,4.42,69,1.297,0.224
15,30,5,20,TRUE,TRUE,0.25,1,1,0.5,6,7,3,8,2,1,2,610.4,4.42,69,1.297,0.224
15,30,5,20,TRUE,TRUE,0.25,1,1.25,0.5,6,7,3,7,2,1,2,610.4,4.42,69,1.297,0.224
15,30,5,20,TRUE,TRUE,0.25,1,1.25,0.5,6,7,3,8,2,1,2,610.4,4.42,69,1.297,0.224
15,30,5,20,TRUE,TRUE,0.25,1,1.5,0.5,6,7,3,7,2,1,2,610.4,4.42,69,1.297,0.224
15,30,5,20,TRUE,TRUE,0.25,1,1.5,0.5,6,7,3,8,2,1,2,610.4,4.42,69,1.297,0.224
15,40,5,20,TRUE,TRUE,0.25,1.5,1,0.5,6,4,3,5,2,1,2,545.56,4.42,56,1.297,0.126
15,40,5,30,TRUE,TRUE,0.25,1.25,1.5,0.5,6,5,3,5,2,1,2,548.01,4.42,57,1.297,0.133
15,40,5,30,TRUE,TRUE,0.25,1.5,1.5,0.5,6,5,3,7,2,1,2,556.46,4.42,58,1.297,0.15
15,40,5,30,TRUE,TRUE,0.25,1.5,1.5,0.5,6,5,3,8,2,1,2,556.46,4.42,58,1.297,0.15
15,20,6,20,TRUE,TRUE,0.25,1,1,0.5,6,6,3,6,2,1,2,474.44,4.42,47,1.297,0.006
15,20,6,20,TRUE,TRUE,0.25,1,1,0.5,6,7,3,7,2,1,2,485.32,4.42,51,1.297,0.03
15,20,6,20,TRUE,TRUE,0.25,1,1,0.5,6,7,3,8,2,1,2,485.32,4.42,51,1.297,0.03
15,20,6,20,TRUE,TRUE,0.25,1,1.25,0.5,6,7,3,7,2,1,2,485.32,4.42,51,1.297,0.03
15,20,6,20,TRUE,TRUE,0.25,1,1.25,0.5,6,7,3,8,2,1,2,485.32,4.42,51,1.297,0.03
15,20,6,20,TRUE,TRUE,0.25,1,1.5,0.5,6,7,3,7,2,1,2,485.32,4.42,51,1.297,0.03
15,20,6,20,TRUE,TRUE,0.25,1,1.5,0.5,6,7,3,8,2,1,2,485.32,4.42,51,1.297,0.03
15,20,6,20,TRUE,TRUE,0.25,1.5,1,0.5,6,6,3,7,2,1,2,462.64,4.42,47,1.297,-0.013
15,20,6,20,TRUE,TRUE,0.25,1.5,1,0.5,6,6,3,8,2,1,2,462.64,4.42,47,1.297,-0.013
15,20,6,20,FALSE,TRUE,0.25,1,1.25,0.5,6,5,3,6,2,1,2,810.47,4.42,47,3,0.404
15,20,6,20,FALSE,TRUE,0.25,1,1.5,0.5,6,5,3,6,2,1,2,810.47,4.42,47,3,0.404
15,20,6,20,FALSE,TRUE,0.25,1.5,1.5,0.5,6,6,3,5,2,1,2,755.45,4.42,43,3,0.361
15,20,6,30,TRUE,TRUE,0.25,1.5,1.25,0.5,6,4,3,6,2,1,2,456.04,4.42,43,1.297,-0.028
15,20,6,30,FALSE,TRUE,0.25,1,1.25,0.5,6,5,3,6,2,1,2,810.47,4.42,47,3,0.404
15,20,6,30,FALSE,TRUE,0.25,1,1.5,0.5,6,5,3,6,2,1,2,810.47,4.42,47,3,0.404
15,20,6,30,FALSE,TRUE,0.25,1.5,1.5,0.5,6,6,3,5,2,1,2,755.45,4.42,43,3,0.361
15,30,6,20,FALSE,TRUE,0.25,1,1.25,0.5,6,5,3,6,2,1,2,810.47,4.42,47,3,0.404
15,30,6,20,FALSE,TRUE,0.25,1,1.5,0.5,6,5,3,6,2,1,2,810.47,4.42,47,3,0.404
15,30,6,20,FALSE,TRUE,0.25,1.5,1.5,0.5,6,6,3,5,2,1,2,755.45,4.42,43,3,0.361
15,30,6,30,FALSE,TRUE,0.25,1,1.25,0.5,6,5,3,6,2,1,2,810.47,4.42,47,3,0.404
15,30,6,30,FALSE,TRUE,0.25,1,1.5,0.5,6,5,3,6,2,1,2,810.47,4.42,47,3,0.404
15,30,6,30,FALSE,TRUE,0.25,1.5,1.5,0.5,6,6,3,5,2,1,2,755.45,4.42,43,3,0.361
15,40,6,20,TRUE,TRUE,0.25,1,1,0.5,6,6,3,7,2,1,2,485.98,4.42,49,1.297,0.03
15,40,6,20,TRUE,TRUE,0.25,1,1,0.5,6,6,3,8,2,1,2,485.98,4.42,49,1.297,0.03
15,40,6,20,TRUE,TRUE,0.25,1,1.25,0.5,6,6,3,7,2,1,2,485.98,4.42,49,1.297,0.03
15,40,6,20,TRUE,TRUE,0.25,1,1.25,0.5,6,6,3,8,2,1,2,485.98,4.42,49,1.297,0.03
15,40,6,20,TRUE,TRUE,0.25,1,1.5,0.5,6,6,3,7,2,1,2,485.98,4.42,49,1.297,0.03
15,40,6,20,TRUE,TRUE,0.25,1,1.5,0.5,6,6,3,8,2,1,2,485.98,4.42,49,1.297,0.03
15,40,6,20,FALSE,TRUE,0.25,1,1.25,0.5,6,5,3,6,2,1,2,810.47,4.42,47,3,0.404
15,40,6,20,FALSE,TRUE,0.25,1,1.5,0.5,6,5,3,6,2,1,2,810.47,4.42,47,3,0.404
15,40,6,20,FALSE,TRUE,0.25,1.5,1.5,0.5,6,6,3,5,2,1,2,755.45,4.42,43,3,0.361
15,40,6,30,TRUE,TRUE,0.25,1.5,1,0.5,6,5,3,7,2,1,2,468.42,4.42,46,1.297,-0.002
15,40,6,30,TRUE,TRUE,0.25,1.5,1,0.5,6,5,3,8,2,1,2,468.42,4.42,46,1.297,-0.002
15,40,6,30,TRUE,TRUE,0.25,1.5,1.5,0.5,6,5,3,7,2,1,2,463.75,4.42,45,1.297,-0.01
15,40,6,30,TRUE,TRUE,0.25,1.5,1.5,0.5,6,5,3,8,2,1,2,463.75,4.42,45,1.297,-0.01
15,40,6,30,FALSE,TRUE,0.25,1,1.25,0.5,6,5,3,6,2,1,2,810.47,4.42,47,3,0.404
15,40,6,30,FALSE,TRUE,0.25,1,1.5,0.5,6,5,3,6,2,1,2,810.47,4.42,47,3,0.404
15,40,6,30,FALSE,TRUE,0.25,1.5,1.5,0.5,6,6,3,5,2,1,2,755.45,4.42,43,3,0.361
10,20,4,20,TRUE,TRUE,0.25,1,1,0.5,6,7,3,5,2,1,2,557.12,4.41,72,1.497,0.162
10,20,4,20,TRUE,TRUE,0.25,1,1.25,0.5,6,7,3,5,2,1,2,556.32,4.41,72,1.497,0.161
10,20,4,20,TRUE,TRUE,0.25,1,1.5,0.5,6,7,3,5,2,1,2,556.32,4.41,72,1.497,0.161
10,20,4,20,TRUE,TRUE,0.25,1.25,1.5,0.5,6,4,3,5,2,1,2,526.1,4.41,64,1.497,0.114
10,20,4,20,FALSE,TRUE,0.25,1.25,1.5,0.5,6,5,3,5,2,1,2,1032.5,4.41,65,3,0.555
10,20,4,30,TRUE,TRUE,0.25,1.5,1.25,0.5,6,5,3,5,2,1,2,520.02,4.41,63,1.497,0.105
10,20,4,30,FALSE,TRUE,0.25,1.5,1.5,0.5,6,6,3,5,2,1,2,1018.97,4.41,63,3,0.549
10,30,4,20,FALSE,TRUE,0.25,1.25,1.5,0.5,6,5,3,5,2,1,2,1032.5,4.41,65,3,0.555
10,30,4,30,TRUE,TRUE,0.25,1.5,1.25,0.5,6,7,3,7,2,1,2,649.6,4.41,73,1.497,0.279
10,30,4,30,TRUE,TRUE,0.25,1.5,1.25,0.5,6,7,3,8,2,1,2,649.6,4.41,73,1.497,0.279
10,30,4,30,FALSE,TRUE,0.25,1.5,1.5,0.5,6,6,3,5,2,1,2,1018.97,4.41,63,3,0.549
10,40,4,20,TRUE,TRUE,0.25,1.25,1,0.5,6,7,3,7,2,1,2,617.2,4.41,75,1.497,0.25
10,40,4,20,TRUE,TRUE,0.25,1.25,1,0.5,6,7,3,8,2,1,2,617.2,4.41,75,1.497,0.25
10,40,4,20,TRUE,TRUE,0.25,1.25,1.5,0.5,6,5,3,6,2,1,2,546.41,4.41,65,1.497,0.146
10,40,4,20,TRUE,TRUE,0.25,1.5,1.5,0.5,6,4,3,6,2,1,2,539.06,4.41,63,1.497,0.132
10,40,4,20,FALSE,TRUE,0.25,1.5,1,0.5,6,7,3,7,2,1,2,1241.16,4.41,74,3,0.647
10,40,4,20,FALSE,TRUE,0.25,1.5,1,0.5,6,7,3,8,2,1,2,1241.16,4.41,74,3,0.647
10,40,4,30,TRUE,TRUE,0.25,1,1,0.5,6,5,3,6,2,1,2,565.81,4.41,67,1.497,0.172
10,40,4,30,TRUE,TRUE,0.25,1.5,1.25,0.5,6,5,3,7,2,1,2,573.61,4.41,67,1.497,0.189
10,40,4,30,TRUE,TRUE,0.25,1.5,1.25,0.5,6,5,3,8,2,1,2,573.61,4.41,67,1.497,0.189
10,40,4,30,TRUE,TRUE,0.25,1.5,1.25,0.5,6,6,3,7,2,1,2,573.61,4.41,67,1.497,0.189
10,40,4,30,TRUE,TRUE,0.25,1.5,1.25,0.5,6,6,3,8,2,1,2,573.61,4.41,67,1.497,0.189
10,40,4,30,FALSE,TRUE,0.25,1.25,1,0.5,6,6,3,6,2,1,2,1050.06,4.41,66,3,0.562
10,40,4,30,FALSE,TRUE,0.25,1.5,1,0.5,6,5,3,7,2,1,2,1101.39,4.41,67,3,0.595
10,40,4,30,FALSE,TRUE,0.25,1.5,1,0.5,6,5,3,8,2,1,2,1101.39,4.41,67,3,0.595
10,40,4,30,FALSE,TRUE,0.25,1.5,1,0.5,6,6,3,7,2,1,2,1101.39,4.41,67,3,0.595
10,40,4,30,FALSE,TRUE,0.25,1.5,1,0.5,6,6,3,8,2,1,2,1101.39,4.41,67,3,0.595
10,20,5,20,TRUE,TRUE,0.25,1.25,1.5,0.5,6,7,3,5,2,1,2,553.72,4.41,63,1.497,0.15
10,20,5,20,TRUE,TRUE,0.25,1.5,1.25,0.5,6,4,3,7,2,1,2,557.54,4.41,61,1.497,0.158
10,20,5,20,TRUE,TRUE,0.25,1.5,1.25,0.5,6,4,3,8,2,1,2,557.54,4.41,61,1.497,0.158
10,20,5,20,FALSE,TRUE,0.25,1.25,1,0.5,6,6,3,5,2,1,2,1016.53,4.41,61,3,0.522
10,20,5,30,TRUE,TRUE,0.25,1.5,1.5,0.5,6,6,3,7,2,1,2,561.2,4.41,62,1.497,0.168
10,20,5,30,TRUE,TRUE,0.25,1.5,1.5,0.5,6,6,3,8,2,1,2,561.2,4.41,62,1.497,0.168
10,20,5,30,FALSE,TRUE,0.25,1.25,1,0.5,6,6,3,5,2,1,2,1016.53,4.41,61,3,0.522
10,30,5,20,TRUE,TRUE,0.25,1,1,0.5,6,5,3,7,2,1,2,610.2,4.41,67,1.497,0.229
10,30,5,20,TRUE,TRUE,0.25,1,1,0.5,6,5,3,8,2,1,2,610.2,4.41,67,1.497,0.229
10,30,5,20,TRUE,TRUE,0.25,1,1.25,0.5,6,5,3,7,2,1,2,609.41,4.41,67,1.497,0.228
10,30,5,20,TRUE,TRUE,0.25,1,1.25,0.5,6,5,3,8,2,1,2,609.41,4.41,67,1.497,0.228
10,30,5,20,TRUE,TRUE,0.25,1,1.5,0.5,6,5,3,7,2,1,2,609.41,4.41,67,1.497,0.228
10,30,5,20,TRUE,TRUE,0.25,1,1.5,0.5,6,5,3,8,2,1,2,609.41,4.41,67,1.497,0.228
10,30,5,20,TRUE,TRUE,0.25,1.25,1.5,0.5,6,6,3,5,2,1,2,545.36,4.41,59,1.497,0.131
10,30,5,20,FALSE,TRUE,0.25,1.25,1,0.5,6,6,3,5,2,1,2,1016.53,4.41,61,3,0.522
10,30,5,30,TRUE,TRUE,0.25,1,1,0.5,6,7,3,7,2,1,2,642.89,4.41,71,1.497,0.272
10,30,5,30,TRUE,TRUE,0.25,1,1,0.5,6,7,3,8,2,1,2,642.89,4.41,71,1.497,0.272
10,30,5,30,TRUE,TRUE,0.25,1,1.25,0.5,6,7,3,7,2,1,2,642.09,4.41,71,1.497,0.271
10,30,5,30,TRUE,TRUE,0.25,1,1.25,0.5,6,7,3,8,2,1,2,642.09,4.41,71,1.497,0.271
10,30,5,30,TRUE,TRUE,0.25,1,1.5,0.5,6,7,3,7,2,1,2,642.09,4.41,71,1.497,0.271
10,30,5,30,TRUE,TRUE,0.25,1,1.5,0.5,6,7,3,8,2,1,2,642.09,4.41,71,1.497,0.271
10,30,5,30,TRUE,TRUE,0.25,1.25,1,0.5,6,6,3,5,2,1,2,554.76,4.41,61,1.497,0.142
10,30,5,30,FALSE,TRUE,0.25,1.25,1,0.5,6,6,3,5,2,1,2,1016.53,4.41,61,3,0.522
10,40,5,20,TRUE,TRUE,0.25,1.25,1.5,0.5,6,5,3,7,2,1,2,583.72,4.41,62,1.497,0.193
10,40,5,20,TRUE,TRUE,0.25,1.25,1.5,0.5,6,5,3,8,2,1,2,583.72,4.41,62,1.497,0.193
10,40,5,20,FALSE,TRUE,0.25,1.25,1,0.5,6,4,3,5,2,1,2,1000.16,4.41,57,3,0.504
10,40,5,20,FALSE,TRUE,0.25,1.5,1,0.5,6,6,3,7,2,1,2,1082.4,4.41,63,3,0.571
10,40,5,20,FALSE,TRUE,0.25,1.5,1,0.5,6,6,3,8,2,1,2,1082.4,4.41,63,3,0.571
10,40,5,30,TRUE,TRUE,0.25,1.25,1.25,0.5,6,5,3,5,2,1,2,541.93,4.41,57,1.497,0.123
10,40,5,30,TRUE,TRUE,0.25,1.25,1.5,0.5,6,6,3,5,2,1,2,544.37,4.41,58,1.497,0.128
10,40,5,30,FALSE,TRUE,0.25,1.25,1,0.5,6,4,3,5,2,1,2,1000.16,4.41,57,3,0.504
10,40,5,30,FALSE,TRUE,0.25,1.5,1,0.5,6,6,3,7,2,1,2,1082.4,4.41,63,3,0.571
10,40,5,30,FALSE,TRUE,0.25,1.5,1,0.5,6,6,3,8,2,1,2,1082.4,4.41,63,3,0.571
10,20,6,20,TRUE,TRUE,0.25,1.5,1,0.5,6,6,3,5,2,1,2,459.4,4.41,48,1.497,-0.023
10,20,6,30,TRUE,TRUE,0.25,1.5,1.5,0.5,6,4,3,5,2,1,2,452.87,4.41,45,1.497,-0.036
10,30,6,30,TRUE,TRUE,0.25,1.5,1,0.5,6,5,3,5,2,1,2,464.3,4.41,47,1.497,-0.014
10,30,6,30,TRUE,TRUE,0.25,1.5,1.25,0.5,6,7,3,5,2,1,2,518.26,4.41,52,1.497,0.078
10,30,6,30,TRUE,TRUE,0.25,1.5,1.5,0.5,6,5,3,5,2,1,2,458.8,4.41,46,1.497,-0.023
15,20,4,20,TRUE,TRUE,0.25,1.5,1,0.5,6,5,3,5,2,1,2,536.58,4.41,66,1.297,0.132
15,20,4,30,TRUE,TRUE,0.25,1,1,0.5,6,6,3,5,2,1,2,553.8,4.41,69,1.297,0.156
15,20,4,30,TRUE,TRUE,0.25,1,1.25,0.5,6,6,3,5,2,1,2,553.8,4.41,69,1.297,0.156
15,20,4,30,TRUE,TRUE,0.25,1,1.5,0.5,6,6,3,5,2,1,2,553.8,4.41,69,1.297,0.156
15,40,4,30,FALSE,TRUE,0.25,1.5,1,0.5,6,7,3,6,2,1,2,1173.79,4.41,69,3,0.606
15,20,5,20,TRUE,TRUE,0.25,1.5,1.25,0.5,6,7,3,7,2,1,2,607.15,4.41,65,1.297,0.215
15,20,5,20,TRUE,TRUE,0.25,1.5,1.25,0.5,6,7,3,8,2,1,2,607.15,4.41,65,1.297,0.215
15,20,5,20,FALSE,TRUE,0.25,1.5,1.5,0.5,6,4,3,5,2,1,2,993.88,4.41,55,3,0.51
15,20,5,30,TRUE,TRUE,0.25,1.5,1,0.5,6,5,3,5,2,1,2,528.29,4.41,58,1.297,0.106
15,20,5,30,FALSE,TRUE,0.25,1.5,1.5,0.5,6,4,3,5,2,1,2,993.88,4.41,55,3,0.51
15,30,5,20,TRUE,TRUE,0.25,1.5,1.25,0.5,6,4,3,5,2,1,2,544.88,4.41,56,1.297,0.127
15,30,5,20,FALSE,TRUE,0.25,1.5,1.5,0.5,6,4,3,5,2,1,2,993.88,4.41,55,3,0.51
15,30,5,30,TRUE,TRUE,0.25,1.5,1.25,0.5,6,7,3,6,2,1,2,630.19,4.41,64,1.297,0.238
15,30,5,30,TRUE,TRUE,0.25,1.5,1.5,0.5,6,6,3,5,2,1,2,547.82,4.41,57,1.297,0.136
15,30,5,30,FALSE,TRUE,0.25,1.5,1.5,0.5,6,4,3,5,2,1,2,993.88,4.41,55,3,0.51
15,40,5,20,TRUE,TRUE,0.25,1,1,0.5,6,7,3,6,2,1,2,602.54,4.41,66,1.297,0.21
15,40,5,20,TRUE,TRUE,0.25,1.25,1.25,0.5,6,5,3,5,2,1,2,546.69,4.41,58,1.297,0.131
15,40,5,20,TRUE,TRUE,0.25,1.5,1,0.5,6,5,3,7,2,1,2,558.69,4.41,60,1.297,0.15
15,40,5,20,TRUE,TRUE,0.25,1.5,1,0.5,6,5,3,8,2,1,2,558.69,4.41,60,1.297,0.15
15,40,5,20,FALSE,TRUE,0.25,1.5,1,0.5,6,7,3,6,2,1,2,1152.25,4.41,64,3,0.577
15,40,5,30,FALSE,TRUE,0.25,1.5,1,0.5,6,7,3,6,2,1,2,1152.25,4.41,64,3,0.577
15,20,6,20,TRUE,TRUE,0.25,1.5,1.25,0.5,6,6,3,7,2,1,2,458.98,4.41,46,1.297,-0.018
15,20,6,20,TRUE,TRUE,0.25,1.5,1.25,0.5,6,6,3,8,2,1,2,458.98,4.41,46,1.297,-0.018
15,20,6,20,FALSE,TRUE,0.25,1.5,1,0.5,6,4,3,5,2,1,2,753.34,4.41,42,3,0.348
15,20,6,30,TRUE,TRUE,0.25,1.25,1,0.5,6,4,3,5,2,1,2,450.02,4.41,43,1.297,-0.044
15,20,6,30,TRUE,TRUE,0.25,1.25,1.25,0.5,6,4,3,5,2,1,2,449.66,4.41,43,1.297,-0.045
15,20,6,30,TRUE,TRUE,0.25,1.25,1.5,0.5,6,4,3,5,2,1,2,449.66,4.41,43,1.297,-0.045
15,20,6,30,FALSE,TRUE,0.25,1.5,1,0.5,6,4,3,5,2,1,2,753.34,4.41,42,3,0.348
15,30,6,20,TRUE,TRUE,0.25,1,1.25,0.5,6,6,3,6,2,1,2,482.82,4.41,48,1.297,0.023
15,30,6,20,TRUE,TRUE,0.25,1,1.5,0.5,6,6,3,6,2,1,2,482.82,4.41,48,1.297,0.023
15,30,6,20,FALSE,TRUE,0.25,1.5,1,0.5,6,4,3,5,2,1,2,753.34,4.41,42,3,0.348
15,30,6,30,TRUE,TRUE,0.25,1.5,1,0.5,6,5,3,6,2,1,2,465.26,4.41,45,1.297,-0.009
15,30,6,30,TRUE,TRUE,0.25,1.5,1,0.5,6,7,3,7,2,1,2,516.91,4.41,50,1.297,0.075
15,30,6,30,TRUE,TRUE,0.25,1.5,1,0.5,6,7,3,8,2,1,2,516.91,4.41,50,1.297,0.075
15,30,6,30,TRUE,TRUE,0.25,1.5,1.5,0.5,6,5,3,6,2,1,2,460.58,4.41,44,1.297,-0.017
15,30,6,30,TRUE,TRUE,0.25,1.5,1.5,0.5,6,7,3,7,2,1,2,512.24,4.41,49,1.297,0.07
15,30,6,30,TRUE,TRUE,0.25,1.5,1.5,0.5,6,7,3,8,2,1,2,512.24,4.41,49,1.297,0.07
15,30,6,30,FALSE,TRUE,0.25,1.5,1,0.5,6,4,3,5,2,1,2,753.34,4.41,42,3,0.348
15,40,6,20,FALSE,TRUE,0.25,1.5,1,0.5,6,4,3,5,2,1,2,753.34,4.41,42,3,0.348
15,40,6,30,TRUE,TRUE,0.25,1.5,1.25,0.5,6,5,3,6,2,1,2,461.78,4.41,44,1.297,-0.014
15,40,6,30,TRUE,TRUE,0.25,1.5,1.25,0.5,6,7,3,7,2,1,2,513.61,4.41,49,1.297,0.072
15,40,6,30,TRUE,TRUE,0.25,1.5,1.25,0.5,6,7,3,8,2,1,2,513.61,4.41,49,1.297,0.072
15,40,6,30,FALSE,TRUE,0.25,1.5,1,0.5,6,4,3,5,2,1,2,753.34,4.41,42,3,0.348
10,30,4,20,TRUE,TRUE,0.25,1,1,0.5,6,4,3,5,2,1,2,570.13,4.4,69,1.497,0.177
10,30,4,30,TRUE,TRUE,0.25,1.25,1,0.5,6,5,3,7,2,1,2,588.85,4.4,70,1.497,0.211
10,30,4,30,TRUE,TRUE,0.25,1.25,1,0.5,6,5,3,8,2,1,2,588.85,4.4,70,1.497,0.211
10,30,4,30,TRUE,TRUE,0.25,1.25,1,0.5,6,6,3,7,2,1,2,588.85,4.4,70,1.497,0.211
10,30,4,30,TRUE,TRUE,0.25,1.25,1,0.5,6,6,3,8,2,1,2,588.85,4.4,70,1.497,0.211
10,40,4,20,TRUE,TRUE,0.25,1,1,0.5,6,6,3,6,2,1,2,571.18,4.4,70,1.497,0.181
10,40,4,20,TRUE,TRUE,0.25,1,1,0.5,6,7,3,7,2,1,2,608.08,4.4,75,1.497,0.237
10,40,4,20,TRUE,TRUE,0.25,1,1,0.5,6,7,3,8,2,1,2,608.08,4.4,75,1.497,0.237
10,40,4,20,TRUE,TRUE,0.25,1,1.25,0.5,6,7,3,7,2,1,2,607.28,4.4,75,1.497,0.236
10,40,4,20,TRUE,TRUE,0.25,1,1.25,0.5,6,7,3,8,2,1,2,607.28,4.4,75,1.497,0.236
10,40,4,20,TRUE,TRUE,0.25,1,1.5,0.5,6,7,3,7,2,1,2,607.28,4.4,75,1.497,0.236
10,40,4,20,TRUE,TRUE,0.25,1,1.5,0.5,6,7,3,8,2,1,2,607.28,4.4,75,1.497,0.236
10,40,4,20,TRUE,TRUE,0.25,1.5,1.5,0.5,6,6,3,7,2,1,2,574.74,4.4,68,1.497,0.193
10,40,4,20,TRUE,TRUE,0.25,1.5,1.5,0.5,6,6,3,8,2,1,2,574.74,4.4,68,1.497,0.193
10,40,4,30,TRUE,TRUE,0.25,1,1.25,0.5,6,5,3,6,2,1,2,565.02,4.4,67,1.497,0.17
10,40,4,30,TRUE,TRUE,0.25,1,1.5,0.5,6,5,3,6,2,1,2,565.02,4.4,67,1.497,0.17
10,40,4,30,FALSE,TRUE,0.25,1.25,1.25,0.5,6,4,3,5,2,1,2,1014.6,4.4,62,3,0.541
10,40,4,30,FALSE,TRUE,0.25,1.5,1.5,0.5,6,7,3,7,2,1,2,1217,4.4,71,3,0.635
10,40,4,30,FALSE,TRUE,0.25,1.5,1.5,0.5,6,7,3,8,2,1,2,1217,4.4,71,3,0.635
10,20,5,20,TRUE,TRUE,0.25,1.5,1.5,0.5,6,6,3,6,2,1,2,525.63,4.4,59,1.497,0.107
10,20,5,20,FALSE,TRUE,0.25,1.25,1.5,0.5,6,7,3,5,2,1,2,1072.47,4.4,63,3,0.551
10,20,5,20,FALSE,TRUE,0.25,1.5,1.5,0.5,6,4,3,6,2,1,2,1002.47,4.4,57,3,0.523
10,20,5,30,FALSE,TRUE,0.25,1.25,1.5,0.5,6,7,3,5,2,1,2,1072.47,4.4,63,3,0.551
10,20,5,30,FALSE,TRUE,0.25,1.5,1.5,0.5,6,4,3,6,2,1,2,1002.47,4.4,57,3,0.523
10,30,5,20,FALSE,TRUE,0.25,1.25,1.5,0.5,6,7,3,5,2,1,2,1072.47,4.4,63,3,0.551
10,30,5,20,FALSE,TRUE,0.25,1.5,1.5,0.5,6,4,3,6,2,1,2,1002.47,4.4,57,3,0.523
10,30,5,30,TRUE,TRUE,0.25,1.5,1,0.5,6,6,3,7,2,1,2,590.2,4.4,64,1.497,0.203
10,30,5,30,TRUE,TRUE,0.25,1.5,1,0.5,6,6,3,8,2,1,2,590.2,4.4,64,1.497,0.203
10,30,5,30,FALSE,TRUE,0.25,1.25,1.5,0.5,6,7,3,5,2,1,2,1072.47,4.4,63,3,0.551
10,30,5,30,FALSE,TRUE,0.25,1.5,1.5,0.5,6,4,3,6,2,1,2,1002.47,4.4,57,3,0.523
10,40,5,20,TRUE,TRUE,0.25,1.25,1,0.5,6,6,3,7,2,1,2,594.03,4.4,66,1.497,0.207
10,40,5,20,TRUE,TRUE,0.25,1.25,1,0.5,6,6,3,8,2,1,2,594.03,4.4,66,1.497,0.207
10,40,5,20,TRUE,TRUE,0.25,1.25,1.25,0.5,6,6,3,5,2,1,2,543.04,4.4,59,1.497,0.126
10,40,5,20,FALSE,TRUE,0.25,1,1.25,0.5,6,7,3,6,2,1,2,1129.85,4.4,67,3,0.581
10,40,5,20,FALSE,TRUE,0.25,1,1.5,0.5,6,7,3,6,2,1,2,1129.85,4.4,67,3,0.581
10,40,5,30,TRUE,TRUE,0.25,1,1,0.5,6,5,3,7,2,1,2,607.4,4.4,65,1.497,0.224
10,40,5,30,TRUE,TRUE,0.25,1,1,0.5,6,5,3,8,2,1,2,607.4,4.4,65,1.497,0.224
10,40,5,30,TRUE,TRUE,0.25,1,1.25,0.5,6,5,3,7,2,1,2,606.6,4.4,65,1.497,0.222
10,40,5,30,TRUE,TRUE,0.25,1,1.25,0.5,6,5,3,8,2,1,2,606.6,4.4,65,1.497,0.222
10,40,5,30,TRUE,TRUE,0.25,1,1.5,0.5,6,5,3,7,2,1,2,606.6,4.4,65,1.497,0.222
10,40,5,30,TRUE,TRUE,0.25,1,1.5,0.5,6,5,3,8,2,1,2,606.6,4.4,65,1.497,0.222
10,40,5,30,FALSE,TRUE,0.25,1,1.25,0.5,6,7,3,6,2,1,2,1129.85,4.4,67,3,0.581
10,40,5,30,FALSE,TRUE,0.25,1,1.5,0.5,6,7,3,6,2,1,2,1129.85,4.4,67,3,0.581
10,30,6,30,TRUE,TRUE,0.25,1.5,1,0.5,6,7,3,5,2,1,2,521.96,4.4,53,1.497,0.082
10,30,6,30,TRUE,TRUE,0.25,1.5,1.5,0.5,6,7,3,5,2,1,2,516.46,4.4,52,1.497,0.075
15,20,4,20,FALSE,TRUE,0.25,1,1,0.5,6,5,3,5,2,1,2,1089.33,4.4,70,3,0.579
15,20,4,20,FALSE,TRUE,0.25,1,1.25,0.5,6,5,3,5,2,1,2,1089.33,4.4,70,3,0.579
15,20,4,20,FALSE,TRUE,0.25,1,1.5,0.5,6,5,3,5,2,1,2,1089.33,4.4,70,3,0.579
15,20,4,30,TRUE,TRUE,0.25,1.25,1.25,0.5,6,7,3,5,2,1,2,554.22,4.4,68,1.297,0.159
15,20,4,30,TRUE,TRUE,0.25,1.5,1,0.5,6,5,3,5,2,1,2,531.07,4.4,64,1.297,0.122
15,30,4,20,FALSE,TRUE,0.25,1,1,0.5,6,5,3,5,2,1,2,1089.33,4.4,70,3,0.579
15,30,4,20,FALSE,TRUE,0.25,1,1.25,0.5,6,5,3,5,2,1,2,1089.33,4.4,70,3,0.579
15,30,4,20,FALSE,TRUE,0.25,1,1.5,0.5,6,5,3,5,2,1,2,1089.33,4.4,70,3,0.579
15,30,4,30,TRUE,TRUE,0.25,1.25,1.5,0.5,6,6,3,5,2,1,2,548.43,4.4,65,1.297,0.148
15,40,4,20,TRUE,TRUE,0.25,1.25,1.25,0.5,6,7,3,5,2,1,2,577.22,4.4,69,1.297,0.19
15,40,4,20,FALSE,TRUE,0.25,1.25,1,0.5,6,6,3,5,2,1,2,1061.26,4.4,68,3,0.565
15,40,4,30,TRUE,TRUE,0.25,1.5,1.5,0.5,6,6,3,5,2,1,2,544.52,4.4,63,1.297,0.141
15,20,5,20,TRUE,TRUE,0.25,1.5,1.5,0.5,6,6,3,5,2,1,2,522.06,4.4,57,1.297,0.099
15,20,5,30,TRUE,TRUE,0.25,1,1,0.5,6,5,3,5,2,1,2,544.43,4.4,61,1.297,0.128
15,20,5,30,TRUE,TRUE,0.25,1,1.25,0.5,6,5,3,5,2,1,2,544.43,4.4,61,1.297,0.128
15,20,5,30,TRUE,TRUE,0.25,1,1.5,0.5,6,5,3,5,2,1,2,544.43,4.4,61,1.297,0.128
15,30,5,20,TRUE,TRUE,0.25,1,1.25,0.5,6,7,3,6,2,1,2,606.8,4.4,68,1.297,0.217
15,30,5,20,TRUE,TRUE,0.25,1,1.5,0.5,6,7,3,6,2,1,2,606.8,4.4,68,1.297,0.217
15,30,5,20,TRUE,TRUE,0.25,1.5,1,0.5,6,6,3,5,2,1,2,550.67,4.4,59,1.297,0.137
15,40,5,20,FALSE,TRUE,0.25,1.25,1.25,0.5,6,7,3,5,2,1,2,1072.1,4.4,62,3,0.545
15,40,5,20,FALSE,TRUE,0.25,1.5,1,0.5,6,6,3,5,2,1,2,1006.25,4.4,58,3,0.514
15,40,5,30,TRUE,TRUE,0.25,1.5,1.5,0.5,6,5,3,6,2,1,2,552.5,4.4,57,1.297,0.143
15,40,5,30,FALSE,TRUE,0.25,1.25,1.25,0.5,6,7,3,5,2,1,2,1072.1,4.4,62,3,0.545
15,40,5,30,FALSE,TRUE,0.25,1.5,1,0.5,6,6,3,5,2,1,2,1006.25,4.4,58,3,0.514
15,20,6,20,TRUE,TRUE,0.25,1,1.25,0.5,6,7,3,6,2,1,2,481.88,4.4,50,1.297,0.022
15,20,6,20,TRUE,TRUE,0.25,1,1.5,0.5,6,7,3,6,2,1,2,481.88,4.4,50,1.297,0.022
15,20,6,30,TRUE,TRUE,0.25,1,1,0.5,6,6,3,7,2,1,2,483.54,4.4,49,1.297,0.026
15,20,6,30,TRUE,TRUE,0.25,1,1,0.5,6,6,3,8,2,1,2,483.54,4.4,49,1.297,0.026
15,20,6,30,TRUE,TRUE,0.25,1,1.25,0.5,6,6,3,7,2,1,2,483.54,4.4,49,1.297,0.026
15,20,6,30,TRUE,TRUE,0.25,1,1.25,0.5,6,6,3,8,2,1,2,483.54,4.4,49,1.297,0.026
15,20,6,30,TRUE,TRUE,0.25,1,1.5,0.5,6,6,3,7,2,1,2,483.54,4.4,49,1.297,0.026
15,20,6,30,TRUE,TRUE,0.25,1,1.5,0.5,6,6,3,8,2,1,2,483.54,4.4,49,1.297,0.026
15,20,6,30,TRUE,TRUE,0.25,1.5,1.5,0.5,6,4,3,6,2,1,2,454.24,4.4,43,1.297,-0.032
15,30,6,20,TRUE,TRUE,0.25,1.25,1,0.5,6,5,3,6,2,1,2,463.16,4.4,46,1.297,-0.015
15,30,6,30,TRUE,TRUE,0.25,1.5,1.25,0.5,6,7,3,6,2,1,2,510.44,4.4,48,1.297,0.066
15,40,6,20,TRUE,TRUE,0.25,1,1.25,0.5,6,6,3,6,2,1,2,482.21,4.4,48,1.297,0.021
15,40,6,20,TRUE,TRUE,0.25,1,1.5,0.5,6,6,3,6,2,1,2,482.21,4.4,48,1.297,0.021
15,40,6,30,TRUE,TRUE,0.25,1.5,1.5,0.5,6,7,3,7,2,1,2,511.81,4.4,49,1.297,0.069
15,40,6,30,TRUE,TRUE,0.25,1.5,1.5,0.5,6,7,3,8,2,1,2,511.81,4.4,49,1.297,0.069
10,20,4,20,TRUE,TRUE,0.25,1.25,1,0.5,6,5,3,7,2,1,2,572.78,4.39,71,1.497,0.191
10,20,4,20,TRUE,TRUE,0.25,1.25,1,0.5,6,5,3,8,2,1,2,572.78,4.39,71,1.497,0.191
10,20,4,20,TRUE,TRUE,0.25,1.5,1.5,0.5,6,6,3,5,2,1,2,523.49,4.39,65,1.497,0.113
10,20,4,30,TRUE,TRUE,0.25,1.5,1,0.5,6,6,3,6,2,1,2,528.83,4.39,65,1.497,0.12
10,30,4,20,TRUE,TRUE,0.25,1,1.25,0.5,6,4,3,5,2,1,2,569.33,4.39,69,1.497,0.176
10,30,4,20,TRUE,TRUE,0.25,1,1.5,0.5,6,4,3,5,2,1,2,569.33,4.39,69,1.497,0.176
10,30,4,20,TRUE,TRUE,0.25,1.25,1.25,0.5,6,5,3,5,2,1,2,547.11,4.39,66,1.497,0.146
10,30,4,20,TRUE,TRUE,0.25,1.5,1.5,0.5,6,7,3,7,2,1,2,650.6,4.39,74,1.497,0.283
10,30,4,20,TRUE,TRUE,0.25,1.5,1.5,0.5,6,7,3,8,2,1,2,650.6,4.39,74,1.497,0.283
10,40,4,20,TRUE,TRUE,0.25,1,1.25,0.5,6,6,3,6,2,1,2,570.39,4.39,70,1.497,0.179
10,40,4,20,TRUE,TRUE,0.25,1,1.5,0.5,6,6,3,6,2,1,2,570.39,4.39,70,1.497,0.179
10,40,4,20,FALSE,TRUE,0.25,1.5,1,0.5,6,7,3,6,2,1,2,1174.13,4.39,71,3,0.611
10,40,4,30,TRUE,TRUE,0.25,1.25,1,0.5,6,4,3,7,2,1,2,581.34,4.39,68,1.497,0.199
10,40,4,30,TRUE,TRUE,0.25,1.25,1,0.5,6,4,3,8,2,1,2,581.34,4.39,68,1.497,0.199
10,40,4,30,TRUE,TRUE,0.25,1.5,1,0.5,6,4,3,6,2,1,2,538.86,4.39,62,1.497,0.13
10,40,4,30,FALSE,TRUE,0.25,1.25,1,0.5,6,5,3,6,2,1,2,1043.35,4.39,65,3,0.556
10,40,4,30,FALSE,TRUE,0.25,1.5,1,0.5,6,6,3,6,2,1,2,1034.36,4.39,64,3,0.554
10,20,5,20,TRUE,TRUE,0.25,1,1.25,0.5,6,7,3,6,2,1,2,581.49,4.39,68,1.497,0.19
10,20,5,20,TRUE,TRUE,0.25,1,1.5,0.5,6,7,3,6,2,1,2,581.49,4.39,68,1.497,0.19
10,20,5,20,FALSE,TRUE,0.25,1.5,1,0.5,6,5,3,7,2,1,2,1081.52,4.39,63,3,0.57
10,20,5,20,FALSE,TRUE,0.25,1.5,1,0.5,6,5,3,8,2,1,2,1081.52,4.39,63,3,0.57
10,20,5,20,FALSE,TRUE,0.25,1.5,1,0.5,6,7,3,7,2,1,2,1218.01,4.39,69,3,0.621
10,20,5,20,FALSE,TRUE,0.25,1.5,1,0.5,6,7,3,8,2,1,2,1218.01,4.39,69,3,0.621
10,20,5,30,TRUE,TRUE,0.25,1.5,1.25,0.5,6,5,3,6,2,1,2,528.33,4.39,59,1.497,0.11
10,20,5,30,FALSE,TRUE,0.25,1.5,1,0.5,6,5,3,7,2,1,2,1081.52,4.39,63,3,0.57
10,20,5,30,FALSE,TRUE,0.25,1.5,1,0.5,6,5,3,8,2,1,2,1081.52,4.39,63,3,0.57
10,20,5,30,FALSE,TRUE,0.25,1.5,1,0.5,6,7,3,7,2,1,2,1218.01,4.39,69,3,0.621
10,20,5,30,FALSE,TRUE,0.25,1.5,1,0.5,6,7,3,8,2,1,2,1218.01,4.39,69,3,0.621
10,30,5,20,TRUE,TRUE,0.25,1,1,0.5,6,4,3,5,2,1,2,563.66,4.39,61,1.497,0.153
10,30,5,20,FALSE,TRUE,0.25,1.5,1,0.5,6,5,3,7,2,1,2,1081.52,4.39,63,3,0.57
10,30,5,20,FALSE,TRUE,0.25,1.5,1,0.5,6,5,3,8,2,1,2,1081.52,4.39,63,3,0.57
10,30,5,20,FALSE,TRUE,0.25,1.5,1,0.5,6,7,3,7,2,1,2,1218.01,4.39,69,3,0.621
10,30,5,20,FALSE,TRUE,0.25,1.5,1,0.5,6,7,3,8,2,1,2,1218.01,4.39,69,3,0.621
10,30,5,30,FALSE,TRUE,0.25,1.5,1,0.5,6,5,3,7,2,1,2,1081.52,4.39,63,3,0.57
10,30,5,30,FALSE,TRUE,0.25,1.5,1,0.5,6,5,3,8,2,1,2,1081.52,4.39,63,3,0.57
10,30,5,30,FALSE,TRUE,0.25,1.5,1,0.5,6,7,3,7,2,1,2,1218.01,4.39,69,3,0.621
10,30,5,30,FALSE,TRUE,0.25,1.5,1,0.5,6,7,3,8,2,1,2,1218.01,4.39,69,3,0.621
10,40,5,20,TRUE,TRUE,0.25,1,1,0.5,6,6,3,6,2,1,2,572.36,4.39,63,1.497,0.17
10,40,5,20,FALSE,TRUE,0.25,1.25,1.25,0.5,6,5,3,5,2,1,2,991.15,4.39,57,3,0.507
10,40,5,20,FALSE,TRUE,0.25,1.5,1,0.5,6,6,3,6,2,1,2,1015.37,4.39,60,3,0.527
10,40,5,30,TRUE,TRUE,0.25,1,1,0.5,6,6,3,7,2,1,2,612.4,4.39,67,1.497,0.234
10,40,5,30,TRUE,TRUE,0.25,1,1,0.5,6,6,3,8,2,1,2,612.4,4.39,67,1.497,0.234
10,40,5,30,FALSE,TRUE,0.25,1.25,1.25,0.5,6,5,3,5,2,1,2,991.15,4.39,57,3,0.507
10,40,5,30,FALSE,TRUE,0.25,1.5,1,0.5,6,6,3,6,2,1,2,1015.37,4.39,60,3,0.527
10,20,6,20,TRUE,TRUE,0.25,1.5,1.25,0.5,6,6,3,5,2,1,2,454.92,4.39,47,1.497,-0.029
10,40,6,20,TRUE,TRUE,0.25,1.5,1.25,0.5,6,4,3,5,2,1,2,450.78,4.39,44,1.497,-0.041
15,20,4,20,TRUE,TRUE,0.25,1.25,1.5,0.5,6,7,3,5,2,1,2,557.58,4.39,69,1.297,0.165
15,20,4,30,TRUE,TRUE,0.25,1,1,0.5,6,5,3,5,2,1,2,550.99,4.39,68,1.297,0.152
15,20,4,30,TRUE,TRUE,0.25,1,1.25,0.5,6,5,3,5,2,1,2,550.99,4.39,68,1.297,0.152
15,20,4,30,TRUE,TRUE,0.25,1,1.5,0.5,6,5,3,5,2,1,2,550.99,4.39,68,1.297,0.152
15,20,4,30,FALSE,TRUE,0.25,1.25,1.25,0.5,6,7,3,5,2,1,2,1092.24,4.39,68,3,0.57
15,30,4,20,TRUE,TRUE,0.25,1,1,0.5,6,7,3,5,2,1,2,578.96,4.39,73,1.297,0.19
15,30,4,20,TRUE,TRUE,0.25,1,1.25,0.5,6,7,3,5,2,1,2,578.96,4.39,73,1.297,0.19
15,30,4,20,TRUE,TRUE,0.25,1,1.5,0.5,6,7,3,5,2,1,2,578.96,4.39,73,1.297,0.19
15,30,4,20,TRUE,TRUE,0.25,1.5,1,0.5,6,7,3,7,2,1,2,632.02,4.39,73,1.297,0.254
15,30,4,20,TRUE,TRUE,0.25,1.5,1,0.5,6,7,3,8,2,1,2,632.02,4.39,73,1.297,0.254
15,30,4,30,TRUE,TRUE,0.25,1.25,1.5,0.5,6,5,3,5,2,1,2,545.62,4.39,64,1.297,0.143
15,30,4,30,FALSE,TRUE,0.25,1.25,1.25,0.5,6,7,3,5,2,1,2,1092.24,4.39,68,3,0.57
15,40,4,20,TRUE,TRUE,0.25,1.25,1.5,0.5,6,4,3,5,2,1,2,549.1,4.39,64,1.297,0.146
15,40,4,30,TRUE,TRUE,0.25,1.5,1.5,0.5,6,5,3,5,2,1,2,541.71,4.39,62,1.297,0.136
15,20,5,20,TRUE,TRUE,0.25,1.5,1.25,0.5,6,7,3,6,2,1,2,603.71,4.39,64,1.297,0.209
15,20,5,30,TRUE,TRUE,0.25,1.25,1,0.5,6,5,3,5,2,1,2,530.59,4.39,60,1.297,0.107
15,20,5,30,TRUE,TRUE,0.25,1.5,1,0.5,6,7,3,7,2,1,2,611.36,4.39,66,1.297,0.219
15,20,5,30,TRUE,TRUE,0.25,1.5,1,0.5,6,7,3,8,2,1,2,611.36,4.39,66,1.297,0.219
15,20,5,30,TRUE,TRUE,0.25,1.5,1.25,0.5,6,5,3,5,2,1,2,524.16,4.39,57,1.297,0.101
15,30,5,20,TRUE,TRUE,0.25,1.25,1.5,0.5,6,4,3,5,2,1,2,542.96,4.39,57,1.297,0.122
15,40,5,20,FALSE,TRUE,0.25,1.25,1.5,0.5,6,4,3,5,2,1,2,991.25,4.39,56,3,0.501
15,40,5,30,TRUE,TRUE,0.25,1.25,1.25,0.5,6,7,3,5,2,1,2,579.15,4.39,62,1.297,0.181
15,40,5,30,FALSE,TRUE,0.25,1.25,1.5,0.5,6,4,3,5,2,1,2,991.25,4.39,56,3,0.501
15,20,6,20,TRUE,TRUE,0.25,1.5,1,0.5,6,6,3,6,2,1,2,459.2,4.39,46,1.297,-0.021
15,20,6,20,TRUE,TRUE,0.25,1.5,1.5,0.5,6,6,3,7,2,1,2,457.18,4.39,46,1.297,-0.022
15,20,6,20,TRUE,TRUE,0.25,1.5,1.5,0.5,6,6,3,8,2,1,2,457.18,4.39,46,1.297,-0.022
15,30,6,20,TRUE,TRUE,0.25,1.25,1.25,0.5,6,6,3,5,2,1,2,453.91,4.39,45,1.297,-0.033
15,30,6,20,TRUE,TRUE,0.25,1.25,1.5,0.5,6,6,3,5,2,1,2,453.91,4.39,45,1.297,-0.033
15,30,6,30,TRUE,TRUE,0.25,1.5,1,0.5,6,7,3,6,2,1,2,513.32,4.39,49,1.297,0.068
15,30,6,30,TRUE,TRUE,0.25,1.5,1.5,0.5,6,7,3,6,2,1,2,508.64,4.39,48,1.297,0.063
15,40,6,20,TRUE,TRUE,0.25,1.25,1,0.5,6,5,3,6,2,1,2,462.56,4.39,46,1.297,-0.016
15,40,6,30,TRUE,TRUE,0.25,1.5,1,0.5,6,5,3,6,2,1,2,464.65,4.39,45,1.297,-0.01
15,40,6,30,TRUE,TRUE,0.25,1.5,1,0.5,6,7,3,7,2,1,2,516.48,4.39,50,1.297,0.074
15,40,6,30,TRUE,TRUE,0.25,1.5,1,0.5,6,7,3,8,2,1,2,516.48,4.39,50,1.297,0.074
15,40,6,30,TRUE,TRUE,0.25,1.5,1.5,0.5,6,5,3,6,2,1,2,459.98,4.39,44,1.297,-0.018
10,20,4,20,TRUE,TRUE,0.25,1,1,0.5,6,4,3,5,2,1,2,550.13,4.38,69,1.497,0.15
10,20,4,20,TRUE,TRUE,0.25,1.5,1,0.5,6,5,3,6,2,1,2,531.53,4.38,66,1.497,0.125
10,20,4,20,FALSE,TRUE,0.25,1.25,1,0.5,6,4,3,5,2,1,2,1045.34,4.38,66,3,0.555
10,20,4,20,FALSE,TRUE,0.25,1.5,1.5,0.5,6,4,3,5,2,1,2,1019.16,4.38,63,3,0.546
10,20,4,30,TRUE,TRUE,0.25,1.25,1,0.5,6,5,3,7,2,1,2,568.67,4.38,70,1.497,0.184
10,20,4,30,TRUE,TRUE,0.25,1.25,1,0.5,6,5,3,8,2,1,2,568.67,4.38,70,1.497,0.184
10,20,4,30,TRUE,TRUE,0.25,1.25,1,0.5,6,6,3,7,2,1,2,568.67,4.38,70,1.497,0.184
10,20,4,30,TRUE,TRUE,0.25,1.25,1,0.5,6,6,3,8,2,1,2,568.67,4.38,70,1.497,0.184
10,20,4,30,TRUE,TRUE,0.25,1.25,1.5,0.5,6,4,3,5,2,1,2,519.07,4.38,62,1.497,0.101
10,20,4,30,FALSE,TRUE,0.25,1,1,0.5,6,6,3,5,2,1,2,1075.88,4.38,68,3,0.576
10,20,4,30,FALSE,TRUE,0.25,1.25,1.5,0.5,6,6,3,5,2,1,2,1022.57,4.38,64,3,0.548
10,20,4,30,FALSE,TRUE,0.25,1.5,1.5,0.5,6,5,3,5,2,1,2,1012.26,4.38,62,3,0.544
10,30,4,20,FALSE,TRUE,0.25,1.25,1,0.5,6,4,3,5,2,1,2,1045.34,4.38,66,3,0.555
10,30,4,20,FALSE,TRUE,0.25,1.5,1.5,0.5,6,4,3,5,2,1,2,1019.16,4.38,63,3,0.546
10,30,4,30,TRUE,TRUE,0.25,1.25,1.5,0.5,6,4,3,5,2,1,2,538.11,4.38,62,1.497,0.129
10,30,4,30,TRUE,TRUE,0.25,1.5,1.25,0.5,6,4,3,5,2,1,2,535.69,4.38,62,1.497,0.125
10,30,4,30,FALSE,TRUE,0.25,1,1,0.5,6,6,3,5,2,1,2,1075.88,4.38,68,3,0.576
10,30,4,30,FALSE,TRUE,0.25,1.25,1.5,0.5,6,6,3,5,2,1,2,1022.57,4.38,64,3,0.548
10,30,4,30,FALSE,TRUE,0.25,1.5,1.5,0.5,6,5,3,5,2,1,2,1012.26,4.38,62,3,0.544
10,40,4,20,TRUE,TRUE,0.25,1.25,1.5,0.5,6,4,3,7,2,1,2,576.11,4.38,67,1.497,0.193
10,40,4,20,TRUE,TRUE,0.25,1.25,1.5,0.5,6,4,3,8,2,1,2,576.11,4.38,67,1.497,0.193
10,40,4,20,TRUE,TRUE,0.25,1.5,1.25,0.5,6,5,3,6,2,1,2,541.91,4.38,65,1.497,0.137
10,40,4,30,TRUE,TRUE,0.25,1,1,0.5,6,7,3,6,2,1,2,569.93,4.38,70,1.497,0.176
10,40,4,30,TRUE,TRUE,0.25,1.25,1.5,0.5,6,6,3,6,2,1,2,541.24,4.38,64,1.497,0.137
10,40,4,30,FALSE,TRUE,0.25,1,1,0.5,6,4,3,5,2,1,2,1066.22,4.38,66,3,0.567
10,40,4,30,FALSE,TRUE,0.25,1.5,1.5,0.5,6,7,3,6,2,1,2,1149.97,4.38,68,3,0.599
10,20,5,20,TRUE,TRUE,0.25,1.25,1,0.5,6,5,3,7,2,1,2,570.94,4.38,66,1.497,0.178
10,20,5,20,TRUE,TRUE,0.25,1.25,1,0.5,6,5,3,8,2,1,2,570.94,4.38,66,1.497,0.178
10,20,5,20,TRUE,TRUE,0.25,1.25,1.25,0.5,6,5,3,5,2,1,2,520.28,4.38,59,1.497,0.094
10,20,5,20,TRUE,TRUE,0.25,1.5,1,0.5,6,6,3,7,2,1,2,563.19,4.38,64,1.497,0.168
10,20,5,20,TRUE,TRUE,0.25,1.5,1,0.5,6,6,3,8,2,1,2,563.19,4.38,64,1.497,0.168
10,20,5,20,FALSE,TRUE,0.25,1,1,0.5,6,4,3,5,2,1,2,1038.28,4.38,61,3,0.53
10,20,5,30,TRUE,TRUE,0.25,1,1,0.5,6,7,3,7,2,1,2,616.87,4.38,71,1.497,0.243
10,20,5,30,TRUE,TRUE,0.25,1,1,0.5,6,7,3,8,2,1,2,616.87,4.38,71,1.497,0.243
10,20,5,30,TRUE,TRUE,0.25,1,1.25,0.5,6,7,3,7,2,1,2,616.07,4.38,71,1.497,0.242
10,20,5,30,TRUE,TRUE,0.25,1,1.25,0.5,6,7,3,8,2,1,2,616.07,4.38,71,1.497,0.242
10,20,5,30,TRUE,TRUE,0.25,1,1.5,0.5,6,7,3,7,2,1,2,616.07,4.38,71,1.497,0.242
10,20,5,30,TRUE,TRUE,0.25,1,1.5,0.5,6,7,3,8,2,1,2,616.07,4.38,71,1.497,0.242
10,20,5,30,TRUE,TRUE,0.25,1.25,1,0.5,6,6,3,5,2,1,2,529.32,4.38,61,1.497,0.107
10,20,5,30,FALSE,TRUE,0.25,1,1,0.5,6,4,3,5,2,1,2,1038.28,4.38,61,3,0.53
10,30,5,20,TRUE,TRUE,0.25,1,1.25,0.5,6,4,3,5,2,1,2,562.86,4.38,61,1.497,0.152
10,30,5,20,TRUE,TRUE,0.25,1,1.5,0.5,6,4,3,5,2,1,2,562.86,4.38,61,1.497,0.152
10,30,5,20,TRUE,TRUE,0.25,1.25,1,0.5,6,4,3,5,2,1,2,546.7,4.38,59,1.497,0.129
10,30,5,20,TRUE,TRUE,0.25,1.5,1.25,0.5,6,6,3,6,2,1,2,550.33,4.38,60,1.497,0.141
10,30,5,20,FALSE,TRUE,0.25,1,1,0.5,6,4,3,5,2,1,2,1038.28,4.38,61,3,0.53
10,30,5,30,FALSE,TRUE,0.25,1,1,0.5,6,4,3,5,2,1,2,1038.28,4.38,61,3,0.53
10,40,5,30,TRUE,TRUE,0.25,1,1.25,0.5,6,6,3,7,2,1,2,611.61,4.38,67,1.497,0.233
10,40,5,30,TRUE,TRUE,0.25,1,1.25,0.5,6,6,3,8,2,1,2,611.61,4.38,67,1.497,0.233
10,40,5,30,TRUE,TRUE,0.25,1,1.5,0.5,6,6,3,7,2,1,2,611.61,4.38,67,1.497,0.233
10,40,5,30,TRUE,TRUE,0.25,1,1.5,0.5,6,6,3,8,2,1,2,611.61,4.38,67,1.497,0.233
10,20,6,20,TRUE,TRUE,0.25,1.5,1.5,0.5,6,6,3,5,2,1,2,453.12,4.38,47,1.497,-0.034
10,40,6,20,TRUE,TRUE,0.25,1.5,1.5,0.5,6,4,3,5,2,1,2,448.98,4.38,44,1.497,-0.045
15,20,4,20,FALSE,TRUE,0.25,1.25,1.5,0.5,6,7,3,5,2,1,2,1098.87,4.38,69,3,0.575
15,30,4,20,TRUE,TRUE,0.25,1.25,1,0.5,6,4,3,5,2,1,2,556.76,4.38,67,1.297,0.157
15,30,4,20,FALSE,TRUE,0.25,1.25,1.5,0.5,6,7,3,5,2,1,2,1098.87,4.38,69,3,0.575
15,40,4,20,TRUE,TRUE,0.25,1,1,0.5,6,4,3,5,2,1,2,573.49,4.38,69,1.297,0.18
15,40,4,20,TRUE,TRUE,0.25,1,1.25,0.5,6,4,3,5,2,1,2,573.49,4.38,69,1.297,0.18
15,40,4,20,TRUE,TRUE,0.25,1,1.5,0.5,6,4,3,5,2,1,2,573.49,4.38,69,1.297,0.18
15,40,4,20,FALSE,TRUE,0.25,1.25,1.5,0.5,6,5,3,5,2,1,2,1035.99,4.38,65,3,0.553
15,20,5,20,FALSE,TRUE,0.25,1.5,1,0.5,6,5,3,5,2,1,2,1004.28,4.38,58,3,0.512
15,20,5,30,TRUE,TRUE,0.25,1.25,1.5,0.5,6,7,3,5,2,1,2,554.87,4.38,62,1.297,0.15
15,20,5,30,FALSE,TRUE,0.25,1.5,1,0.5,6,5,3,5,2,1,2,1004.28,4.38,58,3,0.512
15,30,5,20,FALSE,TRUE,0.25,1.5,1,0.5,6,5,3,5,2,1,2,1004.28,4.38,58,3,0.512
15,30,5,30,TRUE,TRUE,0.25,1.25,1.5,0.5,6,5,3,5,2,1,2,546.64,4.38,58,1.297,0.131
15,30,5,30,FALSE,TRUE,0.25,1.5,1,0.5,6,5,3,5,2,1,2,1004.28,4.38,58,3,0.512
15,40,5,20,TRUE,TRUE,0.25,1,1,0.5,6,4,3,5,2,1,2,564.04,4.38,60,1.297,0.151
15,40,5,20,TRUE,TRUE,0.25,1,1,0.5,6,5,3,7,2,1,2,578.94,4.38,64,1.297,0.178
15,40,5,20,TRUE,TRUE,0.25,1,1,0.5,6,5,3,8,2,1,2,578.94,4.38,64,1.297,0.178
15,40,5,20,TRUE,TRUE,0.25,1,1.25,0.5,6,4,3,5,2,1,2,564.04,4.38,60,1.297,0.151
15,40,5,20,TRUE,TRUE,0.25,1,1.25,0.5,6,5,3,7,2,1,2,578.94,4.38,64,1.297,0.178
15,40,5,20,TRUE,TRUE,0.25,1,1.25,0.5,6,5,3,8,2,1,2,578.94,4.38,64,1.297,0.178
15,40,5,20,TRUE,TRUE,0.25,1,1.5,0.5,6,4,3,5,2,1,2,564.04,4.38,60,1.297,0.151
15,40,5,20,TRUE,TRUE,0.25,1,1.5,0.5,6,5,3,7,2,1,2,578.94,4.38,64,1.297,0.178
15,40,5,20,TRUE,TRUE,0.25,1,1.5,0.5,6,5,3,8,2,1,2,578.94,4.38,64,1.297,0.178
15,40,5,20,TRUE,TRUE,0.25,1.25,1,0.5,6,5,3,7,2,1,2,565.06,4.38,63,1.297,0.159
15,40,5,20,TRUE,TRUE,0.25,1.25,1,0.5,6,5,3,8,2,1,2,565.06,4.38,63,1.297,0.159
15,40,5,20,TRUE,TRUE,0.25,1.25,1.5,0.5,6,6,3,5,2,1,2,545.57,4.38,58,1.297,0.129
15,40,5,20,TRUE,TRUE,0.25,1.5,1,0.5,6,5,3,6,2,1,2,554.92,4.38,59,1.297,0.143
15,40,5,20,TRUE,TRUE,0.25,1.5,1.5,0.5,6,4,3,7,2,1,2,549.98,4.38,57,1.297,0.137
15,40,5,20,TRUE,TRUE,0.25,1.5,1.5,0.5,6,4,3,8,2,1,2,549.98,4.38,57,1.297,0.137
15,40,5,20,FALSE,TRUE,0.25,1.5,1.25,0.5,6,7,3,7,2,1,2,1147.43,4.38,64,3,0.579
15,40,5,20,FALSE,TRUE,0.25,1.5,1.25,0.5,6,7,3,8,2,1,2,1147.43,4.38,64,3,0.579
15,40,5,30,TRUE,TRUE,0.25,1.25,1,0.5,6,6,3,5,2,1,2,553.99,4.38,60,1.297,0.139
15,40,5,30,FALSE,TRUE,0.25,1.5,1.25,0.5,6,7,3,7,2,1,2,1147.43,4.38,64,3,0.579
15,40,5,30,FALSE,TRUE,0.25,1.5,1.25,0.5,6,7,3,8,2,1,2,1147.43,4.38,64,3,0.579
15,20,6,20,TRUE,TRUE,0.25,1.5,1.25,0.5,6,6,3,6,2,1,2,455.55,4.38,45,1.297,-0.026
15,20,6,20,FALSE,TRUE,0.25,1,1,0.5,6,5,3,6,2,1,2,800.25,4.38,46,3,0.393
15,20,6,20,FALSE,TRUE,0.25,1.25,1,0.5,6,7,3,5,2,1,2,771.99,4.38,47,3,0.37
15,20,6,30,FALSE,TRUE,0.25,1,1,0.5,6,5,3,6,2,1,2,800.25,4.38,46,3,0.393
15,20,6,30,FALSE,TRUE,0.25,1.25,1,0.5,6,7,3,5,2,1,2,771.99,4.38,47,3,0.37
15,30,6,20,TRUE,TRUE,0.25,1,1,0.5,6,7,3,7,2,1,2,487.51,4.38,51,1.297,0.033
15,30,6,20,TRUE,TRUE,0.25,1,1,0.5,6,7,3,8,2,1,2,487.51,4.38,51,1.297,0.033
15,30,6,20,TRUE,TRUE,0.25,1,1.25,0.5,6,7,3,7,2,1,2,487.51,4.38,51,1.297,0.033
15,30,6,20,TRUE,TRUE,0.25,1,1.25,0.5,6,7,3,8,2,1,2,487.51,4.38,51,1.297,0.033
15,30,6,20,TRUE,TRUE,0.25,1,1.5,0.5,6,7,3,7,2,1,2,487.51,4.38,51,1.297,0.033
15,30,6,20,TRUE,TRUE,0.25,1,1.5,0.5,6,7,3,8,2,1,2,487.51,4.38,51,1.297,0.033
15,30,6,20,FALSE,TRUE,0.25,1,1,0.5,6,5,3,6,2,1,2,800.25,4.38,46,3,0.393
15,30,6,20,FALSE,TRUE,0.25,1.25,1,0.5,6,7,3,5,2,1,2,771.99,4.38,47,3,0.37
15,30,6,30,TRUE,TRUE,0.25,1.25,1,0.5,6,5,3,7,2,1,2,472.33,4.38,48,1.297,0.005
15,30,6,30,TRUE,TRUE,0.25,1.25,1,0.5,6,5,3,8,2,1,2,472.33,4.38,48,1.297,0.005
15,30,6,30,FALSE,TRUE,0.25,1,1,0.5,6,5,3,6,2,1,2,800.25,4.38,46,3,0.393
15,30,6,30,FALSE,TRUE,0.25,1.25,1,0.5,6,7,3,5,2,1,2,771.99,4.38,47,3,0.37
15,40,6,20,FALSE,TRUE,0.25,1,1,0.5,6,5,3,6,2,1,2,800.25,4.38,46,3,0.393
15,40,6,20,FALSE,TRUE,0.25,1.25,1,0.5,6,7,3,5,2,1,2,771.99,4.38,47,3,0.37
15,40,6,30,TRUE,TRUE,0.25,1.5,1.25,0.5,6,7,3,6,2,1,2,509.84,4.38,48,1.297,0.064
15,40,6,30,FALSE,TRUE,0.25,1,1,0.5,6,5,3,6,2,1,2,800.25,4.38,46,3,0.393
15,40,6,30,FALSE,TRUE,0.25,1.25,1,0.5,6,7,3,5,2,1,2,771.99,4.38,47,3,0.37
10,20,4,20,TRUE,TRUE,0.25,1,1.25,0.5,6,4,3,5,2,1,2,549.33,4.37,69,1.497,0.149
10,20,4,20,TRUE,TRUE,0.25,1,1.5,0.5,6,4,3,5,2,1,2,549.33,4.37,69,1.497,0.149
10,20,4,20,FALSE,TRUE,0.25,1.5,1,0.5,6,4,3,5,2,1,2,1029.08,4.37,64,3,0.55
10,20,4,30,TRUE,TRUE,0.25,1.5,1,0.5,6,5,3,6,2,1,2,526.03,4.37,64,1.497,0.115
10,20,4,30,FALSE,TRUE,0.25,1,1.25,0.5,6,6,3,5,2,1,2,1074.26,4.37,68,3,0.574
10,20,4,30,FALSE,TRUE,0.25,1,1.5,0.5,6,6,3,5,2,1,2,1074.26,4.37,68,3,0.574
10,20,4,30,FALSE,TRUE,0.25,1.5,1,0.5,6,7,3,7,2,1,2,1231.15,4.37,73,3,0.64
10,20,4,30,FALSE,TRUE,0.25,1.5,1,0.5,6,7,3,8,2,1,2,1231.15,4.37,73,3,0.64
10,30,4,20,TRUE,TRUE,0.25,1.25,1,0.5,6,5,3,6,2,1,2,558.1,4.37,68,1.497,0.161
10,30,4,20,FALSE,TRUE,0.25,1.5,1,0.5,6,4,3,5,2,1,2,1029.08,4.37,64,3,0.55
10,30,4,30,FALSE,TRUE,0.25,1,1.25,0.5,6,6,3,5,2,1,2,1074.26,4.37,68,3,0.574
10,30,4,30,FALSE,TRUE,0.25,1,1.5,0.5,6,6,3,5,2,1,2,1074.26,4.37,68,3,0.574
10,30,4,30,FALSE,TRUE,0.25,1.5,1,0.5,6,7,3,7,2,1,2,1231.15,4.37,73,3,0.64
10,30,4,30,FALSE,TRUE,0.25,1.5,1,0.5,6,7,3,8,2,1,2,1231.15,4.37,73,3,0.64
10,40,4,20,TRUE,TRUE,0.25,1.25,1,0.5,6,4,3,6,2,1,2,550.55,4.37,66,1.497,0.149
10,40,4,30,TRUE,TRUE,0.25,1,1.25,0.5,6,7,3,6,2,1,2,569.13,4.37,70,1.497,0.175
10,40,4,30,TRUE,TRUE,0.25,1,1.5,0.5,6,7,3,6,2,1,2,569.13,4.37,70,1.497,0.175
10,40,4,30,TRUE,TRUE,0.25,1.5,1.5,0.5,6,4,3,6,2,1,2,532.44,4.37,61,1.497,0.12
10,40,4,30,FALSE,TRUE,0.25,1,1.25,0.5,6,4,3,5,2,1,2,1064.6,4.37,66,3,0.566
10,40,4,30,FALSE,TRUE,0.25,1,1.5,0.5,6,4,3,5,2,1,2,1064.6,4.37,66,3,0.566
10,40,4,30,FALSE,TRUE,0.25,1.5,1,0.5,6,5,3,6,2,1,2,1027.65,4.37,63,3,0.549
10,20,5,20,TRUE,TRUE,0.25,1,1,0.5,6,7,3,6,2,1,2,576.47,4.37,67,1.497,0.181
10,20,5,20,FALSE,TRUE,0.25,1,1.25,0.5,6,4,3,5,2,1,2,1036.65,4.37,61,3,0.529
10,20,5,20,FALSE,TRUE,0.25,1,1.5,0.5,6,4,3,5,2,1,2,1036.65,4.37,61,3,0.529
10,20,5,20,FALSE,TRUE,0.25,1.5,1,0.5,6,5,3,6,2,1,2,1014.49,4.37,60,3,0.526
10,20,5,20,FALSE,TRUE,0.25,1.5,1,0.5,6,7,3,6,2,1,2,1150.98,4.37,66,3,0.583
10,20,5,30,FALSE,TRUE,0.25,1,1.25,0.5,6,4,3,5,2,1,2,1036.65,4.37,61,3,0.529
10,20,5,30,FALSE,TRUE,0.25,1,1.5,0.5,6,4,3,5,2,1,2,1036.65,4.37,61,3,0.529
10,20,5,30,FALSE,TRUE,0.25,1.5,1,0.5,6,5,3,6,2,1,2,1014.49,4.37,60,3,0.526
10,20,5,30,FALSE,TRUE,0.25,1.5,1,0.5,6,7,3,6,2,1,2,1150.98,4.37,66,3,0.583
10,30,5,20,TRUE,TRUE,0.25,1,1,0.5,6,6,3,7,2,1,2,611.23,4.37,68,1.497,0.232
10,30,5,20,TRUE,TRUE,0.25,1,1,0.5,6,6,3,8,2,1,2,611.23,4.37,68,1.497,0.232
10,30,5,20,TRUE,TRUE,0.25,1,1.25,0.5,6,6,3,7,2,1,2,610.43,4.37,68,1.497,0.231
10,30,5,20,TRUE,TRUE,0.25,1,1.25,0.5,6,6,3,8,2,1,2,610.43,4.37,68,1.497,0.231
10,30,5,20,TRUE,TRUE,0.25,1,1.5,0.5,6,6,3,7,2,1,2,610.43,4.37,68,1.497,0.231
10,30,5,20,TRUE,TRUE,0.25,1,1.5,0.5,6,6,3,8,2,1,2,610.43,4.37,68,1.497,0.231
10,30,5,20,FALSE,TRUE,0.25,1,1.25,0.5,6,4,3,5,2,1,2,1036.65,4.37,61,3,0.529
10,30,5,20,FALSE,TRUE,0.25,1,1.5,0.5,6,4,3,5,2,1,2,1036.65,4.37,61,3,0.529
10,30,5,20,FALSE,TRUE,0.25,1.5,1,0.5,6,5,3,6,2,1,2,1014.49,4.37,60,3,0.526
10,30,5,20,FALSE,TRUE,0.25,1.5,1,0.5,6,7,3,6,2,1,2,1150.98,4.37,66,3,0.583
10,30,5,30,TRUE,TRUE,0.25,1.5,1.25,0.5,6,4,3,6,2,1,2,548.67,4.37,58,1.497,0.136
10,30,5,30,TRUE,TRUE,0.25,1.5,1.25,0.5,6,6,3,7,2,1,2,585.27,4.37,63,1.497,0.197
10,30,5,30,TRUE,TRUE,0.25,1.5,1.25,0.5,6,6,3,8,2,1,2,585.27,4.37,63,1.497,0.197
10,30,5,30,FALSE,TRUE,0.25,1,1.25,0.5,6,4,3,5,2,1,2,1036.65,4.37,61,3,0.529
10,30,5,30,FALSE,TRUE,0.25,1,1.5,0.5,6,4,3,5,2,1,2,1036.65,4.37,61,3,0.529
10,30,5,30,FALSE,TRUE,0.25,1.5,1,0.5,6,5,3,6,2,1,2,1014.49,4.37,60,3,0.526
10,30,5,30,FALSE,TRUE,0.25,1.5,1,0.5,6,7,3,6,2,1,2,1150.98,4.37,66,3,0.583
10,40,5,20,FALSE,TRUE,0.25,1,1,0.5,6,7,3,6,2,1,2,1121.26,4.37,66,3,0.574
10,40,5,30,TRUE,TRUE,0.25,1,1,0.5,6,4,3,5,2,1,2,559.32,4.37,59,1.497,0.144
10,40,5,30,FALSE,TRUE,0.25,1,1,0.5,6,7,3,6,2,1,2,1121.26,4.37,66,3,0.574
10,40,6,20,TRUE,TRUE,0.25,1.5,1,0.5,6,6,3,5,2,1,2,459.63,4.37,48,1.497,-0.023
15,30,4,20,TRUE,TRUE,0.25,1.5,1,0.5,6,7,3,6,2,1,2,628.42,4.37,72,1.297,0.248
15,40,4,30,TRUE,TRUE,0.25,1.25,1,0.5,6,4,3,5,2,1,2,550.53,4.37,64,1.297,0.147
15,40,4,30,TRUE,TRUE,0.25,1.25,1,0.5,6,7,3,7,2,1,2,586.73,4.37,71,1.297,0.203
15,40,4,30,TRUE,TRUE,0.25,1.25,1,0.5,6,7,3,8,2,1,2,586.73,4.37,71,1.297,0.203
15,40,4,30,TRUE,TRUE,0.25,1.5,1.25,0.5,6,7,3,7,2,1,2,621.55,4.37,70,1.297,0.239
15,40,4,30,TRUE,TRUE,0.25,1.5,1.25,0.5,6,7,3,8,2,1,2,621.55,4.37,70,1.297,0.239
15,20,5,20,TRUE,TRUE,0.25,1.25,1.5,0.5,6,5,3,5,2,1,2,521.23,4.37,58,1.297,0.094
15,20,5,20,FALSE,TRUE,0.25,1,1,0.5,6,6,3,5,2,1,2,1045.02,4.37,62,3,0.536
15,20,5,20,FALSE,TRUE,0.25,1,1.25,0.5,6,6,3,5,2,1,2,1045.02,4.37,62,3,0.536
15,20,5,20,FALSE,TRUE,0.25,1,1.5,0.5,6,6,3,5,2,1,2,1045.02,4.37,62,3,0.536
15,20,5,30,TRUE,TRUE,0.25,1.5,1,0.5,6,7,3,6,2,1,2,607.99,4.37,65,1.297,0.213
15,20,5,30,TRUE,TRUE,0.25,1.5,1.25,0.5,6,7,3,7,2,1,2,607.22,4.37,65,1.297,0.215
15,20,5,30,TRUE,TRUE,0.25,1.5,1.25,0.5,6,7,3,8,2,1,2,607.22,4.37,65,1.297,0.215
15,20,5,30,FALSE,TRUE,0.25,1,1,0.5,6,6,3,5,2,1,2,1045.02,4.37,62,3,0.536
15,20,5,30,FALSE,TRUE,0.25,1,1.25,0.5,6,6,3,5,2,1,2,1045.02,4.37,62,3,0.536
15,20,5,30,FALSE,TRUE,0.25,1,1.5,0.5,6,6,3,5,2,1,2,1045.02,4.37,62,3,0.536
15,30,5,20,TRUE,TRUE,0.25,1,1,0.5,6,7,3,6,2,1,2,600.99,4.37,67,1.297,0.208
15,30,5,20,TRUE,TRUE,0.25,1.25,1.25,0.5,6,5,3,5,2,1,2,545.13,4.37,59,1.297,0.128
15,30,5,20,FALSE,TRUE,0.25,1,1,0.5,6,6,3,5,2,1,2,1045.02,4.37,62,3,0.536
15,30,5,20,FALSE,TRUE,0.25,1,1.25,0.5,6,6,3,5,2,1,2,1045.02,4.37,62,3,0.536
15,30,5,20,FALSE,TRUE,0.25,1,1.5,0.5,6,6,3,5,2,1,2,1045.02,4.37,62,3,0.536
15,30,5,30,FALSE,TRUE,0.25,1,1,0.5,6,6,3,5,2,1,2,1045.02,4.37,62,3,0.536
15,30,5,30,FALSE,TRUE,0.25,1,1.25,0.5,6,6,3,5,2,1,2,1045.02,4.37,62,3,0.536
15,30,5,30,FALSE,TRUE,0.25,1,1.5,0.5,6,6,3,5,2,1,2,1045.02,4.37,62,3,0.536
15,40,5,20,TRUE,TRUE,0.25,1.5,1.25,0.5,6,5,3,7,2,1,2,553.95,4.37,59,1.297,0.145
15,40,5,20,TRUE,TRUE,0.25,1.5,1.25,0.5,6,5,3,8,2,1,2,553.95,4.37,59,1.297,0.145
15,40,5,30,TRUE,TRUE,0.25,1,1,0.5,6,7,3,7,2,1,2,610.78,4.37,68,1.297,0.224
15,40,5,30,TRUE,TRUE,0.25,1,1,0.5,6,7,3,8,2,1,2,610.78,4.37,68,1.297,0.224
15,40,5,30,TRUE,TRUE,0.25,1,1.25,0.5,6,7,3,7,2,1,2,610.78,4.37,68,1.297,0.224
15,40,5,30,TRUE,TRUE,0.25,1,1.25,0.5,6,7,3,8,2,1,2,610.78,4.37,68,1.297,0.224
15,40,5,30,TRUE,TRUE,0.25,1,1.5,0.5,6,7,3,7,2,1,2,610.78,4.37,68,1.297,0.224
15,40,5,30,TRUE,TRUE,0.25,1,1.5,0.5,6,7,3,8,2,1,2,610.78,4.37,68,1.297,0.224
15,20,6,20,TRUE,TRUE,0.25,1,1,0.5,6,4,3,7,2,1,2,477.77,4.37,48,1.297,0.012
15,20,6,20,TRUE,TRUE,0.25,1,1,0.5,6,4,3,8,2,1,2,477.77,4.37,48,1.297,0.012
15,20,6,20,TRUE,TRUE,0.25,1,1.25,0.5,6,4,3,7,2,1,2,477.77,4.37,48,1.297,0.012
15,20,6,20,TRUE,TRUE,0.25,1,1.25,0.5,6,4,3,8,2,1,2,477.77,4.37,48,1.297,0.012
15,20,6,20,TRUE,TRUE,0.25,1,1.5,0.5,6,4,3,7,2,1,2,477.77,4.37,48,1.297,0.012
15,20,6,20,TRUE,TRUE,0.25,1,1.5,0.5,6,4,3,8,2,1,2,477.77,4.37,48,1.297,0.012
15,20,6,20,TRUE,TRUE,0.25,1.25,1.25,0.5,6,7,3,5,2,1,2,455.29,4.37,47,1.297,-0.029
15,20,6,20,TRUE,TRUE,0.25,1.25,1.5,0.5,6,7,3,5,2,1,2,455.29,4.37,47,1.297,-0.029
15,20,6,20,TRUE,TRUE,0.25,1.5,1.5,0.5,6,6,3,6,2,1,2,453.75,4.37,45,1.297,-0.03
15,20,6,20,FALSE,TRUE,0.25,1.25,1,0.5,6,4,3,5,2,1,2,752.63,4.37,43,3,0.345
15,20,6,20,FALSE,TRUE,0.25,1.25,1.25,0.5,6,4,3,5,2,1,2,751.89,4.37,43,3,0.345
15,20,6,20,FALSE,TRUE,0.25,1.25,1.5,0.5,6,4,3,5,2,1,2,751.89,4.37,43,3,0.345
15,20,6,30,TRUE,TRUE,0.25,1,1.25,0.5,6,6,3,6,2,1,2,480.11,4.37,48,1.297,0.019
15,20,6,30,TRUE,TRUE,0.25,1,1.5,0.5,6,6,3,6,2,1,2,480.11,4.37,48,1.297,0.019
15,20,6,30,FALSE,TRUE,0.25,1.25,1,0.5,6,4,3,5,2,1,2,752.63,4.37,43,3,0.345
15,20,6,30,FALSE,TRUE,0.25,1.25,1.25,0.5,6,4,3,5,2,1,2,751.89,4.37,43,3,0.345
15,20,6,30,FALSE,TRUE,0.25,1.25,1.5,0.5,6,4,3,5,2,1,2,751.89,4.37,43,3,0.345
15,30,6,20,TRUE,TRUE,0.25,1,1,0.5,6,6,3,6,2,1,2,476.47,4.37,47,1.297,0.01
15,30,6,20,TRUE,TRUE,0.25,1.5,1.25,0.5,6,4,3,7,2,1,2,458.54,4.37,44,1.297,-0.023
15,30,6,20,TRUE,TRUE,0.25,1.5,1.25,0.5,6,4,3,8,2,1,2,458.54,4.37,44,1.297,-0.023
15,30,6,20,FALSE,TRUE,0.25,1.25,1,0.5,6,4,3,5,2,1,2,752.63,4.37,43,3,0.345
15,30,6,20,FALSE,TRUE,0.25,1.25,1.25,0.5,6,4,3,5,2,1,2,751.89,4.37,43,3,0.345
15,30,6,20,FALSE,TRUE,0.25,1.25,1.5,0.5,6,4,3,5,2,1,2,751.89,4.37,43,3,0.345
15,30,6,30,FALSE,TRUE,0.25,1.25,1,0.5,6,4,3,5,2,1,2,752.63,4.37,43,3,0.345
15,30,6,30,FALSE,TRUE,0.25,1.25,1.25,0.5,6,4,3,5,2,1,2,751.89,4.37,43,3,0.345
15,30,6,30,FALSE,TRUE,0.25,1.25,1.5,0.5,6,4,3,5,2,1,2,751.89,4.37,43,3,0.345
15,40,6,20,TRUE,TRUE,0.25,1.25,1.25,0.5,6,6,3,5,2,1,2,453.31,4.37,45,1.297,-0.035
15,40,6,20,TRUE,TRUE,0.25,1.25,1.5,0.5,6,6,3,5,2,1,2,453.31,4.37,45,1.297,-0.035
15,40,6,20,FALSE,TRUE,0.25,1.25,1,0.5,6,4,3,5,2,1,2,752.63,4.37,43,3,0.345
15,40,6,20,FALSE,TRUE,0.25,1.25,1.25,0.5,6,4,3,5,2,1,2,751.89,4.37,43,3,0.345
15,40,6,20,FALSE,TRUE,0.25,1.25,1.5,0.5,6,4,3,5,2,1,2,751.89,4.37,43,3,0.345
15,40,6,30,TRUE,TRUE,0.25,1.25,1,0.5,6,5,3,7,2,1,2,471.89,4.37,48,1.297,0.004
15,40,6,30,TRUE,TRUE,0.25,1.25,1,0.5,6,5,3,8,2,1,2,471.89,4.37,48,1.297,0.004
15,40,6,30,TRUE,TRUE,0.25,1.5,1,0.5,6,7,3,6,2,1,2,512.71,4.37,49,1.297,0.067
15,40,6,30,TRUE,TRUE,0.25,1.5,1.5,0.5,6,7,3,6,2,1,2,508.04,4.37,48,1.297,0.061
15,40,6,30,FALSE,TRUE,0.25,1.25,1,0.5,6,4,3,5,2,1,2,752.63,4.37,43,3,0.345
15,40,6,30,FALSE,TRUE,0.25,1.25,1.25,0.5,6,4,3,5,2,1,2,751.89,4.37,43,3,0.345
15,40,6,30,FALSE,TRUE,0.25,1.25,1.5,0.5,6,4,3,5,2,1,2,751.89,4.37,43,3,0.345
10,20,4,20,TRUE,TRUE,0.25,1.5,1.25,0.5,6,4,3,5,2,1,2,520.84,4.36,64,1.497,0.105
10,20,4,20,FALSE,TRUE,0.25,1.25,1.5,0.5,6,4,3,5,2,1,2,1024.64,4.36,64,3,0.546
10,20,4,30,TRUE,TRUE,0.25,1.5,1.25,0.5,6,7,3,7,2,1,2,627.69,4.36,73,1.497,0.255
10,20,4,30,TRUE,TRUE,0.25,1.5,1.25,0.5,6,7,3,8,2,1,2,627.69,4.36,73,1.497,0.255
10,20,4,30,FALSE,TRUE,0.25,1,1,0.5,6,5,3,5,2,1,2,1069.18,4.36,67,3,0.571
10,30,4,20,TRUE,TRUE,0.25,1.25,1.5,0.5,6,6,3,5,2,1,2,546,4.36,66,1.497,0.145
10,30,4,20,TRUE,TRUE,0.25,1.25,1.5,0.5,6,7,3,5,2,1,2,572.03,4.36,69,1.497,0.184
10,30,4,20,TRUE,TRUE,0.25,1.5,1,0.5,6,6,3,7,2,1,2,583.46,4.36,70,1.497,0.205
10,30,4,20,TRUE,TRUE,0.25,1.5,1,0.5,6,6,3,8,2,1,2,583.46,4.36,70,1.497,0.205
10,30,4,20,FALSE,TRUE,0.25,1.25,1.5,0.5,6,4,3,5,2,1,2,1024.64,4.36,64,3,0.546
10,30,4,30,TRUE,TRUE,0.25,1.25,1.25,0.5,6,7,3,5,2,1,2,567.91,4.36,68,1.497,0.177
10,30,4,30,TRUE,TRUE,0.25,1.5,1.25,0.5,6,7,3,6,2,1,2,614.05,4.36,70,1.497,0.23
10,30,4,30,FALSE,TRUE,0.25,1,1,0.5,6,5,3,5,2,1,2,1069.18,4.36,67,3,0.571
10,40,4,20,TRUE,TRUE,0.25,1,1,0.5,6,4,3,7,2,1,2,600.34,4.36,72,1.497,0.226
10,40,4,20,TRUE,TRUE,0.25,1,1,0.5,6,4,3,8,2,1,2,600.34,4.36,72,1.497,0.226
10,40,4,20,FALSE,TRUE,0.25,1.25,1.25,0.5,6,7,3,5,2,1,2,1091.82,4.36,69,3,0.575
10,40,4,30,TRUE,TRUE,0.25,1.25,1.5,0.5,6,5,3,6,2,1,2,538.44,4.36,63,1.497,0.132
10,40,4,30,TRUE,TRUE,0.25,1.5,1.25,0.5,6,6,3,6,2,1,2,537.84,4.36,64,1.497,0.13
10,20,5,20,TRUE,TRUE,0.25,1,1,0.5,6,5,3,7,2,1,2,583.63,4.36,67,1.497,0.196
10,20,5,20,TRUE,TRUE,0.25,1,1,0.5,6,5,3,8,2,1,2,583.63,4.36,67,1.497,0.196
10,20,5,20,TRUE,TRUE,0.25,1,1.25,0.5,6,5,3,7,2,1,2,582.84,4.36,67,1.497,0.195
10,20,5,20,TRUE,TRUE,0.25,1,1.25,0.5,6,5,3,8,2,1,2,582.84,4.36,67,1.497,0.195
10,20,5,20,TRUE,TRUE,0.25,1,1.5,0.5,6,5,3,7,2,1,2,582.84,4.36,67,1.497,0.195
10,20,5,20,TRUE,TRUE,0.25,1,1.5,0.5,6,5,3,8,2,1,2,582.84,4.36,67,1.497,0.195
10,20,5,20,FALSE,TRUE,0.25,1,1,0.5,6,7,3,7,2,1,2,1194.66,4.36,71,3,0.618
10,20,5,20,FALSE,TRUE,0.25,1,1,0.5,6,7,3,8,2,1,2,1194.66,4.36,71,3,0.618
10,20,5,20,FALSE,TRUE,0.25,1,1.25,0.5,6,7,3,7,2,1,2,1193.03,4.36,71,3,0.617
10,20,5,20,FALSE,TRUE,0.25,1,1.25,0.5,6,7,3,8,2,1,2,1193.03,4.36,71,3,0.617
10,20,5,20,FALSE,TRUE,0.25,1,1.5,0.5,6,7,3,7,2,1,2,1193.03,4.36,71,3,0.617
10,20,5,20,FALSE,TRUE,0.25,1,1.5,0.5,6,7,3,8,2,1,2,1193.03,4.36,71,3,0.617
10,20,5,20,FALSE,TRUE,0.25,1.25,1,0.5,6,4,3,5,2,1,2,1002.48,4.36,59,3,0.508
10,20,5,30,TRUE,TRUE,0.25,1.5,1.25,0.5,6,4,3,7,2,1,2,557.61,4.36,61,1.497,0.158
10,20,5,30,TRUE,TRUE,0.25,1.5,1.25,0.5,6,4,3,8,2,1,2,557.61,4.36,61,1.497,0.158
10,20,5,30,TRUE,TRUE,0.25,1.5,1.5,0.5,6,6,3,6,2,1,2,526.02,4.36,59,1.497,0.108
10,20,5,30,FALSE,TRUE,0.25,1,1,0.5,6,7,3,7,2,1,2,1194.66,4.36,71,3,0.618
10,20,5,30,FALSE,TRUE,0.25,1,1,0.5,6,7,3,8,2,1,2,1194.66,4.36,71,3,0.618
10,20,5,30,FALSE,TRUE,0.25,1,1.25,0.5,6,7,3,7,2,1,2,1193.03,4.36,71,3,0.617
10,20,5,30,FALSE,TRUE,0.25,1,1.25,0.5,6,7,3,8,2,1,2,1193.03,4.36,71,3,0.617
10,20,5,30,FALSE,TRUE,0.25,1,1.5,0.5,6,7,3,7,2,1,2,1193.03,4.36,71,3,0.617
10,20,5,30,FALSE,TRUE,0.25,1,1.5,0.5,6,7,3,8,2,1,2,1193.03,4.36,71,3,0.617
10,20,5,30,FALSE,TRUE,0.25,1.25,1,0.5,6,4,3,5,2,1,2,1002.48,4.36,59,3,0.508
10,30,5,20,TRUE,TRUE,0.25,1,1.25,0.5,6,5,3,6,2,1,2,573.99,4.36,64,1.497,0.172
10,30,5,20,TRUE,TRUE,0.25,1,1.5,0.5,6,5,3,6,2,1,2,573.99,4.36,64,1.497,0.172
10,30,5,20,FALSE,TRUE,0.25,1,1,0.5,6,7,3,7,2,1,2,1194.66,4.36,71,3,0.618
10,30,5,20,FALSE,TRUE,0.25,1,1,0.5,6,7,3,8,2,1,2,1194.66,4.36,71,3,0.618
10,30,5,20,FALSE,TRUE,0.25,1,1.25,0.5,6,7,3,7,2,1,2,1193.03,4.36,71,3,0.617
10,30,5,20,FALSE,TRUE,0.25,1,1.25,0.5,6,7,3,8,2,1,2,1193.03,4.36,71,3,0.617
10,30,5,20,FALSE,TRUE,0.25,1,1.5,0.5,6,7,3,7,2,1,2,1193.03,4.36,71,3,0.617
10,30,5,20,FALSE,TRUE,0.25,1,1.5,0.5,6,7,3,8,2,1,2,1193.03,4.36,71,3,0.617
10,30,5,20,FALSE,TRUE,0.25,1.25,1,0.5,6,4,3,5,2,1,2,1002.48,4.36,59,3,0.508
10,30,5,30,TRUE,TRUE,0.25,1,1.25,0.5,6,7,3,6,2,1,2,606.54,4.36,68,1.497,0.219
10,30,5,30,TRUE,TRUE,0.25,1,1.5,0.5,6,7,3,6,2,1,2,606.54,4.36,68,1.497,0.219
10,30,5,30,TRUE,TRUE,0.25,1.25,1.5,0.5,6,7,3,5,2,1,2,577.36,4.36,63,1.497,0.18
10,30,5,30,FALSE,TRUE,0.25,1,1,0.5,6,7,3,7,2,1,2,1194.66,4.36,71,3,0.618
10,30,5,30,FALSE,TRUE,0.25,1,1,0.5,6,7,3,8,2,1,2,1194.66,4.36,71,3,0.618
10,30,5,30,FALSE,TRUE,0.25,1,1.25,0.5,6,7,3,7,2,1,2,1193.03,4.36,71,3,0.617
10,30,5,30,FALSE,TRUE,0.25,1,1.25,0.5,6,7,3,8,2,1,2,1193.03,4.36,71,3,0.617
10,30,5,30,FALSE,TRUE,0.25,1,1.5,0.5,6,7,3,7,2,1,2,1193.03,4.36,71,3,0.617
10,30,5,30,FALSE,TRUE,0.25,1,1.5,0.5,6,7,3,8,2,1,2,1193.03,4.36,71,3,0.617
10,30,5,30,FALSE,TRUE,0.25,1.25,1,0.5,6,4,3,5,2,1,2,1002.48,4.36,59,3,0.508
10,40,5,20,TRUE,TRUE,0.25,1.25,1.5,0.5,6,5,3,6,2,1,2,548.14,4.36,59,1.497,0.135
10,40,5,20,FALSE,TRUE,0.25,1.25,1.5,0.5,6,6,3,5,2,1,2,994.02,4.36,58,3,0.513
10,40,5,20,FALSE,TRUE,0.25,1.5,1.25,0.5,6,6,3,7,2,1,2,1070.27,4.36,62,3,0.564
10,40,5,20,FALSE,TRUE,0.25,1.5,1.25,0.5,6,6,3,8,2,1,2,1070.27,4.36,62,3,0.564
10,40,5,30,TRUE,TRUE,0.25,1,1.25,0.5,6,4,3,5,2,1,2,558.52,4.36,59,1.497,0.143
10,40,5,30,TRUE,TRUE,0.25,1,1.5,0.5,6,4,3,5,2,1,2,558.52,4.36,59,1.497,0.143
10,40,5,30,TRUE,TRUE,0.25,1.25,1,0.5,6,4,3,5,2,1,2,542.18,4.36,57,1.497,0.119
10,40,5,30,FALSE,TRUE,0.25,1.25,1.5,0.5,6,6,3,5,2,1,2,994.02,4.36,58,3,0.513
10,40,5,30,FALSE,TRUE,0.25,1.5,1.25,0.5,6,6,3,7,2,1,2,1070.27,4.36,62,3,0.564
10,40,5,30,FALSE,TRUE,0.25,1.5,1.25,0.5,6,6,3,8,2,1,2,1070.27,4.36,62,3,0.564
10,40,6,20,TRUE,TRUE,0.25,1.5,1.25,0.5,6,6,3,5,2,1,2,455.14,4.36,47,1.497,-0.029
15,30,4,20,TRUE,TRUE,0.25,1.25,1.25,0.5,6,7,3,5,2,1,2,575.66,4.36,70,1.297,0.188
15,40,4,20,TRUE,TRUE,0.25,1.5,1.5,0.5,6,7,3,7,2,1,2,622.68,4.36,71,1.297,0.243
15,40,4,20,TRUE,TRUE,0.25,1.5,1.5,0.5,6,7,3,8,2,1,2,622.68,4.36,71,1.297,0.243
15,20,5,20,FALSE,TRUE,0.25,1.25,1.5,0.5,6,5,3,5,2,1,2,994.16,4.36,58,3,0.507
15,20,5,30,TRUE,TRUE,0.25,1,1,0.5,6,6,3,5,2,1,2,546.12,4.36,62,1.297,0.133
15,20,5,30,TRUE,TRUE,0.25,1,1.25,0.5,6,6,3,5,2,1,2,546.12,4.36,62,1.297,0.133
15,20,5,30,TRUE,TRUE,0.25,1,1.5,0.5,6,6,3,5,2,1,2,546.12,4.36,62,1.297,0.133
15,20,5,30,FALSE,TRUE,0.25,1.25,1.5,0.5,6,5,3,5,2,1,2,994.16,4.36,58,3,0.507
15,30,5,20,TRUE,TRUE,0.25,1.5,1.25,0.5,6,6,3,5,2,1,2,545.93,4.36,58,1.297,0.131
15,30,5,20,FALSE,TRUE,0.25,1.25,1.5,0.5,6,5,3,5,2,1,2,994.16,4.36,58,3,0.507
15,30,5,30,FALSE,TRUE,0.25,1.25,1.5,0.5,6,5,3,5,2,1,2,994.16,4.36,58,3,0.507
15,40,5,20,TRUE,TRUE,0.25,1,1.25,0.5,6,5,3,6,2,1,2,575.17,4.36,63,1.297,0.171
15,40,5,20,TRUE,TRUE,0.25,1,1.5,0.5,6,5,3,6,2,1,2,575.17,4.36,63,1.297,0.171
15,40,5,20,TRUE,TRUE,0.25,1.5,1.5,0.5,6,4,3,6,2,1,2,546.22,4.36,56,1.297,0.13
15,40,5,20,FALSE,TRUE,0.25,1.5,1.25,0.5,6,7,3,6,2,1,2,1141.74,4.36,63,3,0.573
15,40,5,30,FALSE,TRUE,0.25,1.5,1.25,0.5,6,7,3,6,2,1,2,1141.74,4.36,63,3,0.573
15,20,6,20,TRUE,TRUE,0.25,1,1,0.5,6,7,3,6,2,1,2,475.54,4.36,49,1.297,0.009
15,20,6,30,TRUE,TRUE,0.25,1.5,1.25,0.5,6,6,3,7,2,1,2,459.59,4.36,46,1.297,-0.016
15,20,6,30,TRUE,TRUE,0.25,1.5,1.25,0.5,6,6,3,8,2,1,2,459.59,4.36,46,1.297,-0.016
15,30,6,20,TRUE,TRUE,0.25,1,1.25,0.5,6,7,3,6,2,1,2,483.91,4.36,50,1.297,0.026
15,30,6,20,TRUE,TRUE,0.25,1,1.5,0.5,6,7,3,6,2,1,2,483.91,4.36,50,1.297,0.026
15,30,6,20,TRUE,TRUE,0.25,1.5,1.5,0.5,6,4,3,7,2,1,2,456.74,4.36,44,1.297,-0.027
15,30,6,20,TRUE,TRUE,0.25,1.5,1.5,0.5,6,4,3,8,2,1,2,456.74,4.36,44,1.297,-0.027
15,40,6,20,TRUE,TRUE,0.25,1,1,0.5,6,7,3,7,2,1,2,487.07,4.36,51,1.297,0.032
15,40,6,20,TRUE,TRUE,0.25,1,1,0.5,6,7,3,8,2,1,2,487.07,4.36,51,1.297,0.032
15,40,6,20,TRUE,TRUE,0.25,1,1.25,0.5,6,7,3,7,2,1,2,487.07,4.36,51,1.297,0.032
15,40,6,20,TRUE,TRUE,0.25,1,1.25,0.5,6,7,3,8,2,1,2,487.07,4.36,51,1.297,0.032
15,40,6,20,TRUE,TRUE,0.25,1,1.5,0.5,6,7,3,7,2,1,2,487.07,4.36,51,1.297,0.032
15,40,6,20,TRUE,TRUE,0.25,1,1.5,0.5,6,7,3,8,2,1,2,487.07,4.36,51,1.297,0.032
10,20,4,20,TRUE,TRUE,0.25,1.25,1.25,0.5,6,5,3,5,2,1,2,526.55,4.35,66,1.497,0.116
10,20,4,30,FALSE,TRUE,0.25,1,1.25,0.5,6,5,3,5,2,1,2,1067.55,4.35,67,3,0.569
10,20,4,30,FALSE,TRUE,0.25,1,1.5,0.5,6,5,3,5,2,1,2,1067.55,4.35,67,3,0.569
10,20,4,30,FALSE,TRUE,0.25,1.25,1.5,0.5,6,5,3,5,2,1,2,1015.86,4.35,63,3,0.543
10,20,4,30,FALSE,TRUE,0.25,1.5,1,0.5,6,7,3,6,2,1,2,1164.12,4.35,70,3,0.603
10,30,4,20,TRUE,TRUE,0.25,1.5,1.25,0.5,6,6,3,5,2,1,2,542.47,4.35,66,1.497,0.139
10,30,4,30,TRUE,TRUE,0.25,1.25,1.25,0.5,6,6,3,5,2,1,2,541.88,4.35,65,1.497,0.137
10,30,4,30,FALSE,TRUE,0.25,1,1.25,0.5,6,5,3,5,2,1,2,1067.55,4.35,67,3,0.569
10,30,4,30,FALSE,TRUE,0.25,1,1.5,0.5,6,5,3,5,2,1,2,1067.55,4.35,67,3,0.569
10,30,4,30,FALSE,TRUE,0.25,1.25,1.5,0.5,6,5,3,5,2,1,2,1015.86,4.35,63,3,0.543
10,30,4,30,FALSE,TRUE,0.25,1.5,1,0.5,6,7,3,6,2,1,2,1164.12,4.35,70,3,0.603
10,40,4,20,TRUE,TRUE,0.25,1,1,0.5,6,7,3,6,2,1,2,572.49,4.35,72,1.497,0.181
10,40,4,20,TRUE,TRUE,0.25,1,1.25,0.5,6,4,3,7,2,1,2,599.54,4.35,72,1.497,0.224
10,40,4,20,TRUE,TRUE,0.25,1,1.25,0.5,6,4,3,8,2,1,2,599.54,4.35,72,1.497,0.224
10,40,4,20,TRUE,TRUE,0.25,1,1.5,0.5,6,4,3,7,2,1,2,599.54,4.35,72,1.497,0.224
10,40,4,20,TRUE,TRUE,0.25,1,1.5,0.5,6,4,3,8,2,1,2,599.54,4.35,72,1.497,0.224
10,40,4,20,TRUE,TRUE,0.25,1.25,1,0.5,6,7,3,6,2,1,2,581.62,4.35,72,1.497,0.197
10,40,4,20,TRUE,TRUE,0.25,1.25,1.25,0.5,6,5,3,7,2,1,2,577.32,4.35,69,1.497,0.196
10,40,4,20,TRUE,TRUE,0.25,1.25,1.25,0.5,6,5,3,8,2,1,2,577.32,4.35,69,1.497,0.196
10,40,4,20,TRUE,TRUE,0.25,1.5,1.25,0.5,6,4,3,7,2,1,2,571.61,4.35,67,1.497,0.184
10,40,4,20,TRUE,TRUE,0.25,1.5,1.25,0.5,6,4,3,8,2,1,2,571.61,4.35,67,1.497,0.184
10,40,4,30,TRUE,TRUE,0.25,1.25,1.5,0.5,6,4,3,7,2,1,2,571.14,4.35,66,1.497,0.185
10,40,4,30,TRUE,TRUE,0.25,1.25,1.5,0.5,6,4,3,8,2,1,2,571.14,4.35,66,1.497,0.185
10,20,5,20,TRUE,TRUE,0.25,1,1,0.5,6,4,3,5,2,1,2,538.18,4.35,61,1.497,0.118
10,20,5,20,TRUE,TRUE,0.25,1,1.25,0.5,6,4,3,5,2,1,2,537.39,4.35,61,1.497,0.117
10,20,5,20,TRUE,TRUE,0.25,1,1.5,0.5,6,4,3,5,2,1,2,537.39,4.35,61,1.497,0.117
10,20,5,20,TRUE,TRUE,0.25,1.25,1,0.5,6,4,3,5,2,1,2,521.45,4.35,59,1.497,0.092
10,20,5,20,TRUE,TRUE,0.25,1.25,1.5,0.5,6,6,3,5,2,1,2,519.17,4.35,59,1.497,0.092
10,20,5,20,TRUE,TRUE,0.25,1.5,1.25,0.5,6,4,3,6,2,1,2,522.29,4.35,58,1.497,0.098
10,30,5,20,TRUE,TRUE,0.25,1.25,1,0.5,6,5,3,6,2,1,2,556.07,4.35,62,1.497,0.145
10,40,5,20,FALSE,TRUE,0.25,1.5,1,0.5,6,4,3,7,2,1,2,1062.17,4.35,60,3,0.55
10,40,5,20,FALSE,TRUE,0.25,1.5,1,0.5,6,4,3,8,2,1,2,1062.17,4.35,60,3,0.55
10,40,5,30,FALSE,TRUE,0.25,1.5,1,0.5,6,4,3,7,2,1,2,1062.17,4.35,60,3,0.55
10,40,5,30,FALSE,TRUE,0.25,1.5,1,0.5,6,4,3,8,2,1,2,1062.17,4.35,60,3,0.55
15,20,4,20,TRUE,TRUE,0.25,1,1,0.5,6,6,3,5,2,1,2,555.42,4.35,71,1.297,0.159
15,20,4,20,TRUE,TRUE,0.25,1,1.25,0.5,6,6,3,5,2,1,2,555.42,4.35,71,1.297,0.159
15,20,4,20,TRUE,TRUE,0.25,1,1.5,0.5,6,6,3,5,2,1,2,555.42,4.35,71,1.297,0.159
15,20,4,30,TRUE,TRUE,0.25,1,1,0.5,6,7,3,5,2,1,2,554.39,4.35,71,1.297,0.156
15,20,4,30,TRUE,TRUE,0.25,1,1.25,0.5,6,7,3,5,2,1,2,554.39,4.35,71,1.297,0.156
15,20,4,30,TRUE,TRUE,0.25,1,1.5,0.5,6,7,3,5,2,1,2,554.39,4.35,71,1.297,0.156
15,30,4,20,TRUE,TRUE,0.25,1.25,1.5,0.5,6,4,3,5,2,1,2,547.54,4.35,65,1.297,0.144
15,40,4,20,TRUE,TRUE,0.25,1.25,1,0.5,6,5,3,7,2,1,2,564.26,4.35,69,1.297,0.171
15,40,4,20,TRUE,TRUE,0.25,1.25,1,0.5,6,5,3,8,2,1,2,564.26,4.35,69,1.297,0.171
15,40,4,20,TRUE,TRUE,0.25,1.25,1.25,0.5,6,5,3,5,2,1,2,550.31,4.35,66,1.297,0.15
15,40,4,20,TRUE,TRUE,0.25,1.5,1,0.5,6,4,3,5,2,1,2,547.91,4.35,64,1.297,0.144
15,40,4,20,FALSE,TRUE,0.25,1.25,1,0.5,6,4,3,5,2,1,2,1047.2,4.35,66,3,0.551
15,40,4,30,TRUE,TRUE,0.25,1.25,1,0.5,6,7,3,6,2,1,2,582.77,4.35,70,1.297,0.196
15,40,4,30,TRUE,TRUE,0.25,1.5,1.25,0.5,6,7,3,6,2,1,2,617.59,4.35,69,1.297,0.233
15,40,4,30,FALSE,TRUE,0.25,1.25,1.5,0.5,6,6,3,5,2,1,2,1026.06,4.35,64,3,0.546
15,20,5,20,TRUE,TRUE,0.25,1.25,1.25,0.5,6,7,3,5,2,1,2,551.99,4.35,63,1.297,0.145
15,20,5,20,TRUE,TRUE,0.25,1.5,1.25,0.5,6,4,3,5,2,1,2,518.72,4.35,56,1.297,0.089
15,20,5,30,TRUE,TRUE,0.25,1.5,1.25,0.5,6,7,3,6,2,1,2,603.86,4.35,64,1.297,0.21
15,20,5,30,TRUE,TRUE,0.25,1.5,1.5,0.5,6,6,3,5,2,1,2,521.84,4.35,57,1.297,0.098
15,30,5,30,TRUE,TRUE,0.25,1.25,1.25,0.5,6,7,3,5,2,1,2,577.77,4.35,63,1.297,0.179
15,40,5,20,TRUE,TRUE,0.25,1.25,1,0.5,6,4,3,5,2,1,2,546.12,4.35,58,1.297,0.125
15,40,5,20,TRUE,TRUE,0.25,1.5,1.25,0.5,6,5,3,6,2,1,2,550.18,4.35,58,1.297,0.137
15,40,5,20,FALSE,TRUE,0.25,1.25,1,0.5,6,6,3,5,2,1,2,1010,4.35,60,3,0.51
15,40,5,20,FALSE,TRUE,0.25,1.5,1,0.5,6,4,3,5,2,1,2,992.19,4.35,56,3,0.499
15,40,5,20,FALSE,TRUE,0.25,1.5,1.25,0.5,6,6,3,5,2,1,2,995.74,4.35,57,3,0.509
15,40,5,30,TRUE,TRUE,0.25,1,1.25,0.5,6,7,3,6,2,1,2,606.82,4.35,67,1.297,0.217
15,40,5,30,TRUE,TRUE,0.25,1,1.5,0.5,6,7,3,6,2,1,2,606.82,4.35,67,1.297,0.217
15,40,5,30,FALSE,TRUE,0.25,1.25,1,0.5,6,6,3,5,2,1,2,1010,4.35,60,3,0.51
15,40,5,30,FALSE,TRUE,0.25,1.5,1,0.5,6,4,3,5,2,1,2,992.19,4.35,56,3,0.499
15,40,5,30,FALSE,TRUE,0.25,1.5,1.25,0.5,6,6,3,5,2,1,2,995.74,4.35,57,3,0.509
15,20,6,30,TRUE,TRUE,0.25,1.25,1,0.5,6,5,3,6,2,1,2,459.77,4.35,46,1.297,-0.021
15,20,6,30,TRUE,TRUE,0.25,1.5,1.5,0.5,6,6,3,7,2,1,2,457.79,4.35,46,1.297,-0.021
15,20,6,30,TRUE,TRUE,0.25,1.5,1.5,0.5,6,6,3,8,2,1,2,457.79,4.35,46,1.297,-0.021
15,30,6,30,TRUE,TRUE,0.25,1,1,0.5,6,6,3,7,2,1,2,485.74,4.35,49,1.297,0.03
15,30,6,30,TRUE,TRUE,0.25,1,1,0.5,6,6,3,8,2,1,2,485.74,4.35,49,1.297,0.03
15,30,6,30,TRUE,TRUE,0.25,1,1.25,0.5,6,6,3,7,2,1,2,485.74,4.35,49,1.297,0.03
15,30,6,30,TRUE,TRUE,0.25,1,1.25,0.5,6,6,3,8,2,1,2,485.74,4.35,49,1.297,0.03
15,30,6,30,TRUE,TRUE,0.25,1,1.5,0.5,6,6,3,7,2,1,2,485.74,4.35,49,1.297,0.03
15,30,6,30,TRUE,TRUE,0.25,1,1.5,0.5,6,6,3,8,2,1,2,485.74,4.35,49,1.297,0.03
15,40,6,20,TRUE,TRUE,0.25,1,1,0.5,6,6,3,6,2,1,2,475.87,4.35,47,1.297,0.008
15,40,6,20,TRUE,TRUE,0.25,1.5,1.25,0.5,6,4,3,7,2,1,2,458.11,4.35,44,1.297,-0.024
15,40,6,20,TRUE,TRUE,0.25,1.5,1.25,0.5,6,4,3,8,2,1,2,458.11,4.35,44,1.297,-0.024
10,20,4,20,TRUE,TRUE,0.25,1.25,1,0.5,6,5,3,6,2,1,2,537.53,4.34,68,1.497,0.132
10,20,4,30,TRUE,TRUE,0.25,1.25,1.25,0.5,6,6,3,5,2,1,2,522.08,4.34,65,1.497,0.108
10,20,4,30,TRUE,TRUE,0.25,1.25,1.25,0.5,6,7,3,5,2,1,2,548.1,4.34,68,1.497,0.15
10,20,4,30,TRUE,TRUE,0.25,1.5,1.25,0.5,6,4,3,5,2,1,2,514.9,4.34,62,1.497,0.094
10,30,4,20,TRUE,TRUE,0.25,1,1,0.5,6,5,3,7,2,1,2,603.67,4.34,73,1.497,0.231
10,30,4,20,TRUE,TRUE,0.25,1,1,0.5,6,5,3,8,2,1,2,603.67,4.34,73,1.497,0.231
10,30,4,20,TRUE,TRUE,0.25,1.5,1.5,0.5,6,7,3,6,2,1,2,615.19,4.34,71,1.497,0.234
10,30,4,30,TRUE,TRUE,0.25,1.25,1,0.5,6,6,3,6,2,1,2,553.29,4.34,67,1.497,0.153
10,40,4,20,TRUE,TRUE,0.25,1,1.25,0.5,6,7,3,6,2,1,2,571.7,4.34,72,1.497,0.179
10,40,4,20,TRUE,TRUE,0.25,1,1.5,0.5,6,7,3,6,2,1,2,571.7,4.34,72,1.497,0.179
10,40,4,20,TRUE,TRUE,0.25,1.5,1.5,0.5,6,6,3,6,2,1,2,539.16,4.34,65,1.497,0.134
10,40,4,20,FALSE,TRUE,0.25,1,1,0.5,6,5,3,7,2,1,2,1146.19,4.34,72,3,0.616
10,40,4,20,FALSE,TRUE,0.25,1,1,0.5,6,5,3,8,2,1,2,1146.19,4.34,72,3,0.616
10,40,4,20,FALSE,TRUE,0.25,1,1.25,0.5,6,5,3,7,2,1,2,1144.56,4.34,72,3,0.615
10,40,4,20,FALSE,TRUE,0.25,1,1.25,0.5,6,5,3,8,2,1,2,1144.56,4.34,72,3,0.615
10,40,4,20,FALSE,TRUE,0.25,1,1.5,0.5,6,5,3,7,2,1,2,1144.56,4.34,72,3,0.615
10,40,4,20,FALSE,TRUE,0.25,1,1.5,0.5,6,5,3,8,2,1,2,1144.56,4.34,72,3,0.615
10,40,4,30,TRUE,TRUE,0.25,1.5,1.25,0.5,6,5,3,6,2,1,2,535.03,4.34,63,1.497,0.125
10,20,5,20,TRUE,TRUE,0.25,1.5,1.25,0.5,6,6,3,7,2,1,2,557.65,4.34,63,1.497,0.16
10,20,5,20,TRUE,TRUE,0.25,1.5,1.25,0.5,6,6,3,8,2,1,2,557.65,4.34,63,1.497,0.16
10,20,5,20,FALSE,TRUE,0.25,1,1.25,0.5,6,7,3,6,2,1,2,1126,4.34,68,3,0.578
10,20,5,20,FALSE,TRUE,0.25,1,1.5,0.5,6,7,3,6,2,1,2,1126,4.34,68,3,0.578
10,20,5,20,FALSE,TRUE,0.25,1.25,1.25,0.5,6,5,3,5,2,1,2,993.47,4.34,59,3,0.511
10,20,5,20,FALSE,TRUE,0.25,1.5,1.25,0.5,6,7,3,7,2,1,2,1205.88,4.34,68,3,0.615
10,20,5,20,FALSE,TRUE,0.25,1.5,1.25,0.5,6,7,3,8,2,1,2,1205.88,4.34,68,3,0.615
10,20,5,30,FALSE,TRUE,0.25,1,1.25,0.5,6,7,3,6,2,1,2,1126,4.34,68,3,0.578
10,20,5,30,FALSE,TRUE,0.25,1,1.5,0.5,6,7,3,6,2,1,2,1126,4.34,68,3,0.578
10,20,5,30,FALSE,TRUE,0.25,1.25,1.25,0.5,6,5,3,5,2,1,2,993.47,4.34,59,3,0.511
10,20,5,30,FALSE,TRUE,0.25,1.5,1.25,0.5,6,7,3,7,2,1,2,1205.88,4.34,68,3,0.615
10,20,5,30,FALSE,TRUE,0.25,1.5,1.25,0.5,6,7,3,8,2,1,2,1205.88,4.34,68,3,0.615
10,30,5,20,TRUE,TRUE,0.25,1.25,1.25,0.5,6,7,3,5,2,1,2,575.24,4.34,64,1.497,0.177
10,30,5,20,TRUE,TRUE,0.25,1.5,1,0.5,6,4,3,7,2,1,2,579.85,4.34,62,1.497,0.186
10,30,5,20,TRUE,TRUE,0.25,1.5,1,0.5,6,4,3,8,2,1,2,579.85,4.34,62,1.497,0.186
10,30,5,20,FALSE,TRUE,0.25,1,1.25,0.5,6,7,3,6,2,1,2,1126,4.34,68,3,0.578
10,30,5,20,FALSE,TRUE,0.25,1,1.5,0.5,6,7,3,6,2,1,2,1126,4.34,68,3,0.578
10,30,5,20,FALSE,TRUE,0.25,1.25,1.25,0.5,6,5,3,5,2,1,2,993.47,4.34,59,3,0.511
10,30,5,20,FALSE,TRUE,0.25,1.5,1.25,0.5,6,7,3,7,2,1,2,1205.88,4.34,68,3,0.615
10,30,5,20,FALSE,TRUE,0.25,1.5,1.25,0.5,6,7,3,8,2,1,2,1205.88,4.34,68,3,0.615
10,30,5,30,TRUE,TRUE,0.25,1.25,1.5,0.5,6,4,3,5,2,1,2,541.15,4.34,57,1.497,0.121
10,30,5,30,TRUE,TRUE,0.25,1.5,1,0.5,6,6,3,6,2,1,2,554.65,4.34,61,1.497,0.146
10,30,5,30,FALSE,TRUE,0.25,1,1.25,0.5,6,7,3,6,2,1,2,1126,4.34,68,3,0.578
10,30,5,30,FALSE,TRUE,0.25,1,1.5,0.5,6,7,3,6,2,1,2,1126,4.34,68,3,0.578
10,30,5,30,FALSE,TRUE,0.25,1.25,1.25,0.5,6,5,3,5,2,1,2,993.47,4.34,59,3,0.511
10,30,5,30,FALSE,TRUE,0.25,1.5,1.25,0.5,6,7,3,7,2,1,2,1205.88,4.34,68,3,0.615
10,30,5,30,FALSE,TRUE,0.25,1.5,1.25,0.5,6,7,3,8,2,1,2,1205.88,4.34,68,3,0.615
10,40,5,20,FALSE,TRUE,0.25,1.25,1.25,0.5,6,4,3,5,2,1,2,983.3,4.34,56,3,0.498
10,40,5,30,TRUE,TRUE,0.25,1,1.25,0.5,6,5,3,6,2,1,2,570.83,4.34,62,1.497,0.165
10,40,5,30,TRUE,TRUE,0.25,1,1.5,0.5,6,5,3,6,2,1,2,570.83,4.34,62,1.497,0.165
10,40,5,30,TRUE,TRUE,0.25,1.25,1.25,0.5,6,7,3,5,2,1,2,574.62,4.34,63,1.497,0.175
10,40,5,30,FALSE,TRUE,0.25,1.25,1.25,0.5,6,4,3,5,2,1,2,983.3,4.34,56,3,0.498
10,20,6,30,TRUE,TRUE,0.25,1.5,1.25,0.5,6,6,3,5,2,1,2,454.78,4.34,47,1.497,-0.029
10,30,6,20,TRUE,TRUE,0.25,1.5,1.25,0.5,6,4,3,5,2,1,2,453.91,4.34,45,1.497,-0.033
10,40,6,20,TRUE,TRUE,0.25,1.5,1.5,0.5,6,6,3,5,2,1,2,453.34,4.34,47,1.497,-0.034
10,40,6,30,TRUE,TRUE,0.25,1.5,1.25,0.5,6,4,3,5,2,1,2,450.64,4.34,44,1.497,-0.041
15,20,4,20,TRUE,TRUE,0.25,1.25,1.5,0.5,6,5,3,5,2,1,2,530.66,4.34,66,1.297,0.123
15,20,4,20,TRUE,TRUE,0.25,1.5,1,0.5,6,7,3,7,2,1,2,610.58,4.34,73,1.297,0.23
15,20,4,20,TRUE,TRUE,0.25,1.5,1,0.5,6,7,3,8,2,1,2,610.58,4.34,73,1.297,0.23
15,30,4,20,TRUE,TRUE,0.25,1,1,0.5,6,4,3,5,2,1,2,571.93,4.34,70,1.297,0.178
15,30,4,20,TRUE,TRUE,0.25,1,1.25,0.5,6,4,3,5,2,1,2,571.93,4.34,70,1.297,0.178
15,30,4,20,TRUE,TRUE,0.25,1,1.5,0.5,6,4,3,5,2,1,2,571.93,4.34,70,1.297,0.178
15,30,4,30,TRUE,TRUE,0.25,1.25,1,0.5,6,4,3,5,2,1,2,549.15,4.34,65,1.297,0.145
15,30,4,30,TRUE,TRUE,0.25,1.25,1,0.5,6,7,3,7,2,1,2,585.13,4.34,72,1.297,0.201
15,30,4,30,TRUE,TRUE,0.25,1.25,1,0.5,6,7,3,8,2,1,2,585.13,4.34,72,1.297,0.201
15,40,4,20,TRUE,TRUE,0.25,1.5,1.5,0.5,6,4,3,5,2,1,2,542.46,4.34,63,1.297,0.135
15,40,4,20,TRUE,TRUE,0.25,1.5,1.5,0.5,6,7,3,6,2,1,2,618.91,4.34,70,1.297,0.237
15,40,4,30,TRUE,TRUE,0.25,1.25,1.5,0.5,6,4,3,5,2,1,2,541.12,4.34,62,1.297,0.133
15,40,4,30,FALSE,TRUE,0.25,1,1,0.5,6,6,3,5,2,1,2,1077.75,4.34,68,3,0.571
15,40,4,30,FALSE,TRUE,0.25,1,1.25,0.5,6,6,3,5,2,1,2,1077.75,4.34,68,3,0.571
15,40,4,30,FALSE,TRUE,0.25,1,1.5,0.5,6,6,3,5,2,1,2,1077.75,4.34,68,3,0.571
15,20,5,20,FALSE,TRUE,0.25,1.25,1.25,0.5,6,7,3,5,2,1,2,1067.17,4.34,63,3,0.541
15,20,5,30,FALSE,TRUE,0.25,1.25,1.25,0.5,6,7,3,5,2,1,2,1067.17,4.34,63,3,0.541
15,30,5,20,TRUE,TRUE,0.25,1,1,0.5,6,4,3,5,2,1,2,562.48,4.34,61,1.297,0.148
15,30,5,20,TRUE,TRUE,0.25,1,1,0.5,6,5,3,7,2,1,2,577.21,4.34,65,1.297,0.176
15,30,5,20,TRUE,TRUE,0.25,1,1,0.5,6,5,3,8,2,1,2,577.21,4.34,65,1.297,0.176
15,30,5,20,TRUE,TRUE,0.25,1,1.25,0.5,6,4,3,5,2,1,2,562.48,4.34,61,1.297,0.148
15,30,5,20,TRUE,TRUE,0.25,1,1.25,0.5,6,5,3,7,2,1,2,577.21,4.34,65,1.297,0.176
15,30,5,20,TRUE,TRUE,0.25,1,1.25,0.5,6,5,3,8,2,1,2,577.21,4.34,65,1.297,0.176
15,30,5,20,TRUE,TRUE,0.25,1,1.5,0.5,6,4,3,5,2,1,2,562.48,4.34,61,1.297,0.148
15,30,5,20,TRUE,TRUE,0.25,1,1.5,0.5,6,5,3,7,2,1,2,577.21,4.34,65,1.297,0.176
15,30,5,20,TRUE,TRUE,0.25,1,1.5,0.5,6,5,3,8,2,1,2,577.21,4.34,65,1.297,0.176
15,30,5,20,TRUE,TRUE,0.25,1.25,1.5,0.5,6,6,3,5,2,1,2,544.01,4.34,59,1.297,0.127
15,30,5,20,FALSE,TRUE,0.25,1.25,1.25,0.5,6,7,3,5,2,1,2,1067.17,4.34,63,3,0.541
15,30,5,30,TRUE,TRUE,0.25,1,1,0.5,6,7,3,7,2,1,2,609.18,4.34,69,1.297,0.222
15,30,5,30,TRUE,TRUE,0.25,1,1,0.5,6,7,3,8,2,1,2,609.18,4.34,69,1.297,0.222
15,30,5,30,TRUE,TRUE,0.25,1,1.25,0.5,6,7,3,7,2,1,2,609.18,4.34,69,1.297,0.222
15,30,5,30,TRUE,TRUE,0.25,1,1.25,0.5,6,7,3,8,2,1,2,609.18,4.34,69,1.297,0.222
15,30,5,30,TRUE,TRUE,0.25,1,1.5,0.5,6,7,3,7,2,1,2,609.18,4.34,69,1.297,0.222
15,30,5,30,TRUE,TRUE,0.25,1,1.5,0.5,6,7,3,8,2,1,2,609.18,4.34,69,1.297,0.222
15,30,5,30,TRUE,TRUE,0.25,1.25,1,0.5,6,6,3,5,2,1,2,552.61,4.34,61,1.297,0.137
15,30,5,30,TRUE,TRUE,0.25,1.5,1.25,0.5,6,4,3,5,2,1,2,543.65,4.34,56,1.297,0.125
15,30,5,30,FALSE,TRUE,0.25,1.25,1.25,0.5,6,7,3,5,2,1,2,1067.17,4.34,63,3,0.541
15,40,5,20,TRUE,TRUE,0.25,1,1,0.5,6,6,3,7,2,1,2,579.97,4.34,65,1.297,0.181
15,40,5,20,TRUE,TRUE,0.25,1,1,0.5,6,6,3,8,2,1,2,579.97,4.34,65,1.297,0.181
15,40,5,20,TRUE,TRUE,0.25,1,1.25,0.5,6,6,3,7,2,1,2,579.97,4.34,65,1.297,0.181
15,40,5,20,TRUE,TRUE,0.25,1,1.25,0.5,6,6,3,8,2,1,2,579.97,4.34,65,1.297,0.181
15,40,5,20,TRUE,TRUE,0.25,1,1.5,0.5,6,6,3,7,2,1,2,579.97,4.34,65,1.297,0.181
15,40,5,20,TRUE,TRUE,0.25,1,1.5,0.5,6,6,3,8,2,1,2,579.97,4.34,65,1.297,0.181
15,20,6,20,TRUE,TRUE,0.25,1,1.25,0.5,6,4,3,6,2,1,2,474.33,4.34,47,1.297,0.005
15,20,6,20,TRUE,TRUE,0.25,1,1.5,0.5,6,4,3,6,2,1,2,474.33,4.34,47,1.297,0.005
15,20,6,20,TRUE,TRUE,0.25,1.25,1,0.5,6,6,3,7,2,1,2,465.24,4.34,49,1.297,-0.009
15,20,6,20,TRUE,TRUE,0.25,1.25,1,0.5,6,6,3,8,2,1,2,465.24,4.34,49,1.297,-0.009
15,20,6,30,TRUE,TRUE,0.25,1,1,0.5,6,7,3,7,2,1,2,485.07,4.34,51,1.297,0.03
15,20,6,30,TRUE,TRUE,0.25,1,1,0.5,6,7,3,8,2,1,2,485.07,4.34,51,1.297,0.03
15,20,6,30,TRUE,TRUE,0.25,1,1.25,0.5,6,7,3,7,2,1,2,485.07,4.34,51,1.297,0.03
15,20,6,30,TRUE,TRUE,0.25,1,1.25,0.5,6,7,3,8,2,1,2,485.07,4.34,51,1.297,0.03
15,20,6,30,TRUE,TRUE,0.25,1,1.5,0.5,6,7,3,7,2,1,2,485.07,4.34,51,1.297,0.03
15,20,6,30,TRUE,TRUE,0.25,1,1.5,0.5,6,7,3,8,2,1,2,485.07,4.34,51,1.297,0.03
15,20,6,30,TRUE,TRUE,0.25,1.5,1,0.5,6,6,3,7,2,1,2,462.47,4.34,47,1.297,-0.013
15,20,6,30,TRUE,TRUE,0.25,1.5,1,0.5,6,6,3,8,2,1,2,462.47,4.34,47,1.297,-0.013
15,20,6,30,TRUE,TRUE,0.25,1.5,1.25,0.5,6,6,3,6,2,1,2,456.16,4.34,45,1.297,-0.024
15,30,6,20,TRUE,TRUE,0.25,1.5,1.25,0.5,6,4,3,6,2,1,2,454.94,4.34,43,1.297,-0.03
15,30,6,30,TRUE,TRUE,0.25,1.25,1,0.5,6,4,3,5,2,1,2,451,4.34,43,1.297,-0.042
15,30,6,30,TRUE,TRUE,0.25,1.25,1.25,0.5,6,4,3,5,2,1,2,450.64,4.34,43,1.297,-0.043
15,30,6,30,TRUE,TRUE,0.25,1.25,1.5,0.5,6,4,3,5,2,1,2,450.64,4.34,43,1.297,-0.043
15,40,6,20,TRUE,TRUE,0.25,1,1.25,0.5,6,7,3,6,2,1,2,483.31,4.34,50,1.297,0.024
15,40,6,20,TRUE,TRUE,0.25,1,1.5,0.5,6,7,3,6,2,1,2,483.31,4.34,50,1.297,0.024
15,40,6,20,TRUE,TRUE,0.25,1.5,1.5,0.5,6,4,3,7,2,1,2,456.3,4.34,44,1.297,-0.028
15,40,6,20,TRUE,TRUE,0.25,1.5,1.5,0.5,6,4,3,8,2,1,2,456.3,4.34,44,1.297,-0.028
15,40,6,30,TRUE,TRUE,0.25,1,1,0.5,6,6,3,7,2,1,2,485.3,4.34,49,1.297,0.029
15,40,6,30,TRUE,TRUE,0.25,1,1,0.5,6,6,3,8,2,1,2,485.3,4.34,49,1.297,0.029
15,40,6,30,TRUE,TRUE,0.25,1,1.25,0.5,6,6,3,7,2,1,2,485.3,4.34,49,1.297,0.029
15,40,6,30,TRUE,TRUE,0.25,1,1.25,0.5,6,6,3,8,2,1,2,485.3,4.34,49,1.297,0.029
15,40,6,30,TRUE,TRUE,0.25,1,1.5,0.5,6,6,3,7,2,1,2,485.3,4.34,49,1.297,0.029
15,40,6,30,TRUE,TRUE,0.25,1,1.5,0.5,6,6,3,8,2,1,2,485.3,4.34,49,1.297,0.029
10,20,4,20,TRUE,TRUE,0.25,1.25,1.5,0.5,6,7,3,5,2,1,2,551.46,4.33,69,1.497,0.156
10,20,4,20,TRUE,TRUE,0.25,1.5,1.5,0.5,6,7,3,7,2,1,2,628.42,4.33,74,1.497,0.258
10,20,4,20,TRUE,TRUE,0.25,1.5,1.5,0.5,6,7,3,8,2,1,2,628.42,4.33,74,1.497,0.258
10,20,4,30,TRUE,TRUE,0.25,1.25,1,0.5,6,6,3,6,2,1,2,533.49,4.33,67,1.497,0.125
10,20,4,30,FALSE,TRUE,0.25,1.25,1,0.5,6,4,3,5,2,1,2,1028.7,4.33,64,3,0.543
10,20,4,30,FALSE,TRUE,0.25,1.5,1.5,0.5,6,4,3,5,2,1,2,1004.41,4.33,61,3,0.535
10,30,4,20,TRUE,TRUE,0.25,1,1.25,0.5,6,5,3,7,2,1,2,602.87,4.33,73,1.497,0.23
10,30,4,20,TRUE,TRUE,0.25,1,1.25,0.5,6,5,3,8,2,1,2,602.87,4.33,73,1.497,0.23
10,30,4,20,TRUE,TRUE,0.25,1,1.5,0.5,6,5,3,7,2,1,2,602.87,4.33,73,1.497,0.23
10,30,4,20,TRUE,TRUE,0.25,1,1.5,0.5,6,5,3,8,2,1,2,602.87,4.33,73,1.497,0.23
10,30,4,30,TRUE,TRUE,0.25,1.25,1.25,0.5,6,5,3,5,2,1,2,539.08,4.33,64,1.497,0.132
10,30,4,30,FALSE,TRUE,0.25,1.25,1,0.5,6,4,3,5,2,1,2,1028.7,4.33,64,3,0.543
10,30,4,30,FALSE,TRUE,0.25,1.5,1.5,0.5,6,4,3,5,2,1,2,1004.41,4.33,61,3,0.535
10,40,4,30,TRUE,TRUE,0.25,1.5,1.25,0.5,6,4,3,7,2,1,2,567.73,4.33,66,1.497,0.177
10,40,4,30,TRUE,TRUE,0.25,1.5,1.25,0.5,6,4,3,8,2,1,2,567.73,4.33,66,1.497,0.177
10,40,4,30,FALSE,TRUE,0.25,1.25,1,0.5,6,7,3,7,2,1,2,1171.95,4.33,73,3,0.615
10,40,4,30,FALSE,TRUE,0.25,1.25,1,0.5,6,7,3,8,2,1,2,1171.95,4.33,73,3,0.615
10,20,5,20,FALSE,TRUE,0.25,1.5,1.25,0.5,6,5,3,7,2,1,2,1069.39,4.33,62,3,0.563
10,20,5,20,FALSE,TRUE,0.25,1.5,1.25,0.5,6,5,3,8,2,1,2,1069.39,4.33,62,3,0.563
10,20,5,30,TRUE,TRUE,0.25,1.25,1.5,0.5,6,4,3,5,2,1,2,516.65,4.33,57,1.497,0.086
10,20,5,30,FALSE,TRUE,0.25,1.5,1.25,0.5,6,5,3,7,2,1,2,1069.39,4.33,62,3,0.563
10,20,5,30,FALSE,TRUE,0.25,1.5,1.25,0.5,6,5,3,8,2,1,2,1069.39,4.33,62,3,0.563
10,30,5,20,TRUE,TRUE,0.25,1,1,0.5,6,5,3,6,2,1,2,568.98,4.33,63,1.497,0.163
10,30,5,20,TRUE,TRUE,0.25,1.25,1.25,0.5,6,4,3,5,2,1,2,539.64,4.33,58,1.497,0.119
10,30,5,20,FALSE,TRUE,0.25,1.5,1.25,0.5,6,5,3,7,2,1,2,1069.39,4.33,62,3,0.563
10,30,5,20,FALSE,TRUE,0.25,1.5,1.25,0.5,6,5,3,8,2,1,2,1069.39,4.33,62,3,0.563
10,30,5,30,TRUE,TRUE,0.25,1,1,0.5,6,7,3,6,2,1,2,600.96,4.33,67,1.497,0.21
10,30,5,30,TRUE,TRUE,0.25,1.25,1,0.5,6,5,3,7,2,1,2,595.23,4.33,66,1.497,0.208
10,30,5,30,TRUE,TRUE,0.25,1.25,1,0.5,6,5,3,8,2,1,2,595.23,4.33,66,1.497,0.208
10,30,5,30,FALSE,TRUE,0.25,1.5,1.25,0.5,6,5,3,7,2,1,2,1069.39,4.33,62,3,0.563
10,30,5,30,FALSE,TRUE,0.25,1.5,1.25,0.5,6,5,3,8,2,1,2,1069.39,4.33,62,3,0.563
10,40,5,20,FALSE,TRUE,0.25,1.5,1.25,0.5,6,6,3,6,2,1,2,1003.24,4.33,59,3,0.521
10,40,5,30,TRUE,TRUE,0.25,1,1.25,0.5,6,6,3,6,2,1,2,575.83,4.33,64,1.497,0.176
10,40,5,30,TRUE,TRUE,0.25,1,1.5,0.5,6,6,3,6,2,1,2,575.83,4.33,64,1.497,0.176
10,40,5,30,FALSE,TRUE,0.25,1.5,1.25,0.5,6,6,3,6,2,1,2,1003.24,4.33,59,3,0.521
10,20,6,30,TRUE,TRUE,0.25,1.5,1,0.5,6,6,3,5,2,1,2,458.48,4.33,48,1.497,-0.025
10,20,6,30,TRUE,TRUE,0.25,1.5,1.5,0.5,6,6,3,5,2,1,2,452.98,4.33,47,1.497,-0.034
10,30,6,20,TRUE,TRUE,0.25,1.5,1.5,0.5,6,4,3,5,2,1,2,452.11,4.33,45,1.497,-0.038
10,40,6,30,TRUE,TRUE,0.25,1.5,1.5,0.5,6,4,3,5,2,1,2,448.84,4.33,44,1.497,-0.045
15,20,4,20,TRUE,TRUE,0.25,1.5,1,0.5,6,7,3,6,2,1,2,607.15,4.33,72,1.297,0.224
15,20,4,20,FALSE,TRUE,0.25,1.25,1,0.5,6,6,3,5,2,1,2,1056.32,4.33,69,3,0.561
15,20,4,30,TRUE,TRUE,0.25,1.25,1.5,0.5,6,6,3,5,2,1,2,526.43,4.33,65,1.297,0.115
15,30,4,20,FALSE,TRUE,0.25,1.25,1,0.5,6,6,3,5,2,1,2,1056.32,4.33,69,3,0.561
15,30,4,30,TRUE,TRUE,0.25,1.5,1.5,0.5,6,7,3,7,2,1,2,618.47,4.33,70,1.297,0.237
15,30,4,30,TRUE,TRUE,0.25,1.5,1.5,0.5,6,7,3,8,2,1,2,618.47,4.33,70,1.297,0.237
15,40,4,20,TRUE,TRUE,0.25,1.25,1,0.5,6,5,3,6,2,1,2,560.49,4.33,68,1.297,0.164
15,40,4,20,FALSE,TRUE,0.25,1.25,1.5,0.5,6,4,3,5,2,1,2,1028.14,4.33,64,3,0.543
15,20,5,20,TRUE,TRUE,0.25,1.25,1,0.5,6,6,3,5,2,1,2,527.42,4.33,61,1.297,0.102
15,30,5,20,TRUE,TRUE,0.25,1.25,1,0.5,6,5,3,7,2,1,2,563.33,4.33,64,1.297,0.156
15,30,5,20,TRUE,TRUE,0.25,1.25,1,0.5,6,5,3,8,2,1,2,563.33,4.33,64,1.297,0.156
15,40,5,20,TRUE,TRUE,0.25,1.5,1.5,0.5,6,6,3,7,2,1,2,551.03,4.33,59,1.297,0.141
15,40,5,20,TRUE,TRUE,0.25,1.5,1.5,0.5,6,6,3,8,2,1,2,551.03,4.33,59,1.297,0.141
15,40,5,30,TRUE,TRUE,0.25,1.5,1,0.5,6,4,3,5,2,1,2,543.55,4.33,56,1.297,0.123
15,20,6,30,TRUE,TRUE,0.25,1.25,1.25,0.5,6,6,3,5,2,1,2,449.77,4.33,45,1.297,-0.041
15,20,6,30,TRUE,TRUE,0.25,1.25,1.5,0.5,6,6,3,5,2,1,2,449.77,4.33,45,1.297,-0.041
15,30,6,20,TRUE,TRUE,0.25,1.5,1.5,0.5,6,4,3,6,2,1,2,453.14,4.33,43,1.297,-0.035
15,30,6,30,TRUE,TRUE,0.25,1,1.25,0.5,6,6,3,6,2,1,2,482.14,4.33,48,1.297,0.022
15,30,6,30,TRUE,TRUE,0.25,1,1.5,0.5,6,6,3,6,2,1,2,482.14,4.33,48,1.297,0.022
15,30,6,30,TRUE,TRUE,0.25,1.5,1.25,0.5,6,4,3,7,2,1,2,459.15,4.33,44,1.297,-0.021
15,30,6,30,TRUE,TRUE,0.25,1.5,1.25,0.5,6,4,3,8,2,1,2,459.15,4.33,44,1.297,-0.021
15,40,6,20,TRUE,TRUE,0.25,1.5,1.25,0.5,6,4,3,6,2,1,2,454.34,4.33,43,1.297,-0.032
10,20,4,20,TRUE,TRUE,0.25,1.25,1.5,0.5,6,6,3,5,2,1,2,525.44,4.32,66,1.497,0.115
10,20,4,30,TRUE,TRUE,0.25,1.25,1.25,0.5,6,5,3,5,2,1,2,519.27,4.32,64,1.497,0.103
10,20,4,30,FALSE,TRUE,0.25,1,1,0.5,6,7,3,5,2,1,2,1078.24,4.32,70,3,0.573
10,20,4,30,FALSE,TRUE,0.25,1,1.25,0.5,6,7,3,5,2,1,2,1076.61,4.32,70,3,0.572
10,20,4,30,FALSE,TRUE,0.25,1,1.5,0.5,6,7,3,5,2,1,2,1076.61,4.32,70,3,0.572
10,20,4,30,FALSE,TRUE,0.25,1.5,1,0.5,6,4,3,5,2,1,2,1014.33,4.32,62,3,0.538
10,30,4,30,TRUE,TRUE,0.25,1.25,1,0.5,6,5,3,6,2,1,2,550.49,4.32,66,1.497,0.148
10,30,4,30,FALSE,TRUE,0.25,1,1,0.5,6,7,3,5,2,1,2,1078.24,4.32,70,3,0.573
10,30,4,30,FALSE,TRUE,0.25,1,1.25,0.5,6,7,3,5,2,1,2,1076.61,4.32,70,3,0.572
10,30,4,30,FALSE,TRUE,0.25,1,1.5,0.5,6,7,3,5,2,1,2,1076.61,4.32,70,3,0.572
10,30,4,30,FALSE,TRUE,0.25,1.5,1,0.5,6,4,3,5,2,1,2,1014.33,4.32,62,3,0.538
10,40,4,20,TRUE,TRUE,0.25,1.25,1.5,0.5,6,4,3,6,2,1,2,540.53,4.32,64,1.497,0.134
10,40,4,20,TRUE,TRUE,0.25,1.25,1.5,0.5,6,6,3,7,2,1,2,576.21,4.32,69,1.497,0.195
10,40,4,20,TRUE,TRUE,0.25,1.25,1.5,0.5,6,6,3,8,2,1,2,576.21,4.32,69,1.497,0.195
10,40,4,20,FALSE,TRUE,0.25,1,1,0.5,6,5,3,6,2,1,2,1079.16,4.32,69,3,0.576
10,40,4,20,FALSE,TRUE,0.25,1.5,1.25,0.5,6,6,3,5,2,1,2,1021.02,4.32,65,3,0.545
10,20,5,20,TRUE,TRUE,0.25,1,1,0.5,6,6,3,7,2,1,2,584.66,4.32,68,1.497,0.2
10,20,5,20,TRUE,TRUE,0.25,1,1,0.5,6,6,3,8,2,1,2,584.66,4.32,68,1.497,0.2
10,20,5,20,TRUE,TRUE,0.25,1.5,1,0.5,6,6,3,6,2,1,2,527.94,4.32,61,1.497,0.108
10,20,5,30,TRUE,TRUE,0.25,1,1.25,0.5,6,7,3,6,2,1,2,580.89,4.32,68,1.497,0.189
10,20,5,30,TRUE,TRUE,0.25,1,1.5,0.5,6,7,3,6,2,1,2,580.89,4.32,68,1.497,0.189
10,20,5,30,TRUE,TRUE,0.25,1.25,1.5,0.5,6,7,3,5,2,1,2,551.93,4.32,63,1.497,0.147
10,20,5,30,TRUE,TRUE,0.25,1.5,1,0.5,6,6,3,7,2,1,2,562.66,4.32,64,1.497,0.167
10,20,5,30,TRUE,TRUE,0.25,1.5,1,0.5,6,6,3,8,2,1,2,562.66,4.32,64,1.497,0.167
10,30,5,20,TRUE,TRUE,0.25,1.25,1.5,0.5,6,5,3,7,2,1,2,584.52,4.32,64,1.497,0.196
10,30,5,20,TRUE,TRUE,0.25,1.25,1.5,0.5,6,5,3,8,2,1,2,584.52,4.32,64,1.497,0.196
10,30,5,30,TRUE,TRUE,0.25,1,1,0.5,6,5,3,7,2,1,2,608.32,4.32,67,1.497,0.226
10,30,5,30,TRUE,TRUE,0.25,1,1,0.5,6,5,3,8,2,1,2,608.32,4.32,67,1.497,0.226
10,30,5,30,TRUE,TRUE,0.25,1.25,1.25,0.5,6,5,3,5,2,1,2,543.07,4.32,59,1.497,0.126
10,30,5,30,TRUE,TRUE,0.25,1.5,1.25,0.5,6,6,3,6,2,1,2,549.72,4.32,60,1.497,0.14
10,40,5,20,FALSE,TRUE,0.25,1.25,1,0.5,6,5,3,7,2,1,2,1085.89,4.32,64,3,0.564
10,40,5,20,FALSE,TRUE,0.25,1.25,1,0.5,6,5,3,8,2,1,2,1085.89,4.32,64,3,0.564
10,40,5,20,FALSE,TRUE,0.25,1.25,1.25,0.5,6,7,3,5,2,1,2,1065.78,4.32,63,3,0.545
10,40,5,20,FALSE,TRUE,0.25,1.5,1,0.5,6,4,3,6,2,1,2,995.15,4.32,57,3,0.506
10,40,5,30,TRUE,TRUE,0.25,1.25,1,0.5,6,5,3,6,2,1,2,552.15,4.32,60,1.497,0.137
10,40,5,30,FALSE,TRUE,0.25,1.25,1,0.5,6,5,3,7,2,1,2,1085.89,4.32,64,3,0.564
10,40,5,30,FALSE,TRUE,0.25,1.25,1,0.5,6,5,3,8,2,1,2,1085.89,4.32,64,3,0.564
10,40,5,30,FALSE,TRUE,0.25,1.25,1.25,0.5,6,7,3,5,2,1,2,1065.78,4.32,63,3,0.545
10,40,5,30,FALSE,TRUE,0.25,1.5,1,0.5,6,4,3,6,2,1,2,995.15,4.32,57,3,0.506
10,20,6,20,FALSE,TRUE,0.25,1.5,1,0.5,6,5,3,5,2,1,2,770.99,4.32,47,3,0.366
10,20,6,30,FALSE,TRUE,0.25,1.5,1,0.5,6,5,3,5,2,1,2,770.99,4.32,47,3,0.366
10,30,6,20,FALSE,TRUE,0.25,1.5,1,0.5,6,5,3,5,2,1,2,770.99,4.32,47,3,0.366
10,30,6,30,FALSE,TRUE,0.25,1.5,1,0.5,6,5,3,5,2,1,2,770.99,4.32,47,3,0.366
15,30,4,30,TRUE,TRUE,0.25,1.25,1,0.5,6,7,3,6,2,1,2,581.39,4.32,71,1.297,0.194
15,40,4,20,TRUE,TRUE,0.25,1.25,1.5,0.5,6,6,3,5,2,1,2,549.19,4.32,66,1.297,0.149
15,40,4,30,TRUE,TRUE,0.25,1.25,1,0.5,6,5,3,7,2,1,2,559.46,4.32,68,1.297,0.163
15,40,4,30,TRUE,TRUE,0.25,1.25,1,0.5,6,5,3,8,2,1,2,559.46,4.32,68,1.297,0.163
15,40,4,30,TRUE,TRUE,0.25,1.25,1,0.5,6,6,3,7,2,1,2,559.46,4.32,68,1.297,0.163
15,40,4,30,TRUE,TRUE,0.25,1.25,1,0.5,6,6,3,8,2,1,2,559.46,4.32,68,1.297,0.163
15,40,4,30,FALSE,TRUE,0.25,1,1,0.5,6,5,3,5,2,1,2,1071.05,4.32,67,3,0.567
15,40,4,30,FALSE,TRUE,0.25,1,1.25,0.5,6,5,3,5,2,1,2,1071.05,4.32,67,3,0.567
15,40,4,30,FALSE,TRUE,0.25,1,1.5,0.5,6,5,3,5,2,1,2,1071.05,4.32,67,3,0.567
15,40,4,30,FALSE,TRUE,0.25,1.25,1.5,0.5,6,5,3,5,2,1,2,1019.35,4.32,63,3,0.541
15,20,5,20,FALSE,TRUE,0.25,1.5,1.25,0.5,6,5,3,5,2,1,2,993.78,4.32,57,3,0.508
15,20,5,30,FALSE,TRUE,0.25,1.5,1.25,0.5,6,5,3,5,2,1,2,993.78,4.32,57,3,0.508
15,30,5,20,TRUE,TRUE,0.25,1,1.25,0.5,6,5,3,6,2,1,2,573.61,4.32,64,1.297,0.169
15,30,5,20,TRUE,TRUE,0.25,1,1.5,0.5,6,5,3,6,2,1,2,573.61,4.32,64,1.297,0.169
15,30,5,20,TRUE,TRUE,0.25,1.5,1.5,0.5,6,5,3,7,2,1,2,550.33,4.32,59,1.297,0.14
15,30,5,20,TRUE,TRUE,0.25,1.5,1.5,0.5,6,5,3,8,2,1,2,550.33,4.32,59,1.297,0.14
15,30,5,20,FALSE,TRUE,0.25,1.5,1.25,0.5,6,5,3,5,2,1,2,993.78,4.32,57,3,0.508
15,30,5,30,TRUE,TRUE,0.25,1,1.25,0.5,6,7,3,6,2,1,2,605.44,4.32,68,1.297,0.215
15,30,5,30,TRUE,TRUE,0.25,1,1.5,0.5,6,7,3,6,2,1,2,605.44,4.32,68,1.297,0.215
15,30,5,30,FALSE,TRUE,0.25,1.5,1.25,0.5,6,5,3,5,2,1,2,993.78,4.32,57,3,0.508
15,40,5,20,TRUE,TRUE,0.25,1,1,0.5,6,5,3,6,2,1,2,569.36,4.32,62,1.297,0.161
15,40,5,20,TRUE,TRUE,0.25,1.25,1,0.5,6,5,3,6,2,1,2,555.48,4.32,61,1.297,0.142
15,40,5,20,FALSE,TRUE,0.25,1,1,0.5,6,4,3,5,2,1,2,1031.74,4.32,60,3,0.518
15,40,5,20,FALSE,TRUE,0.25,1,1.25,0.5,6,4,3,5,2,1,2,1031.74,4.32,60,3,0.518
15,40,5,20,FALSE,TRUE,0.25,1,1.5,0.5,6,4,3,5,2,1,2,1031.74,4.32,60,3,0.518
15,40,5,30,TRUE,TRUE,0.25,1.5,1,0.5,6,5,3,7,2,1,2,557.48,4.32,60,1.297,0.148
15,40,5,30,TRUE,TRUE,0.25,1.5,1,0.5,6,5,3,8,2,1,2,557.48,4.32,60,1.297,0.148
15,40,5,30,TRUE,TRUE,0.25,1.5,1.5,0.5,6,4,3,7,2,1,2,549.62,4.32,57,1.297,0.136
15,40,5,30,TRUE,TRUE,0.25,1.5,1.5,0.5,6,4,3,8,2,1,2,549.62,4.32,57,1.297,0.136
15,40,5,30,FALSE,TRUE,0.25,1,1,0.5,6,4,3,5,2,1,2,1031.74,4.32,60,3,0.518
15,40,5,30,FALSE,TRUE,0.25,1,1.25,0.5,6,4,3,5,2,1,2,1031.74,4.32,60,3,0.518
15,40,5,30,FALSE,TRUE,0.25,1,1.5,0.5,6,4,3,5,2,1,2,1031.74,4.32,60,3,0.518
15,20,6,30,TRUE,TRUE,0.25,1,1,0.5,6,6,3,6,2,1,2,473.06,4.32,47,1.297,0.004
15,20,6,30,TRUE,TRUE,0.25,1,1.25,0.5,6,7,3,6,2,1,2,481.63,4.32,50,1.297,0.022
15,20,6,30,TRUE,TRUE,0.25,1,1.5,0.5,6,7,3,6,2,1,2,481.63,4.32,50,1.297,0.022
15,20,6,30,TRUE,TRUE,0.25,1.5,1,0.5,6,6,3,6,2,1,2,459.03,4.32,46,1.297,-0.021
15,20,6,30,TRUE,TRUE,0.25,1.5,1.5,0.5,6,6,3,6,2,1,2,454.36,4.32,45,1.297,-0.028
15,30,6,20,TRUE,TRUE,0.25,1.25,1.25,0.5,6,7,3,5,2,1,2,457.21,4.32,47,1.297,-0.025
15,30,6,20,TRUE,TRUE,0.25,1.25,1.5,0.5,6,7,3,5,2,1,2,457.21,4.32,47,1.297,-0.025
15,30,6,20,TRUE,TRUE,0.25,1.5,1,0.5,6,6,3,7,2,1,2,463.24,4.32,47,1.297,-0.012
15,30,6,20,TRUE,TRUE,0.25,1.5,1,0.5,6,6,3,8,2,1,2,463.24,4.32,47,1.297,-0.012
15,40,6,30,TRUE,TRUE,0.25,1.25,1,0.5,6,4,3,5,2,1,2,450.4,4.32,43,1.297,-0.043
15,40,6,30,TRUE,TRUE,0.25,1.25,1.25,0.5,6,4,3,5,2,1,2,450.04,4.32,43,1.297,-0.044
15,40,6,30,TRUE,TRUE,0.25,1.25,1.5,0.5,6,4,3,5,2,1,2,450.04,4.32,43,1.297,-0.044
10,20,4,20,FALSE,TRUE,0.25,1,1,0.5,6,6,3,5,2,1,2,1078.56,4.31,70,3,0.576
10,20,4,30,TRUE,TRUE,0.25,1.25,1,0.5,6,5,3,6,2,1,2,530.68,4.31,66,1.497,0.12
10,20,4,30,TRUE,TRUE,0.25,1.5,1.25,0.5,6,7,3,6,2,1,2,592.51,4.31,70,1.497,0.205
10,30,4,20,TRUE,TRUE,0.25,1.5,1.5,0.5,6,5,3,7,2,1,2,572.62,4.31,68,1.497,0.189
10,30,4,20,TRUE,TRUE,0.25,1.5,1.5,0.5,6,5,3,8,2,1,2,572.62,4.31,68,1.497,0.189
10,30,4,20,FALSE,TRUE,0.25,1,1,0.5,6,6,3,5,2,1,2,1078.56,4.31,70,3,0.576
10,40,4,20,FALSE,TRUE,0.25,1,1.25,0.5,6,5,3,6,2,1,2,1077.53,4.31,69,3,0.574
10,40,4,20,FALSE,TRUE,0.25,1,1.5,0.5,6,5,3,6,2,1,2,1077.53,4.31,69,3,0.574
10,40,4,20,FALSE,TRUE,0.25,1.25,1.25,0.5,6,6,3,5,2,1,2,1025.25,4.31,66,3,0.551
10,40,4,30,TRUE,TRUE,0.25,1.25,1,0.5,6,4,3,6,2,1,2,542.76,4.31,64,1.497,0.136
10,40,4,30,TRUE,TRUE,0.25,1.25,1.25,0.5,6,5,3,7,2,1,2,572.1,4.31,68,1.497,0.187
10,40,4,30,TRUE,TRUE,0.25,1.25,1.25,0.5,6,5,3,8,2,1,2,572.1,4.31,68,1.497,0.187
10,40,4,30,TRUE,TRUE,0.25,1.25,1.25,0.5,6,6,3,7,2,1,2,572.1,4.31,68,1.497,0.187
10,40,4,30,TRUE,TRUE,0.25,1.25,1.25,0.5,6,6,3,8,2,1,2,572.1,4.31,68,1.497,0.187
10,20,5,20,TRUE,TRUE,0.25,1,1.25,0.5,6,6,3,7,2,1,2,583.86,4.31,68,1.497,0.198
10,20,5,20,TRUE,TRUE,0.25,1,1.25,0.5,6,6,3,8,2,1,2,583.86,4.31,68,1.497,0.198
10,20,5,20,TRUE,TRUE,0.25,1,1.5,0.5,6,6,3,7,2,1,2,583.86,4.31,68,1.497,0.198
10,20,5,20,TRUE,TRUE,0.25,1,1.5,0.5,6,6,3,8,2,1,2,583.86,4.31,68,1.497,0.198
10,20,5,20,FALSE,TRUE,0.25,1,1,0.5,6,7,3,6,2,1,2,1117.41,4.31,67,3,0.571
10,20,5,20,FALSE,TRUE,0.25,1.5,1.25,0.5,6,5,3,6,2,1,2,1002.37,4.31,59,3,0.52
10,20,5,20,FALSE,TRUE,0.25,1.5,1.25,0.5,6,7,3,6,2,1,2,1138.86,4.31,65,3,0.577
10,20,5,30,FALSE,TRUE,0.25,1,1,0.5,6,7,3,6,2,1,2,1117.41,4.31,67,3,0.571
10,20,5,30,FALSE,TRUE,0.25,1.5,1.25,0.5,6,5,3,6,2,1,2,1002.37,4.31,59,3,0.52
10,20,5,30,FALSE,TRUE,0.25,1.5,1.25,0.5,6,7,3,6,2,1,2,1138.86,4.31,65,3,0.577
10,30,5,20,TRUE,TRUE,0.25,1,1.25,0.5,6,6,3,6,2,1,2,575.02,4.31,65,1.497,0.175
10,30,5,20,TRUE,TRUE,0.25,1,1.5,0.5,6,6,3,6,2,1,2,575.02,4.31,65,1.497,0.175
10,30,5,20,FALSE,TRUE,0.25,1,1,0.5,6,7,3,6,2,1,2,1117.41,4.31,67,3,0.571
10,30,5,20,FALSE,TRUE,0.25,1.5,1.25,0.5,6,5,3,6,2,1,2,1002.37,4.31,59,3,0.52
10,30,5,20,FALSE,TRUE,0.25,1.5,1.25,0.5,6,7,3,6,2,1,2,1138.86,4.31,65,3,0.577
10,30,5,30,TRUE,TRUE,0.25,1,1.25,0.5,6,5,3,7,2,1,2,607.53,4.31,67,1.497,0.225
10,30,5,30,TRUE,TRUE,0.25,1,1.25,0.5,6,5,3,8,2,1,2,607.53,4.31,67,1.497,0.225
10,30,5,30,TRUE,TRUE,0.25,1,1.5,0.5,6,5,3,7,2,1,2,607.53,4.31,67,1.497,0.225
10,30,5,30,TRUE,TRUE,0.25,1,1.5,0.5,6,5,3,8,2,1,2,607.53,4.31,67,1.497,0.225
10,30,5,30,FALSE,TRUE,0.25,1,1,0.5,6,7,3,6,2,1,2,1117.41,4.31,67,3,0.571
10,30,5,30,FALSE,TRUE,0.25,1.5,1.25,0.5,6,5,3,6,2,1,2,1002.37,4.31,59,3,0.52
10,30,5,30,FALSE,TRUE,0.25,1.5,1.25,0.5,6,7,3,6,2,1,2,1138.86,4.31,65,3,0.577
10,40,5,20,TRUE,TRUE,0.25,1.25,1,0.5,6,6,3,6,2,1,2,552.64,4.31,62,1.497,0.139
10,40,5,20,TRUE,TRUE,0.25,1.25,1.5,0.5,6,4,3,7,2,1,2,576.89,4.31,61,1.497,0.181
10,40,5,20,TRUE,TRUE,0.25,1.25,1.5,0.5,6,4,3,8,2,1,2,576.89,4.31,61,1.497,0.181
10,40,5,20,FALSE,TRUE,0.25,1,1,0.5,6,5,3,7,2,1,2,1113.88,4.31,65,3,0.58
10,40,5,20,FALSE,TRUE,0.25,1,1,0.5,6,5,3,8,2,1,2,1113.88,4.31,65,3,0.58
10,40,5,20,FALSE,TRUE,0.25,1,1.25,0.5,6,5,3,7,2,1,2,1112.25,4.31,65,3,0.579
10,40,5,20,FALSE,TRUE,0.25,1,1.25,0.5,6,5,3,8,2,1,2,1112.25,4.31,65,3,0.579
10,40,5,20,FALSE,TRUE,0.25,1,1.5,0.5,6,5,3,7,2,1,2,1112.25,4.31,65,3,0.579
10,40,5,20,FALSE,TRUE,0.25,1,1.5,0.5,6,5,3,8,2,1,2,1112.25,4.31,65,3,0.579
10,40,5,30,TRUE,TRUE,0.25,1,1,0.5,6,5,3,6,2,1,2,565.24,4.31,61,1.497,0.156
10,40,5,30,TRUE,TRUE,0.25,1.25,1.5,0.5,6,5,3,7,2,1,2,581.75,4.31,62,1.497,0.19
10,40,5,30,TRUE,TRUE,0.25,1.25,1.5,0.5,6,5,3,8,2,1,2,581.75,4.31,62,1.497,0.19
10,40,5,30,FALSE,TRUE,0.25,1,1,0.5,6,5,3,7,2,1,2,1113.88,4.31,65,3,0.58
10,40,5,30,FALSE,TRUE,0.25,1,1,0.5,6,5,3,8,2,1,2,1113.88,4.31,65,3,0.58
10,40,5,30,FALSE,TRUE,0.25,1,1.25,0.5,6,5,3,7,2,1,2,1112.25,4.31,65,3,0.579
10,40,5,30,FALSE,TRUE,0.25,1,1.25,0.5,6,5,3,8,2,1,2,1112.25,4.31,65,3,0.579
10,40,5,30,FALSE,TRUE,0.25,1,1.5,0.5,6,5,3,7,2,1,2,1112.25,4.31,65,3,0.579
10,40,5,30,FALSE,TRUE,0.25,1,1.5,0.5,6,5,3,8,2,1,2,1112.25,4.31,65,3,0.579
10,40,6,30,TRUE,TRUE,0.25,1.5,1.25,0.5,6,6,3,5,2,1,2,455,4.31,47,1.497,-0.029
15,20,4,20,TRUE,TRUE,0.25,1.25,1,0.5,6,4,3,5,2,1,2,534.77,4.31,67,1.297,0.126
15,20,4,20,FALSE,TRUE,0.25,1.25,1.5,0.5,6,5,3,5,2,1,2,1031.05,4.31,66,3,0.549
15,20,4,20,FALSE,TRUE,0.25,1.5,1.25,0.5,6,7,3,5,2,1,2,1157.98,4.31,70,3,0.596
15,20,4,30,TRUE,TRUE,0.25,1.25,1.5,0.5,6,5,3,5,2,1,2,523.63,4.31,64,1.297,0.11
15,30,4,20,TRUE,TRUE,0.25,1.25,1,0.5,6,5,3,7,2,1,2,562.53,4.31,70,1.297,0.168
15,30,4,20,TRUE,TRUE,0.25,1.25,1,0.5,6,5,3,8,2,1,2,562.53,4.31,70,1.297,0.168
15,30,4,20,TRUE,TRUE,0.25,1.25,1.25,0.5,6,5,3,5,2,1,2,548.75,4.31,67,1.297,0.148
15,30,4,20,TRUE,TRUE,0.25,1.5,1,0.5,6,6,3,5,2,1,2,552.07,4.31,67,1.297,0.153
15,30,4,20,FALSE,TRUE,0.25,1.25,1.5,0.5,6,5,3,5,2,1,2,1031.05,4.31,66,3,0.549
15,30,4,20,FALSE,TRUE,0.25,1.5,1.25,0.5,6,7,3,5,2,1,2,1157.98,4.31,70,3,0.596
15,30,4,30,TRUE,TRUE,0.25,1.5,1.5,0.5,6,7,3,6,2,1,2,614.73,4.31,69,1.297,0.231
15,40,4,20,TRUE,TRUE,0.25,1.5,1.25,0.5,6,5,3,5,2,1,2,545.31,4.31,65,1.297,0.141
15,40,4,30,TRUE,TRUE,0.25,1.25,1.25,0.5,6,6,3,5,2,1,2,544.89,4.31,65,1.297,0.141
15,40,4,30,TRUE,TRUE,0.25,1.5,1,0.5,6,4,3,5,2,1,2,541.47,4.31,62,1.297,0.133
15,20,5,20,TRUE,TRUE,0.25,1,1,0.5,6,7,3,7,2,1,2,581.45,4.31,69,1.297,0.188
15,20,5,20,TRUE,TRUE,0.25,1,1,0.5,6,7,3,8,2,1,2,581.45,4.31,69,1.297,0.188
15,20,5,20,TRUE,TRUE,0.25,1,1.25,0.5,6,7,3,7,2,1,2,581.45,4.31,69,1.297,0.188
15,20,5,20,TRUE,TRUE,0.25,1,1.25,0.5,6,7,3,8,2,1,2,581.45,4.31,69,1.297,0.188
15,20,5,20,TRUE,TRUE,0.25,1,1.5,0.5,6,7,3,7,2,1,2,581.45,4.31,69,1.297,0.188
15,20,5,20,TRUE,TRUE,0.25,1,1.5,0.5,6,7,3,8,2,1,2,581.45,4.31,69,1.297,0.188
15,20,5,20,TRUE,TRUE,0.25,1.5,1,0.5,6,6,3,5,2,1,2,523.58,4.31,59,1.297,0.098
15,20,5,20,FALSE,TRUE,0.25,1.25,1.5,0.5,6,4,3,5,2,1,2,986.31,4.31,57,3,0.497
15,20,5,30,FALSE,TRUE,0.25,1.25,1.5,0.5,6,4,3,5,2,1,2,986.31,4.31,57,3,0.497
15,30,5,20,TRUE,TRUE,0.25,1.25,1,0.5,6,4,3,5,2,1,2,544.56,4.31,59,1.297,0.123
15,30,5,20,FALSE,TRUE,0.25,1.25,1.5,0.5,6,4,3,5,2,1,2,986.31,4.31,57,3,0.497
15,30,5,30,TRUE,TRUE,0.25,1.5,1,0.5,6,6,3,5,2,1,2,548.84,4.31,59,1.297,0.134
15,30,5,30,FALSE,TRUE,0.25,1.25,1.5,0.5,6,4,3,5,2,1,2,986.31,4.31,57,3,0.497
15,40,5,20,TRUE,TRUE,0.25,1,1.25,0.5,6,6,3,6,2,1,2,576.2,4.31,64,1.297,0.174
15,40,5,20,TRUE,TRUE,0.25,1,1.5,0.5,6,6,3,6,2,1,2,576.2,4.31,64,1.297,0.174
15,40,5,20,TRUE,TRUE,0.25,1.25,1.25,0.5,6,4,3,5,2,1,2,539.85,4.31,57,1.297,0.117
15,40,5,20,TRUE,TRUE,0.25,1.5,1.5,0.5,6,6,3,6,2,1,2,547.27,4.31,58,1.297,0.134
15,40,5,20,FALSE,TRUE,0.25,1.5,1.5,0.5,6,5,3,7,2,1,2,1003.81,4.31,58,3,0.519
15,40,5,20,FALSE,TRUE,0.25,1.5,1.5,0.5,6,5,3,8,2,1,2,1003.81,4.31,58,3,0.519
15,40,5,30,TRUE,TRUE,0.25,1,1,0.5,6,7,3,6,2,1,2,600.44,4.31,66,1.297,0.207
15,40,5,30,TRUE,TRUE,0.25,1.25,1.5,0.5,6,4,3,5,2,1,2,541.18,4.31,56,1.297,0.119
15,40,5,30,FALSE,TRUE,0.25,1.5,1.5,0.5,6,5,3,7,2,1,2,1003.81,4.31,58,3,0.519
15,40,5,30,FALSE,TRUE,0.25,1.5,1.5,0.5,6,5,3,8,2,1,2,1003.81,4.31,58,3,0.519
15,30,6,20,TRUE,TRUE,0.25,1,1,0.5,6,7,3,6,2,1,2,477.57,4.31,49,1.297,0.013
15,30,6,20,TRUE,TRUE,0.25,1.5,1.25,0.5,6,6,3,7,2,1,2,459.59,4.31,46,1.297,-0.017
15,30,6,20,TRUE,TRUE,0.25,1.5,1.25,0.5,6,6,3,8,2,1,2,459.59,4.31,46,1.297,-0.017
15,30,6,30,TRUE,TRUE,0.25,1.25,1,0.5,6,5,3,6,2,1,2,461.69,4.31,46,1.297,-0.018
15,30,6,30,TRUE,TRUE,0.25,1.5,1.5,0.5,6,4,3,7,2,1,2,457.35,4.31,44,1.297,-0.025
15,30,6,30,TRUE,TRUE,0.25,1.5,1.5,0.5,6,4,3,8,2,1,2,457.35,4.31,44,1.297,-0.025
15,40,6,20,TRUE,TRUE,0.25,1.5,1.5,0.5,6,4,3,6,2,1,2,452.54,4.31,43,1.297,-0.036
15,40,6,30,TRUE,TRUE,0.25,1,1.25,0.5,6,6,3,6,2,1,2,481.53,4.31,48,1.297,0.021
15,40,6,30,TRUE,TRUE,0.25,1,1.5,0.5,6,6,3,6,2,1,2,481.53,4.31,48,1.297,0.021
15,40,6,30,TRUE,TRUE,0.25,1.5,1.25,0.5,6,4,3,7,2,1,2,458.71,4.31,44,1.297,-0.022
15,40,6,30,TRUE,TRUE,0.25,1.5,1.25,0.5,6,4,3,8,2,1,2,458.71,4.31,44,1.297,-0.022
10,20,4,20,TRUE,TRUE,0.25,1,1,0.5,6,5,3,7,2,1,2,582.75,4.3,73,1.497,0.205
10,20,4,20,TRUE,TRUE,0.25,1,1,0.5,6,5,3,8,2,1,2,582.75,4.3,73,1.497,0.205
10,20,4,20,TRUE,TRUE,0.25,1,1.25,0.5,6,5,3,7,2,1,2,581.96,4.3,73,1.497,0.203
10,20,4,20,TRUE,TRUE,0.25,1,1.25,0.5,6,5,3,8,2,1,2,581.96,4.3,73,1.497,0.203
10,20,4,20,TRUE,TRUE,0.25,1,1.5,0.5,6,5,3,7,2,1,2,581.96,4.3,73,1.497,0.203
10,20,4,20,TRUE,TRUE,0.25,1,1.5,0.5,6,5,3,8,2,1,2,581.96,4.3,73,1.497,0.203
10,20,4,20,FALSE,TRUE,0.25,1,1.25,0.5,6,6,3,5,2,1,2,1076.93,4.3,70,3,0.575
10,20,4,20,FALSE,TRUE,0.25,1,1.5,0.5,6,6,3,5,2,1,2,1076.93,4.3,70,3,0.575
10,20,4,30,FALSE,TRUE,0.25,1.25,1.5,0.5,6,4,3,5,2,1,2,1008.01,4.3,62,3,0.534
10,30,4,20,TRUE,TRUE,0.25,1.25,1.25,0.5,6,4,3,5,2,1,2,541.24,4.3,65,1.497,0.135
10,30,4,20,TRUE,TRUE,0.25,1.5,1,0.5,6,6,3,6,2,1,2,548.05,4.3,67,1.497,0.148
10,30,4,20,TRUE,TRUE,0.25,1.5,1.25,0.5,6,7,3,7,2,1,2,647.57,4.3,75,1.497,0.276
10,30,4,20,TRUE,TRUE,0.25,1.5,1.25,0.5,6,7,3,8,2,1,2,647.57,4.3,75,1.497,0.276
10,30,4,20,FALSE,TRUE,0.25,1,1.25,0.5,6,6,3,5,2,1,2,1076.93,4.3,70,3,0.575
10,30,4,20,FALSE,TRUE,0.25,1,1.5,0.5,6,6,3,5,2,1,2,1076.93,4.3,70,3,0.575
10,30,4,30,FALSE,TRUE,0.25,1.25,1.5,0.5,6,4,3,5,2,1,2,1008.01,4.3,62,3,0.534
10,40,4,20,TRUE,TRUE,0.25,1,1,0.5,6,4,3,6,2,1,2,564.75,4.3,69,1.497,0.169
10,40,4,20,TRUE,TRUE,0.25,1,1.25,0.5,6,4,3,6,2,1,2,563.96,4.3,69,1.497,0.167
10,40,4,20,TRUE,TRUE,0.25,1,1.5,0.5,6,4,3,6,2,1,2,563.96,4.3,69,1.497,0.167
10,40,4,20,TRUE,TRUE,0.25,1.5,1.25,0.5,6,4,3,6,2,1,2,536.03,4.3,64,1.497,0.125
10,40,4,30,TRUE,TRUE,0.25,1.25,1.5,0.5,6,7,3,7,2,1,2,597.61,4.3,71,1.497,0.223
10,40,4,30,TRUE,TRUE,0.25,1.25,1.5,0.5,6,7,3,8,2,1,2,597.61,4.3,71,1.497,0.223
10,40,4,30,FALSE,TRUE,0.25,1.25,1,0.5,6,7,3,6,2,1,2,1104.92,4.3,70,3,0.577
10,20,5,20,TRUE,TRUE,0.25,1,1.25,0.5,6,5,3,6,2,1,2,547.59,4.3,64,1.497,0.137
10,20,5,20,TRUE,TRUE,0.25,1,1.5,0.5,6,5,3,6,2,1,2,547.59,4.3,64,1.497,0.137
10,20,5,30,TRUE,TRUE,0.25,1.25,1,0.5,6,5,3,7,2,1,2,569.43,4.3,66,1.497,0.175
10,20,5,30,TRUE,TRUE,0.25,1.25,1,0.5,6,5,3,8,2,1,2,569.43,4.3,66,1.497,0.175
10,20,5,30,TRUE,TRUE,0.25,1.5,1.25,0.5,6,4,3,6,2,1,2,522.43,4.3,58,1.497,0.098
10,40,5,30,TRUE,TRUE,0.25,1,1,0.5,6,6,3,6,2,1,2,570.25,4.3,63,1.497,0.166
10,40,5,30,TRUE,TRUE,0.25,1.25,1.25,0.5,6,4,3,5,2,1,2,535.09,4.3,56,1.497,0.109
10,30,6,20,TRUE,TRUE,0.25,1.5,1,0.5,6,6,3,5,2,1,2,459.44,4.3,48,1.497,-0.023
10,40,6,30,TRUE,TRUE,0.25,1.5,1,0.5,6,6,3,5,2,1,2,458.71,4.3,48,1.497,-0.025
15,20,4,20,TRUE,TRUE,0.25,1,1,0.5,6,7,3,5,2,1,2,556.02,4.3,73,1.297,0.159
15,20,4,20,TRUE,TRUE,0.25,1,1.25,0.5,6,7,3,5,2,1,2,556.02,4.3,73,1.297,0.159
15,20,4,20,TRUE,TRUE,0.25,1,1.5,0.5,6,7,3,5,2,1,2,556.02,4.3,73,1.297,0.159
15,20,4,30,TRUE,TRUE,0.25,1.5,1.5,0.5,6,7,3,7,2,1,2,597.86,4.3,70,1.297,0.213
15,20,4,30,TRUE,TRUE,0.25,1.5,1.5,0.5,6,7,3,8,2,1,2,597.86,4.3,70,1.297,0.213
15,30,4,30,TRUE,TRUE,0.25,1.25,1.5,0.5,6,4,3,5,2,1,2,539.75,4.3,63,1.297,0.131
15,40,4,20,FALSE,TRUE,0.25,1.25,1.25,0.5,6,7,3,5,2,1,2,1093.26,4.3,69,3,0.57
15,40,4,20,FALSE,TRUE,0.25,1.5,1.5,0.5,6,5,3,5,2,1,2,1023.22,4.3,64,3,0.545
15,40,4,30,TRUE,TRUE,0.25,1.25,1,0.5,6,6,3,6,2,1,2,555.5,4.3,67,1.297,0.155
15,40,4,30,TRUE,TRUE,0.25,1.5,1.5,0.5,6,4,3,5,2,1,2,535.84,4.3,61,1.297,0.124
15,40,4,30,FALSE,TRUE,0.25,1.25,1,0.5,6,4,3,5,2,1,2,1030.57,4.3,64,3,0.539
15,20,5,20,FALSE,TRUE,0.25,1.5,1.5,0.5,6,7,3,7,2,1,2,1139.58,4.3,64,3,0.578
15,20,5,20,FALSE,TRUE,0.25,1.5,1.5,0.5,6,7,3,8,2,1,2,1139.58,4.3,64,3,0.578
15,20,5,30,TRUE,TRUE,0.25,1.5,1.25,0.5,6,4,3,5,2,1,2,518.26,4.3,56,1.297,0.088
15,20,5,30,FALSE,TRUE,0.25,1.5,1.5,0.5,6,7,3,7,2,1,2,1139.58,4.3,64,3,0.578
15,20,5,30,FALSE,TRUE,0.25,1.5,1.5,0.5,6,7,3,8,2,1,2,1139.58,4.3,64,3,0.578
15,30,5,20,TRUE,TRUE,0.25,1,1,0.5,6,6,3,7,2,1,2,578.24,4.3,66,1.297,0.179
15,30,5,20,TRUE,TRUE,0.25,1,1,0.5,6,6,3,8,2,1,2,578.24,4.3,66,1.297,0.179
15,30,5,20,TRUE,TRUE,0.25,1,1.25,0.5,6,6,3,7,2,1,2,578.24,4.3,66,1.297,0.179
15,30,5,20,TRUE,TRUE,0.25,1,1.25,0.5,6,6,3,8,2,1,2,578.24,4.3,66,1.297,0.179
15,30,5,20,TRUE,TRUE,0.25,1,1.5,0.5,6,6,3,7,2,1,2,578.24,4.3,66,1.297,0.179
15,30,5,20,TRUE,TRUE,0.25,1,1.5,0.5,6,6,3,8,2,1,2,578.24,4.3,66,1.297,0.179
15,30,5,20,FALSE,TRUE,0.25,1.5,1.5,0.5,6,7,3,7,2,1,2,1139.58,4.3,64,3,0.578
15,30,5,20,FALSE,TRUE,0.25,1.5,1.5,0.5,6,7,3,8,2,1,2,1139.58,4.3,64,3,0.578
15,30,5,30,FALSE,TRUE,0.25,1.5,1.5,0.5,6,7,3,7,2,1,2,1139.58,4.3,64,3,0.578
15,30,5,30,FALSE,TRUE,0.25,1.5,1.5,0.5,6,7,3,8,2,1,2,1139.58,4.3,64,3,0.578
15,40,5,20,TRUE,TRUE,0.25,1.25,1,0.5,6,7,3,7,2,1,2,588.83,4.3,67,1.297,0.193
15,40,5,20,TRUE,TRUE,0.25,1.25,1,0.5,6,7,3,8,2,1,2,588.83,4.3,67,1.297,0.193
15,40,5,20,FALSE,TRUE,0.25,1,1,0.5,6,7,3,7,2,1,2,1126.78,4.3,68,3,0.573
15,40,5,20,FALSE,TRUE,0.25,1,1,0.5,6,7,3,8,2,1,2,1126.78,4.3,68,3,0.573
15,40,5,20,FALSE,TRUE,0.25,1,1.25,0.5,6,7,3,7,2,1,2,1126.78,4.3,68,3,0.573
15,40,5,20,FALSE,TRUE,0.25,1,1.25,0.5,6,7,3,8,2,1,2,1126.78,4.3,68,3,0.573
15,40,5,20,FALSE,TRUE,0.25,1,1.5,0.5,6,7,3,7,2,1,2,1126.78,4.3,68,3,0.573
15,40,5,20,FALSE,TRUE,0.25,1,1.5,0.5,6,7,3,8,2,1,2,1126.78,4.3,68,3,0.573
15,40,5,20,FALSE,TRUE,0.25,1.25,1,0.5,6,4,3,5,2,1,2,995.95,4.3,58,3,0.496
15,40,5,30,TRUE,TRUE,0.25,1.5,1,0.5,6,5,3,6,2,1,2,553.52,4.3,59,1.297,0.141
15,40,5,30,TRUE,TRUE,0.25,1.5,1.25,0.5,6,5,3,7,2,1,2,553.34,4.3,59,1.297,0.143
15,40,5,30,TRUE,TRUE,0.25,1.5,1.25,0.5,6,5,3,8,2,1,2,553.34,4.3,59,1.297,0.143
15,40,5,30,FALSE,TRUE,0.25,1,1,0.5,6,7,3,7,2,1,2,1126.78,4.3,68,3,0.573
15,40,5,30,FALSE,TRUE,0.25,1,1,0.5,6,7,3,8,2,1,2,1126.78,4.3,68,3,0.573
15,40,5,30,FALSE,TRUE,0.25,1,1.25,0.5,6,7,3,7,2,1,2,1126.78,4.3,68,3,0.573
15,40,5,30,FALSE,TRUE,0.25,1,1.25,0.5,6,7,3,8,2,1,2,1126.78,4.3,68,3,0.573
15,40,5,30,FALSE,TRUE,0.25,1,1.5,0.5,6,7,3,7,2,1,2,1126.78,4.3,68,3,0.573
15,40,5,30,FALSE,TRUE,0.25,1,1.5,0.5,6,7,3,8,2,1,2,1126.78,4.3,68,3,0.573
15,40,5,30,FALSE,TRUE,0.25,1.25,1,0.5,6,4,3,5,2,1,2,995.95,4.3,58,3,0.496
15,20,6,20,TRUE,TRUE,0.25,1,1,0.5,6,4,3,6,2,1,2,467.99,4.3,46,1.297,-0.009
15,30,6,20,TRUE,TRUE,0.25,1,1,0.5,6,4,3,7,2,1,2,479.03,4.3,48,1.297,0.014
15,30,6,20,TRUE,TRUE,0.25,1,1,0.5,6,4,3,8,2,1,2,479.03,4.3,48,1.297,0.014
15,30,6,20,TRUE,TRUE,0.25,1,1.25,0.5,6,4,3,7,2,1,2,479.03,4.3,48,1.297,0.014
15,30,6,20,TRUE,TRUE,0.25,1,1.25,0.5,6,4,3,8,2,1,2,479.03,4.3,48,1.297,0.014
15,30,6,20,TRUE,TRUE,0.25,1,1.5,0.5,6,4,3,7,2,1,2,479.03,4.3,48,1.297,0.014
15,30,6,20,TRUE,TRUE,0.25,1,1.5,0.5,6,4,3,8,2,1,2,479.03,4.3,48,1.297,0.014
15,30,6,20,TRUE,TRUE,0.25,1.25,1,0.5,6,6,3,7,2,1,2,467.32,4.3,49,1.297,-0.005
15,30,6,20,TRUE,TRUE,0.25,1.25,1,0.5,6,6,3,8,2,1,2,467.32,4.3,49,1.297,-0.005
15,30,6,20,TRUE,TRUE,0.25,1.5,1,0.5,6,6,3,6,2,1,2,459.64,4.3,46,1.297,-0.02
15,30,6,20,TRUE,TRUE,0.25,1.5,1.5,0.5,6,6,3,7,2,1,2,457.79,4.3,46,1.297,-0.021
15,30,6,20,TRUE,TRUE,0.25,1.5,1.5,0.5,6,6,3,8,2,1,2,457.79,4.3,46,1.297,-0.021
15,30,6,30,TRUE,TRUE,0.25,1,1,0.5,6,7,3,7,2,1,2,487.26,4.3,51,1.297,0.034
15,30,6,30,TRUE,TRUE,0.25,1,1,0.5,6,7,3,8,2,1,2,487.26,4.3,51,1.297,0.034
15,30,6,30,TRUE,TRUE,0.25,1,1.25,0.5,6,7,3,7,2,1,2,487.26,4.3,51,1.297,0.034
15,30,6,30,TRUE,TRUE,0.25,1,1.25,0.5,6,7,3,8,2,1,2,487.26,4.3,51,1.297,0.034
15,30,6,30,TRUE,TRUE,0.25,1,1.5,0.5,6,7,3,7,2,1,2,487.26,4.3,51,1.297,0.034
15,30,6,30,TRUE,TRUE,0.25,1,1.5,0.5,6,7,3,8,2,1,2,487.26,4.3,51,1.297,0.034
15,30,6,30,TRUE,TRUE,0.25,1.5,1.25,0.5,6,4,3,6,2,1,2,455.55,4.3,43,1.297,-0.029
15,40,6,20,TRUE,TRUE,0.25,1.25,1.25,0.5,6,7,3,5,2,1,2,456.61,4.3,47,1.297,-0.026
15,40,6,20,TRUE,TRUE,0.25,1.25,1.5,0.5,6,7,3,5,2,1,2,456.61,4.3,47,1.297,-0.026
15,40,6,20,TRUE,TRUE,0.25,1.5,1,0.5,6,6,3,7,2,1,2,462.81,4.3,47,1.297,-0.013
15,40,6,20,TRUE,TRUE,0.25,1.5,1,0.5,6,6,3,8,2,1,2,462.81,4.3,47,1.297,-0.013
15,40,6,20,TRUE,TRUE,0.25,1.5,1.25,0.5,6,6,3,7,2,1,2,459.15,4.3,46,1.297,-0.018
15,40,6,20,TRUE,TRUE,0.25,1.5,1.25,0.5,6,6,3,8,2,1,2,459.15,4.3,46,1.297,-0.018
10,20,4,20,FALSE,TRUE,0.25,1.5,1.25,0.5,6,5,3,5,2,1,2,1019.06,4.29,65,3,0.543
10,30,4,20,FALSE,TRUE,0.25,1.5,1.25,0.5,6,5,3,5,2,1,2,1019.06,4.29,65,3,0.543
10,30,4,30,TRUE,TRUE,0.25,1.5,1.5,0.5,6,5,3,7,2,1,2,569.12,4.29,67,1.497,0.183
10,30,4,30,TRUE,TRUE,0.25,1.5,1.5,0.5,6,5,3,8,2,1,2,569.12,4.29,67,1.497,0.183
10,30,4,30,TRUE,TRUE,0.25,1.5,1.5,0.5,6,6,3,7,2,1,2,569.12,4.29,67,1.497,0.183
10,30,4,30,TRUE,TRUE,0.25,1.5,1.5,0.5,6,6,3,8,2,1,2,569.12,4.29,67,1.497,0.183
10,40,4,20,TRUE,TRUE,0.25,1.25,1.25,0.5,6,5,3,6,2,1,2,541.74,4.29,66,1.497,0.137
10,40,4,20,TRUE,TRUE,0.25,1.5,1.25,0.5,6,6,3,7,2,1,2,571.7,4.29,69,1.497,0.186
10,40,4,20,TRUE,TRUE,0.25,1.5,1.25,0.5,6,6,3,8,2,1,2,571.7,4.29,69,1.497,0.186
10,20,5,20,TRUE,TRUE,0.25,1.25,1,0.5,6,5,3,6,2,1,2,529.88,4.29,62,1.497,0.108
10,20,5,20,TRUE,TRUE,0.25,1.25,1.25,0.5,6,4,3,5,2,1,2,514.39,4.29,58,1.497,0.082
10,20,5,20,TRUE,TRUE,0.25,1.25,1.25,0.5,6,7,3,5,2,1,2,549.05,4.29,64,1.497,0.142
10,20,5,20,FALSE,TRUE,0.25,1.25,1.25,0.5,6,4,3,5,2,1,2,985.62,4.29,58,3,0.502
10,20,5,20,FALSE,TRUE,0.25,1.25,1.5,0.5,6,6,3,5,2,1,2,990.17,4.29,59,3,0.509
10,20,5,20,FALSE,TRUE,0.25,1.5,1.25,0.5,6,4,3,7,2,1,2,1061.54,4.29,61,3,0.555
10,20,5,20,FALSE,TRUE,0.25,1.5,1.25,0.5,6,4,3,8,2,1,2,1061.54,4.29,61,3,0.555
10,20,5,30,TRUE,TRUE,0.25,1,1,0.5,6,7,3,6,2,1,2,575.31,4.29,67,1.497,0.179
10,20,5,30,TRUE,TRUE,0.25,1.5,1.25,0.5,6,6,3,7,2,1,2,557.73,4.29,63,1.497,0.16
10,20,5,30,TRUE,TRUE,0.25,1.5,1.25,0.5,6,6,3,8,2,1,2,557.73,4.29,63,1.497,0.16
10,20,5,30,FALSE,TRUE,0.25,1.25,1.25,0.5,6,4,3,5,2,1,2,985.62,4.29,58,3,0.502
10,20,5,30,FALSE,TRUE,0.25,1.25,1.5,0.5,6,6,3,5,2,1,2,990.17,4.29,59,3,0.509
10,20,5,30,FALSE,TRUE,0.25,1.5,1.25,0.5,6,4,3,7,2,1,2,1061.54,4.29,61,3,0.555
10,20,5,30,FALSE,TRUE,0.25,1.5,1.25,0.5,6,4,3,8,2,1,2,1061.54,4.29,61,3,0.555
10,30,5,20,TRUE,TRUE,0.25,1.25,1,0.5,6,6,3,7,2,1,2,591.51,4.29,67,1.497,0.203
10,30,5,20,TRUE,TRUE,0.25,1.25,1,0.5,6,6,3,8,2,1,2,591.51,4.29,67,1.497,0.203
10,30,5,20,FALSE,TRUE,0.25,1.25,1.25,0.5,6,4,3,5,2,1,2,985.62,4.29,58,3,0.502
10,30,5,20,FALSE,TRUE,0.25,1.25,1.5,0.5,6,6,3,5,2,1,2,990.17,4.29,59,3,0.509
10,30,5,20,FALSE,TRUE,0.25,1.5,1.25,0.5,6,4,3,7,2,1,2,1061.54,4.29,61,3,0.555
10,30,5,20,FALSE,TRUE,0.25,1.5,1.25,0.5,6,4,3,8,2,1,2,1061.54,4.29,61,3,0.555
10,30,5,30,TRUE,TRUE,0.25,1,1,0.5,6,6,3,7,2,1,2,610.01,4.29,68,1.497,0.23
10,30,5,30,TRUE,TRUE,0.25,1,1,0.5,6,6,3,8,2,1,2,610.01,4.29,68,1.497,0.23
10,30,5,30,TRUE,TRUE,0.25,1.25,1.5,0.5,6,6,3,5,2,1,2,542.2,4.29,59,1.497,0.125
10,30,5,30,FALSE,TRUE,0.25,1.25,1.25,0.5,6,4,3,5,2,1,2,985.62,4.29,58,3,0.502
10,30,5,30,FALSE,TRUE,0.25,1.25,1.5,0.5,6,6,3,5,2,1,2,990.17,4.29,59,3,0.509
10,30,5,30,FALSE,TRUE,0.25,1.5,1.25,0.5,6,4,3,7,2,1,2,1061.54,4.29,61,3,0.555
10,30,5,30,FALSE,TRUE,0.25,1.5,1.25,0.5,6,4,3,8,2,1,2,1061.54,4.29,61,3,0.555
10,40,5,20,TRUE,TRUE,0.25,1.25,1,0.5,6,7,3,7,2,1,2,616.91,4.29,70,1.497,0.236
10,40,5,20,TRUE,TRUE,0.25,1.25,1,0.5,6,7,3,8,2,1,2,616.91,4.29,70,1.497,0.236
10,40,5,20,TRUE,TRUE,0.25,1.25,1.25,0.5,6,5,3,7,2,1,2,579.06,4.29,63,1.497,0.185
10,40,5,20,TRUE,TRUE,0.25,1.25,1.25,0.5,6,5,3,8,2,1,2,579.06,4.29,63,1.497,0.185
10,40,5,20,TRUE,TRUE,0.25,1.25,1.5,0.5,6,6,3,7,2,1,2,581.26,4.29,64,1.497,0.19
10,40,5,20,TRUE,TRUE,0.25,1.25,1.5,0.5,6,6,3,8,2,1,2,581.26,4.29,64,1.497,0.19
10,40,5,30,TRUE,TRUE,0.25,1.25,1,0.5,6,6,3,7,2,1,2,591.84,4.29,66,1.497,0.203
10,40,5,30,TRUE,TRUE,0.25,1.25,1,0.5,6,6,3,8,2,1,2,591.84,4.29,66,1.497,0.203
10,30,6,20,TRUE,TRUE,0.25,1.5,1.25,0.5,6,6,3,5,2,1,2,454.96,4.29,47,1.497,-0.029
10,30,6,30,TRUE,TRUE,0.25,1.5,1.25,0.5,6,4,3,5,2,1,2,453.77,4.29,45,1.497,-0.033
10,40,6,20,FALSE,TRUE,0.25,1.5,1,0.5,6,5,3,5,2,1,2,763.73,4.29,46,3,0.356
10,40,6,30,TRUE,TRUE,0.25,1.5,1.5,0.5,6,6,3,5,2,1,2,453.2,4.29,47,1.497,-0.034
10,40,6,30,FALSE,TRUE,0.25,1.5,1,0.5,6,5,3,5,2,1,2,763.73,4.29,46,3,0.356
15,30,4,20,TRUE,TRUE,0.25,1.25,1,0.5,6,5,3,6,2,1,2,558.93,4.29,69,1.297,0.161
15,40,4,20,TRUE,TRUE,0.25,1,1,0.5,6,5,3,7,2,1,2,575.39,4.29,71,1.297,0.185
15,40,4,20,TRUE,TRUE,0.25,1,1,0.5,6,5,3,8,2,1,2,575.39,4.29,71,1.297,0.185
15,40,4,20,TRUE,TRUE,0.25,1,1.25,0.5,6,5,3,7,2,1,2,575.39,4.29,71,1.297,0.185
15,40,4,20,TRUE,TRUE,0.25,1,1.25,0.5,6,5,3,8,2,1,2,575.39,4.29,71,1.297,0.185
15,40,4,20,TRUE,TRUE,0.25,1,1.5,0.5,6,5,3,7,2,1,2,575.39,4.29,71,1.297,0.185
15,40,4,20,TRUE,TRUE,0.25,1,1.5,0.5,6,5,3,8,2,1,2,575.39,4.29,71,1.297,0.185
15,40,4,20,FALSE,TRUE,0.25,1.5,1,0.5,6,6,3,5,2,1,2,1037.72,4.29,66,3,0.552
15,40,4,30,TRUE,TRUE,0.25,1.25,1.25,0.5,6,5,3,5,2,1,2,542.09,4.29,64,1.297,0.136
15,40,4,30,FALSE,TRUE,0.25,1,1,0.5,6,7,3,5,2,1,2,1080.11,4.29,70,3,0.57
15,40,4,30,FALSE,TRUE,0.25,1,1.25,0.5,6,7,3,5,2,1,2,1080.11,4.29,70,3,0.57
15,40,4,30,FALSE,TRUE,0.25,1,1.5,0.5,6,7,3,5,2,1,2,1080.11,4.29,70,3,0.57
15,20,5,20,TRUE,TRUE,0.25,1,1.25,0.5,6,7,3,6,2,1,2,578.02,4.29,68,1.297,0.181
15,20,5,20,TRUE,TRUE,0.25,1,1.5,0.5,6,7,3,6,2,1,2,578.02,4.29,68,1.297,0.181
15,20,5,20,FALSE,TRUE,0.25,1.5,1.5,0.5,6,7,3,6,2,1,2,1133.89,4.29,63,3,0.572
15,20,5,30,FALSE,TRUE,0.25,1.5,1.5,0.5,6,7,3,6,2,1,2,1133.89,4.29,63,3,0.572
15,30,5,20,TRUE,TRUE,0.25,1.5,1.5,0.5,6,5,3,6,2,1,2,546.73,4.29,58,1.297,0.134
15,30,5,20,FALSE,TRUE,0.25,1.5,1.5,0.5,6,7,3,6,2,1,2,1133.89,4.29,63,3,0.572
15,30,5,30,TRUE,TRUE,0.25,1.5,1.25,0.5,6,6,3,5,2,1,2,544.7,4.29,58,1.297,0.129
15,30,5,30,FALSE,TRUE,0.25,1.5,1.5,0.5,6,7,3,6,2,1,2,1133.89,4.29,63,3,0.572
15,40,5,20,FALSE,TRUE,0.25,1,1.25,0.5,6,7,3,6,2,1,2,1121.09,4.29,67,3,0.567
15,40,5,20,FALSE,TRUE,0.25,1,1.5,0.5,6,7,3,6,2,1,2,1121.09,4.29,67,3,0.567
15,40,5,20,FALSE,TRUE,0.25,1.5,1.5,0.5,6,5,3,6,2,1,2,998.13,4.29,57,3,0.513
15,40,5,30,TRUE,TRUE,0.25,1.25,1.25,0.5,6,5,3,5,2,1,2,543.1,4.29,58,1.297,0.124
15,40,5,30,TRUE,TRUE,0.25,1.5,1.5,0.5,6,4,3,6,2,1,2,545.67,4.29,56,1.297,0.129
15,40,5,30,FALSE,TRUE,0.25,1,1.25,0.5,6,7,3,6,2,1,2,1121.09,4.29,67,3,0.567
15,40,5,30,FALSE,TRUE,0.25,1,1.5,0.5,6,7,3,6,2,1,2,1121.09,4.29,67,3,0.567
15,40,5,30,FALSE,TRUE,0.25,1.5,1.5,0.5,6,5,3,6,2,1,2,998.13,4.29,57,3,0.513
15,20,6,20,TRUE,TRUE,0.25,1.25,1.25,0.5,6,5,3,7,2,1,2,460.28,4.29,48,1.297,-0.017
15,20,6,20,TRUE,TRUE,0.25,1.25,1.25,0.5,6,5,3,8,2,1,2,460.28,4.29,48,1.297,-0.017
15,20,6,20,TRUE,TRUE,0.25,1.25,1.5,0.5,6,5,3,7,2,1,2,460.28,4.29,48,1.297,-0.017
15,20,6,20,TRUE,TRUE,0.25,1.25,1.5,0.5,6,5,3,8,2,1,2,460.28,4.29,48,1.297,-0.017
15,30,6,20,TRUE,TRUE,0.25,1.5,1.25,0.5,6,6,3,6,2,1,2,455.99,4.29,45,1.297,-0.025
15,30,6,30,TRUE,TRUE,0.25,1.5,1.5,0.5,6,4,3,6,2,1,2,453.75,4.29,43,1.297,-0.033
15,40,6,20,TRUE,TRUE,0.25,1,1,0.5,6,4,3,7,2,1,2,478.59,4.29,48,1.297,0.013
15,40,6,20,TRUE,TRUE,0.25,1,1,0.5,6,4,3,8,2,1,2,478.59,4.29,48,1.297,0.013
15,40,6,20,TRUE,TRUE,0.25,1,1,0.5,6,7,3,6,2,1,2,476.96,4.29,49,1.297,0.011
15,40,6,20,TRUE,TRUE,0.25,1,1.25,0.5,6,4,3,7,2,1,2,478.59,4.29,48,1.297,0.013
15,40,6,20,TRUE,TRUE,0.25,1,1.25,0.5,6,4,3,8,2,1,2,478.59,4.29,48,1.297,0.013
15,40,6,20,TRUE,TRUE,0.25,1,1.5,0.5,6,4,3,7,2,1,2,478.59,4.29,48,1.297,0.013
15,40,6,20,TRUE,TRUE,0.25,1,1.5,0.5,6,4,3,8,2,1,2,478.59,4.29,48,1.297,0.013
15,40,6,30,TRUE,TRUE,0.25,1.25,1,0.5,6,5,3,6,2,1,2,461.08,4.29,46,1.297,-0.019
15,40,6,30,TRUE,TRUE,0.25,1.5,1.5,0.5,6,4,3,7,2,1,2,456.91,4.29,44,1.297,-0.026
15,40,6,30,TRUE,TRUE,0.25,1.5,1.5,0.5,6,4,3,8,2,1,2,456.91,4.29,44,1.297,-0.026
10,20,4,20,TRUE,TRUE,0.25,1.25,1.25,0.5,6,4,3,5,2,1,2,521.43,4.28,65,1.497,0.105
10,20,4,20,TRUE,TRUE,0.25,1.5,1,0.5,6,6,3,7,2,1,2,561,4.28,70,1.497,0.174
10,20,4,20,TRUE,TRUE,0.25,1.5,1,0.5,6,6,3,8,2,1,2,561,4.28,70,1.497,0.174
10,20,4,20,FALSE,TRUE,0.25,1,1,0.5,6,4,3,5,2,1,2,1072.31,4.28,69,3,0.567
10,20,4,20,FALSE,TRUE,0.25,1,1.25,0.5,6,4,3,5,2,1,2,1070.69,4.28,69,3,0.566
10,20,4,20,FALSE,TRUE,0.25,1,1.5,0.5,6,4,3,5,2,1,2,1070.69,4.28,69,3,0.566
10,20,4,30,FALSE,TRUE,0.25,1.25,1.25,0.5,6,7,3,5,2,1,2,1078.6,4.28,68,3,0.563
10,30,4,20,TRUE,TRUE,0.25,1,1,0.5,6,5,3,6,2,1,2,568.25,4.28,70,1.497,0.175
10,30,4,20,TRUE,TRUE,0.25,1,1.25,0.5,6,5,3,6,2,1,2,567.46,4.28,70,1.497,0.173
10,30,4,20,TRUE,TRUE,0.25,1,1.5,0.5,6,5,3,6,2,1,2,567.46,4.28,70,1.497,0.173
10,30,4,20,TRUE,TRUE,0.25,1.25,1,0.5,6,6,3,7,2,1,2,587.73,4.28,72,1.497,0.209
10,30,4,20,TRUE,TRUE,0.25,1.25,1,0.5,6,6,3,8,2,1,2,587.73,4.28,72,1.497,0.209
10,30,4,20,FALSE,TRUE,0.25,1,1,0.5,6,4,3,5,2,1,2,1072.31,4.28,69,3,0.567
10,30,4,20,FALSE,TRUE,0.25,1,1.25,0.5,6,4,3,5,2,1,2,1070.69,4.28,69,3,0.566
10,30,4,20,FALSE,TRUE,0.25,1,1.5,0.5,6,4,3,5,2,1,2,1070.69,4.28,69,3,0.566
10,30,4,30,FALSE,TRUE,0.25,1.25,1.25,0.5,6,7,3,5,2,1,2,1078.6,4.28,68,3,0.563
10,40,4,20,FALSE,TRUE,0.25,1.25,1,0.5,6,6,3,7,2,1,2,1113.17,4.28,71,3,0.599
10,40,4,20,FALSE,TRUE,0.25,1.25,1,0.5,6,6,3,8,2,1,2,1113.17,4.28,71,3,0.599
10,40,4,30,FALSE,TRUE,0.25,1.5,1.25,0.5,6,7,3,7,2,1,2,1209.04,4.28,72,3,0.624
10,40,4,30,FALSE,TRUE,0.25,1.5,1.25,0.5,6,7,3,8,2,1,2,1209.04,4.28,72,3,0.624
10,20,5,20,TRUE,TRUE,0.25,1.5,1.25,0.5,6,6,3,6,2,1,2,522.4,4.28,60,1.497,0.1
10,20,5,20,FALSE,TRUE,0.25,1.5,1.5,0.5,6,6,3,7,2,1,2,1063.51,4.28,62,3,0.564
10,20,5,20,FALSE,TRUE,0.25,1.5,1.5,0.5,6,6,3,8,2,1,2,1063.51,4.28,62,3,0.564
10,20,5,30,TRUE,TRUE,0.25,1,1,0.5,6,5,3,7,2,1,2,582.3,4.28,67,1.497,0.194
10,20,5,30,TRUE,TRUE,0.25,1,1,0.5,6,5,3,8,2,1,2,582.3,4.28,67,1.497,0.194
10,20,5,30,TRUE,TRUE,0.25,1,1.25,0.5,6,5,3,7,2,1,2,581.51,4.28,67,1.497,0.193
10,20,5,30,TRUE,TRUE,0.25,1,1.25,0.5,6,5,3,8,2,1,2,581.51,4.28,67,1.497,0.193
10,20,5,30,TRUE,TRUE,0.25,1,1.5,0.5,6,5,3,7,2,1,2,581.51,4.28,67,1.497,0.193
10,20,5,30,TRUE,TRUE,0.25,1,1.5,0.5,6,5,3,8,2,1,2,581.51,4.28,67,1.497,0.193
10,20,5,30,TRUE,TRUE,0.25,1.25,1.25,0.5,6,5,3,5,2,1,2,517.64,4.28,59,1.497,0.089
10,20,5,30,FALSE,TRUE,0.25,1.5,1.5,0.5,6,6,3,7,2,1,2,1063.51,4.28,62,3,0.564
10,20,5,30,FALSE,TRUE,0.25,1.5,1.5,0.5,6,6,3,8,2,1,2,1063.51,4.28,62,3,0.564
10,30,5,20,TRUE,TRUE,0.25,1,1,0.5,6,6,3,6,2,1,2,570,4.28,64,1.497,0.166
10,30,5,20,TRUE,TRUE,0.25,1.25,1.25,0.5,6,6,3,5,2,1,2,540.69,4.28,60,1.497,0.122
10,30,5,20,TRUE,TRUE,0.25,1.5,1,0.5,6,4,3,6,2,1,2,544.44,4.28,59,1.497,0.128
10,30,5,20,FALSE,TRUE,0.25,1.5,1.5,0.5,6,6,3,7,2,1,2,1063.51,4.28,62,3,0.564
10,30,5,20,FALSE,TRUE,0.25,1.5,1.5,0.5,6,6,3,8,2,1,2,1063.51,4.28,62,3,0.564
10,30,5,30,TRUE,TRUE,0.25,1,1,0.5,6,4,3,5,2,1,2,560.46,4.28,61,1.497,0.147
10,30,5,30,TRUE,TRUE,0.25,1,1.25,0.5,6,6,3,7,2,1,2,609.22,4.28,68,1.497,0.229
10,30,5,30,TRUE,TRUE,0.25,1,1.25,0.5,6,6,3,8,2,1,2,609.22,4.28,68,1.497,0.229
10,30,5,30,TRUE,TRUE,0.25,1,1.5,0.5,6,6,3,7,2,1,2,609.22,4.28,68,1.497,0.229
10,30,5,30,TRUE,TRUE,0.25,1,1.5,0.5,6,6,3,8,2,1,2,609.22,4.28,68,1.497,0.229
10,30,5,30,FALSE,TRUE,0.25,1.5,1.5,0.5,6,6,3,7,2,1,2,1063.51,4.28,62,3,0.564
10,30,5,30,FALSE,TRUE,0.25,1.5,1.5,0.5,6,6,3,8,2,1,2,1063.51,4.28,62,3,0.564
10,40,5,20,FALSE,TRUE,0.25,1,1.25,0.5,6,5,3,6,2,1,2,1045.22,4.28,62,3,0.536
10,40,5,20,FALSE,TRUE,0.25,1,1.5,0.5,6,5,3,6,2,1,2,1045.22,4.28,62,3,0.536
10,40,5,30,TRUE,TRUE,0.25,1.25,1.25,0.5,6,6,3,5,2,1,2,539.46,4.28,59,1.497,0.12
10,40,5,30,FALSE,TRUE,0.25,1,1.25,0.5,6,5,3,6,2,1,2,1045.22,4.28,62,3,0.536
10,40,5,30,FALSE,TRUE,0.25,1,1.5,0.5,6,5,3,6,2,1,2,1045.22,4.28,62,3,0.536
10,20,6,20,TRUE,TRUE,0.25,1.25,1,0.5,6,5,3,5,2,1,2,455.47,4.28,48,1.497,-0.033
10,30,6,30,TRUE,TRUE,0.25,1.5,1.5,0.5,6,4,3,5,2,1,2,451.97,4.28,45,1.497,-0.038
15,20,4,20,FALSE,TRUE,0.25,1.25,1,0.5,6,4,3,5,2,1,2,1042.27,4.28,67,3,0.547
15,20,4,30,TRUE,TRUE,0.25,1.25,1,0.5,6,4,3,5,2,1,2,527.92,4.28,65,1.297,0.114
15,20,4,30,TRUE,TRUE,0.25,1.5,1.5,0.5,6,7,3,6,2,1,2,594.49,4.28,69,1.297,0.208
15,20,4,30,FALSE,TRUE,0.25,1,1,0.5,6,6,3,5,2,1,2,1072.82,4.28,69,3,0.568
15,20,4,30,FALSE,TRUE,0.25,1,1.25,0.5,6,6,3,5,2,1,2,1072.82,4.28,69,3,0.568
15,20,4,30,FALSE,TRUE,0.25,1,1.5,0.5,6,6,3,5,2,1,2,1072.82,4.28,69,3,0.568
15,20,4,30,FALSE,TRUE,0.25,1.25,1.5,0.5,6,6,3,5,2,1,2,1021.12,4.28,65,3,0.542
15,30,4,20,TRUE,TRUE,0.25,1.25,1.5,0.5,6,6,3,5,2,1,2,547.63,4.28,67,1.297,0.147
15,30,4,20,FALSE,TRUE,0.25,1.25,1,0.5,6,4,3,5,2,1,2,1042.27,4.28,67,3,0.547
15,30,4,30,TRUE,TRUE,0.25,1.25,1,0.5,6,5,3,7,2,1,2,557.87,4.28,69,1.297,0.16
15,30,4,30,TRUE,TRUE,0.25,1.25,1,0.5,6,5,3,8,2,1,2,557.87,4.28,69,1.297,0.16
15,30,4,30,TRUE,TRUE,0.25,1.25,1,0.5,6,6,3,7,2,1,2,557.87,4.28,69,1.297,0.16
15,30,4,30,TRUE,TRUE,0.25,1.25,1,0.5,6,6,3,8,2,1,2,557.87,4.28,69,1.297,0.16
15,30,4,30,FALSE,TRUE,0.25,1,1,0.5,6,6,3,5,2,1,2,1072.82,4.28,69,3,0.568
15,30,4,30,FALSE,TRUE,0.25,1,1.25,0.5,6,6,3,5,2,1,2,1072.82,4.28,69,3,0.568
15,30,4,30,FALSE,TRUE,0.25,1,1.5,0.5,6,6,3,5,2,1,2,1072.82,4.28,69,3,0.568
15,30,4,30,FALSE,TRUE,0.25,1.25,1.5,0.5,6,6,3,5,2,1,2,1021.12,4.28,65,3,0.542
15,40,4,20,TRUE,TRUE,0.25,1.5,1,0.5,6,5,3,7,2,1,2,553.85,4.28,67,1.297,0.155
15,40,4,20,TRUE,TRUE,0.25,1.5,1,0.5,6,5,3,8,2,1,2,553.85,4.28,67,1.297,0.155
15,40,4,20,FALSE,TRUE,0.25,1,1,0.5,6,6,3,5,2,1,2,1080.43,4.28,70,3,0.572
15,40,4,20,FALSE,TRUE,0.25,1,1.25,0.5,6,6,3,5,2,1,2,1080.43,4.28,70,3,0.572
15,40,4,20,FALSE,TRUE,0.25,1,1.5,0.5,6,6,3,5,2,1,2,1080.43,4.28,70,3,0.572
15,40,4,20,FALSE,TRUE,0.25,1.5,1,0.5,6,7,3,7,2,1,2,1173.68,4.28,72,3,0.606
15,40,4,20,FALSE,TRUE,0.25,1.5,1,0.5,6,7,3,8,2,1,2,1173.68,4.28,72,3,0.606
15,40,4,30,TRUE,TRUE,0.25,1.25,1,0.5,6,5,3,6,2,1,2,552.7,4.28,66,1.297,0.151
15,40,4,30,TRUE,TRUE,0.25,1.5,1.25,0.5,6,6,3,5,2,1,2,541.24,4.28,64,1.297,0.134
15,20,5,20,TRUE,TRUE,0.25,1.25,1.5,0.5,6,4,3,5,2,1,2,515.33,4.28,57,1.297,0.082
15,20,5,20,TRUE,TRUE,0.25,1.5,1.25,0.5,6,6,3,5,2,1,2,518.83,4.28,58,1.297,0.092
15,20,5,20,FALSE,TRUE,0.25,1.25,1,0.5,6,6,3,5,2,1,2,1005.06,4.28,61,3,0.506
15,20,5,30,TRUE,TRUE,0.25,1.25,1.5,0.5,6,5,3,5,2,1,2,518.83,4.28,58,1.297,0.09
15,20,5,30,FALSE,TRUE,0.25,1.25,1,0.5,6,6,3,5,2,1,2,1005.06,4.28,61,3,0.506
15,30,5,20,TRUE,TRUE,0.25,1,1,0.5,6,5,3,6,2,1,2,567.8,4.28,63,1.297,0.159
15,30,5,20,TRUE,TRUE,0.25,1,1.25,0.5,6,6,3,6,2,1,2,574.64,4.28,65,1.297,0.172
15,30,5,20,TRUE,TRUE,0.25,1,1.5,0.5,6,6,3,6,2,1,2,574.64,4.28,65,1.297,0.172
15,30,5,20,TRUE,TRUE,0.25,1.25,1,0.5,6,5,3,6,2,1,2,553.92,4.28,62,1.297,0.139
15,30,5,20,FALSE,TRUE,0.25,1.25,1,0.5,6,6,3,5,2,1,2,1005.06,4.28,61,3,0.506
15,30,5,30,TRUE,TRUE,0.25,1,1,0.5,6,7,3,6,2,1,2,599.06,4.28,67,1.297,0.205
15,30,5,30,TRUE,TRUE,0.25,1.25,1.5,0.5,6,4,3,5,2,1,2,539.8,4.28,57,1.297,0.117
15,30,5,30,FALSE,TRUE,0.25,1.25,1,0.5,6,6,3,5,2,1,2,1005.06,4.28,61,3,0.506
15,40,5,20,TRUE,TRUE,0.25,1,1,0.5,6,6,3,6,2,1,2,570.39,4.28,63,1.297,0.165
15,40,5,20,FALSE,TRUE,0.25,1.25,1.25,0.5,6,5,3,5,2,1,2,988.56,4.28,58,3,0.501
15,40,5,30,TRUE,TRUE,0.25,1,1,0.5,6,5,3,7,2,1,2,576.93,4.28,64,1.297,0.175
15,40,5,30,TRUE,TRUE,0.25,1,1,0.5,6,5,3,8,2,1,2,576.93,4.28,64,1.297,0.175
15,40,5,30,TRUE,TRUE,0.25,1,1.25,0.5,6,5,3,7,2,1,2,576.93,4.28,64,1.297,0.175
15,40,5,30,TRUE,TRUE,0.25,1,1.25,0.5,6,5,3,8,2,1,2,576.93,4.28,64,1.297,0.175
15,40,5,30,TRUE,TRUE,0.25,1,1.5,0.5,6,5,3,7,2,1,2,576.93,4.28,64,1.297,0.175
15,40,5,30,TRUE,TRUE,0.25,1,1.5,0.5,6,5,3,8,2,1,2,576.93,4.28,64,1.297,0.175
15,40,5,30,TRUE,TRUE,0.25,1.5,1.25,0.5,6,5,3,6,2,1,2,549.39,4.28,58,1.297,0.136
15,40,5,30,FALSE,TRUE,0.25,1.25,1.25,0.5,6,5,3,5,2,1,2,988.56,4.28,58,3,0.501
15,20,6,30,TRUE,TRUE,0.25,1,1,0.5,6,4,3,7,2,1,2,477.09,4.28,48,1.297,0.011
15,20,6,30,TRUE,TRUE,0.25,1,1,0.5,6,4,3,8,2,1,2,477.09,4.28,48,1.297,0.011
15,20,6,30,TRUE,TRUE,0.25,1,1.25,0.5,6,4,3,7,2,1,2,477.09,4.28,48,1.297,0.011
15,20,6,30,TRUE,TRUE,0.25,1,1.25,0.5,6,4,3,8,2,1,2,477.09,4.28,48,1.297,0.011
15,20,6,30,TRUE,TRUE,0.25,1,1.5,0.5,6,4,3,7,2,1,2,477.09,4.28,48,1.297,0.011
15,20,6,30,TRUE,TRUE,0.25,1,1.5,0.5,6,4,3,8,2,1,2,477.09,4.28,48,1.297,0.011
15,30,6,20,TRUE,TRUE,0.25,1,1.25,0.5,6,4,3,6,2,1,2,475.43,4.28,47,1.297,0.006
15,30,6,20,TRUE,TRUE,0.25,1,1.5,0.5,6,4,3,6,2,1,2,475.43,4.28,47,1.297,0.006
15,30,6,20,TRUE,TRUE,0.25,1.5,1.5,0.5,6,6,3,6,2,1,2,454.19,4.28,45,1.297,-0.029
15,30,6,30,TRUE,TRUE,0.25,1,1,0.5,6,6,3,6,2,1,2,475.1,4.28,47,1.297,0.008
15,30,6,30,TRUE,TRUE,0.25,1.25,1.25,0.5,6,6,3,5,2,1,2,451.69,4.28,45,1.297,-0.038
15,30,6,30,TRUE,TRUE,0.25,1.25,1.5,0.5,6,6,3,5,2,1,2,451.69,4.28,45,1.297,-0.038
15,40,6,20,TRUE,TRUE,0.25,1.25,1,0.5,6,6,3,7,2,1,2,466.89,4.28,49,1.297,-0.006
15,40,6,20,TRUE,TRUE,0.25,1.25,1,0.5,6,6,3,8,2,1,2,466.89,4.28,49,1.297,-0.006
15,40,6,20,TRUE,TRUE,0.25,1.5,1,0.5,6,6,3,6,2,1,2,459.04,4.28,46,1.297,-0.021
15,40,6,20,TRUE,TRUE,0.25,1.5,1.5,0.5,6,6,3,7,2,1,2,457.35,4.28,46,1.297,-0.022
15,40,6,20,TRUE,TRUE,0.25,1.5,1.5,0.5,6,6,3,8,2,1,2,457.35,4.28,46,1.297,-0.022
15,40,6,30,TRUE,TRUE,0.25,1,1,0.5,6,7,3,7,2,1,2,486.83,4.28,51,1.297,0.033
15,40,6,30,TRUE,TRUE,0.25,1,1,0.5,6,7,3,8,2,1,2,486.83,4.28,51,1.297,0.033
15,40,6,30,TRUE,TRUE,0.25,1,1.25,0.5,6,7,3,7,2,1,2,486.83,4.28,51,1.297,0.033
15,40,6,30,TRUE,TRUE,0.25,1,1.25,0.5,6,7,3,8,2,1,2,486.83,4.28,51,1.297,0.033
15,40,6,30,TRUE,TRUE,0.25,1,1.5,0.5,6,7,3,7,2,1,2,486.83,4.28,51,1.297,0.033
15,40,6,30,TRUE,TRUE,0.25,1,1.5,0.5,6,7,3,8,2,1,2,486.83,4.28,51,1.297,0.033
15,40,6,30,TRUE,TRUE,0.25,1.5,1.25,0.5,6,4,3,6,2,1,2,454.95,4.28,43,1.297,-0.03
10,20,4,20,TRUE,TRUE,0.25,1.5,1.25,0.5,6,6,3,5,2,1,2,520.17,4.27,66,1.497,0.106
10,20,4,20,TRUE,TRUE,0.25,1.5,1.5,0.5,6,7,3,6,2,1,2,593.17,4.27,71,1.497,0.207
10,20,4,20,FALSE,TRUE,0.25,1.25,1.5,0.5,6,7,3,5,2,1,2,1085.23,4.27,69,3,0.568
10,30,4,20,FALSE,TRUE,0.25,1.25,1.5,0.5,6,7,3,5,2,1,2,1085.23,4.27,69,3,0.568
10,30,4,30,TRUE,TRUE,0.25,1.25,1,0.5,6,7,3,7,2,1,2,609.44,4.27,74,1.497,0.237
10,30,4,30,TRUE,TRUE,0.25,1.25,1,0.5,6,7,3,8,2,1,2,609.44,4.27,74,1.497,0.237
10,40,4,20,TRUE,TRUE,0.25,1.25,1.25,0.5,6,4,3,7,2,1,2,571.45,4.27,68,1.497,0.185
10,40,4,20,TRUE,TRUE,0.25,1.25,1.25,0.5,6,4,3,8,2,1,2,571.45,4.27,68,1.497,0.185
10,40,4,30,TRUE,TRUE,0.25,1.25,1.5,0.5,6,4,3,6,2,1,2,532.56,4.27,62,1.497,0.12
10,20,5,20,TRUE,TRUE,0.25,1,1,0.5,6,5,3,6,2,1,2,542.57,4.27,63,1.497,0.128
10,20,5,20,TRUE,TRUE,0.25,1.25,1.5,0.5,6,5,3,7,2,1,2,558.17,4.27,64,1.497,0.16
10,20,5,20,TRUE,TRUE,0.25,1.25,1.5,0.5,6,5,3,8,2,1,2,558.17,4.27,64,1.497,0.16
10,20,5,20,FALSE,TRUE,0.25,1,1,0.5,6,5,3,7,2,1,2,1116.2,4.27,67,3,0.584
10,20,5,20,FALSE,TRUE,0.25,1,1,0.5,6,5,3,8,2,1,2,1116.2,4.27,67,3,0.584
10,20,5,20,FALSE,TRUE,0.25,1,1.25,0.5,6,5,3,7,2,1,2,1114.57,4.27,67,3,0.583
10,20,5,20,FALSE,TRUE,0.25,1,1.25,0.5,6,5,3,8,2,1,2,1114.57,4.27,67,3,0.583
10,20,5,20,FALSE,TRUE,0.25,1,1.5,0.5,6,5,3,7,2,1,2,1114.57,4.27,67,3,0.583
10,20,5,20,FALSE,TRUE,0.25,1,1.5,0.5,6,5,3,8,2,1,2,1114.57,4.27,67,3,0.583
10,20,5,20,FALSE,TRUE,0.25,1.25,1,0.5,6,5,3,7,2,1,2,1088.21,4.27,66,3,0.568
10,20,5,20,FALSE,TRUE,0.25,1.25,1,0.5,6,5,3,8,2,1,2,1088.21,4.27,66,3,0.568
10,20,5,30,FALSE,TRUE,0.25,1,1,0.5,6,5,3,7,2,1,2,1116.2,4.27,67,3,0.584
10,20,5,30,FALSE,TRUE,0.25,1,1,0.5,6,5,3,8,2,1,2,1116.2,4.27,67,3,0.584
10,20,5,30,FALSE,TRUE,0.25,1,1.25,0.5,6,5,3,7,2,1,2,1114.57,4.27,67,3,0.583
10,20,5,30,FALSE,TRUE,0.25,1,1.25,0.5,6,5,3,8,2,1,2,1114.57,4.27,67,3,0.583
10,20,5,30,FALSE,TRUE,0.25,1,1.5,0.5,6,5,3,7,2,1,2,1114.57,4.27,67,3,0.583
10,20,5,30,FALSE,TRUE,0.25,1,1.5,0.5,6,5,3,8,2,1,2,1114.57,4.27,67,3,0.583
10,20,5,30,FALSE,TRUE,0.25,1.25,1,0.5,6,5,3,7,2,1,2,1088.21,4.27,66,3,0.568
10,20,5,30,FALSE,TRUE,0.25,1.25,1,0.5,6,5,3,8,2,1,2,1088.21,4.27,66,3,0.568
10,30,5,20,FALSE,TRUE,0.25,1,1,0.5,6,5,3,7,2,1,2,1116.2,4.27,67,3,0.584
10,30,5,20,FALSE,TRUE,0.25,1,1,0.5,6,5,3,8,2,1,2,1116.2,4.27,67,3,0.584
10,30,5,20,FALSE,TRUE,0.25,1,1.25,0.5,6,5,3,7,2,1,2,1114.57,4.27,67,3,0.583
10,30,5,20,FALSE,TRUE,0.25,1,1.25,0.5,6,5,3,8,2,1,2,1114.57,4.27,67,3,0.583
10,30,5,20,FALSE,TRUE,0.25,1,1.5,0.5,6,5,3,7,2,1,2,1114.57,4.27,67,3,0.583
10,30,5,20,FALSE,TRUE,0.25,1,1.5,0.5,6,5,3,8,2,1,2,1114.57,4.27,67,3,0.583
10,30,5,20,FALSE,TRUE,0.25,1.25,1,0.5,6,5,3,7,2,1,2,1088.21,4.27,66,3,0.568
10,30,5,20,FALSE,TRUE,0.25,1.25,1,0.5,6,5,3,8,2,1,2,1088.21,4.27,66,3,0.568
10,30,5,30,TRUE,TRUE,0.25,1,1.25,0.5,6,4,3,5,2,1,2,559.66,4.27,61,1.497,0.146
10,30,5,30,TRUE,TRUE,0.25,1,1.5,0.5,6,4,3,5,2,1,2,559.66,4.27,61,1.497,0.146
10,30,5,30,TRUE,TRUE,0.25,1.25,1,0.5,6,4,3,5,2,1,2,543.33,4.27,59,1.497,0.122
10,30,5,30,FALSE,TRUE,0.25,1,1,0.5,6,5,3,7,2,1,2,1116.2,4.27,67,3,0.584
10,30,5,30,FALSE,TRUE,0.25,1,1,0.5,6,5,3,8,2,1,2,1116.2,4.27,67,3,0.584
10,30,5,30,FALSE,TRUE,0.25,1,1.25,0.5,6,5,3,7,2,1,2,1114.57,4.27,67,3,0.583
10,30,5,30,FALSE,TRUE,0.25,1,1.25,0.5,6,5,3,8,2,1,2,1114.57,4.27,67,3,0.583
10,30,5,30,FALSE,TRUE,0.25,1,1.5,0.5,6,5,3,7,2,1,2,1114.57,4.27,67,3,0.583
10,30,5,30,FALSE,TRUE,0.25,1,1.5,0.5,6,5,3,8,2,1,2,1114.57,4.27,67,3,0.583
10,30,5,30,FALSE,TRUE,0.25,1.25,1,0.5,6,5,3,7,2,1,2,1088.21,4.27,66,3,0.568
10,30,5,30,FALSE,TRUE,0.25,1.25,1,0.5,6,5,3,8,2,1,2,1088.21,4.27,66,3,0.568
10,20,6,20,TRUE,TRUE,0.25,1.5,1,0.5,6,5,3,7,2,1,2,493.16,4.27,52,1.497,0.049
10,20,6,20,TRUE,TRUE,0.25,1.5,1,0.5,6,5,3,8,2,1,2,493.16,4.27,52,1.497,0.049
10,30,6,20,TRUE,TRUE,0.25,1.5,1.5,0.5,6,6,3,5,2,1,2,453.15,4.27,47,1.497,-0.034
15,20,4,20,TRUE,TRUE,0.25,1,1,0.5,6,4,3,5,2,1,2,549.75,4.27,70,1.297,0.147
15,20,4,20,TRUE,TRUE,0.25,1,1.25,0.5,6,4,3,5,2,1,2,549.75,4.27,70,1.297,0.147
15,20,4,20,TRUE,TRUE,0.25,1,1.5,0.5,6,4,3,5,2,1,2,549.75,4.27,70,1.297,0.147
15,20,4,20,TRUE,TRUE,0.25,1.25,1.25,0.5,6,7,3,5,2,1,2,552.91,4.27,70,1.297,0.157
15,20,4,20,TRUE,TRUE,0.25,1.25,1.5,0.5,6,4,3,5,2,1,2,525.54,4.27,65,1.297,0.111
15,20,4,30,TRUE,TRUE,0.25,1.25,1,0.5,6,7,3,7,2,1,2,562.77,4.27,72,1.297,0.171
15,20,4,30,TRUE,TRUE,0.25,1.25,1,0.5,6,7,3,8,2,1,2,562.77,4.27,72,1.297,0.171
15,30,4,30,TRUE,TRUE,0.25,1.25,1.25,0.5,6,6,3,5,2,1,2,543.51,4.27,66,1.297,0.139
15,40,4,20,TRUE,TRUE,0.25,1,1,0.5,6,5,3,6,2,1,2,571.62,4.27,70,1.297,0.178
15,40,4,20,TRUE,TRUE,0.25,1,1.25,0.5,6,5,3,6,2,1,2,571.62,4.27,70,1.297,0.178
15,40,4,20,TRUE,TRUE,0.25,1,1.5,0.5,6,5,3,6,2,1,2,571.62,4.27,70,1.297,0.178
15,40,4,20,TRUE,TRUE,0.25,1.25,1.25,0.5,6,4,3,5,2,1,2,544.43,4.27,65,1.297,0.138
15,40,4,20,TRUE,TRUE,0.25,1.5,1.5,0.5,6,6,3,5,2,1,2,542.56,4.27,65,1.297,0.138
15,40,4,20,FALSE,TRUE,0.25,1.5,1,0.5,6,7,3,6,2,1,2,1167.99,4.27,71,3,0.601
15,40,4,30,TRUE,TRUE,0.25,1.5,1.25,0.5,6,5,3,5,2,1,2,538.43,4.27,63,1.297,0.129
15,40,4,30,FALSE,TRUE,0.25,1.25,1.5,0.5,6,4,3,5,2,1,2,1011.5,4.27,62,3,0.531
15,40,4,30,FALSE,TRUE,0.25,1.5,1.5,0.5,6,6,3,5,2,1,2,1015.18,4.27,63,3,0.539
15,40,4,30,FALSE,TRUE,0.25,1.5,1.5,0.5,6,7,3,7,2,1,2,1151.14,4.27,69,3,0.596
15,40,4,30,FALSE,TRUE,0.25,1.5,1.5,0.5,6,7,3,8,2,1,2,1151.14,4.27,69,3,0.596
15,20,5,20,FALSE,TRUE,0.25,1.5,1.25,0.5,6,4,3,5,2,1,2,985.93,4.27,56,3,0.498
15,20,5,30,FALSE,TRUE,0.25,1.5,1.25,0.5,6,4,3,5,2,1,2,985.93,4.27,56,3,0.498
15,30,5,20,TRUE,TRUE,0.25,1.25,1.25,0.5,6,4,3,5,2,1,2,538.29,4.27,58,1.297,0.114
15,30,5,20,FALSE,TRUE,0.25,1.5,1.25,0.5,6,4,3,5,2,1,2,985.93,4.27,56,3,0.498
15,30,5,30,FALSE,TRUE,0.25,1.5,1.25,0.5,6,4,3,5,2,1,2,985.93,4.27,56,3,0.498
15,40,5,20,TRUE,TRUE,0.25,1.5,1.25,0.5,6,4,3,7,2,1,2,547.12,4.27,58,1.297,0.131
15,40,5,20,TRUE,TRUE,0.25,1.5,1.25,0.5,6,4,3,8,2,1,2,547.12,4.27,58,1.297,0.131
15,40,5,30,TRUE,TRUE,0.25,1,1,0.5,6,4,3,5,2,1,2,560.66,4.27,60,1.297,0.145
15,40,5,30,TRUE,TRUE,0.25,1,1.25,0.5,6,4,3,5,2,1,2,560.66,4.27,60,1.297,0.145
15,40,5,30,TRUE,TRUE,0.25,1,1.5,0.5,6,4,3,5,2,1,2,560.66,4.27,60,1.297,0.145
15,40,5,30,TRUE,TRUE,0.25,1.25,1,0.5,6,5,3,7,2,1,2,562.87,4.27,63,1.297,0.155
15,40,5,30,TRUE,TRUE,0.25,1.25,1,0.5,6,5,3,8,2,1,2,562.87,4.27,63,1.297,0.155
15,40,5,30,TRUE,TRUE,0.25,1.25,1.5,0.5,6,6,3,5,2,1,2,542.23,4.27,58,1.297,0.123
15,40,5,30,TRUE,TRUE,0.25,1.5,1.5,0.5,6,6,3,7,2,1,2,550.67,4.27,59,1.297,0.141
15,40,5,30,TRUE,TRUE,0.25,1.5,1.5,0.5,6,6,3,8,2,1,2,550.67,4.27,59,1.297,0.141
15,20,6,20,TRUE,TRUE,0.25,1.25,1,0.5,6,6,3,6,2,1,2,455.46,4.27,47,1.297,-0.03
15,20,6,20,TRUE,TRUE,0.25,1.25,1.25,0.5,6,5,3,6,2,1,2,456.85,4.27,47,1.297,-0.025
15,20,6,20,TRUE,TRUE,0.25,1.25,1.5,0.5,6,5,3,6,2,1,2,456.85,4.27,47,1.297,-0.025
15,20,6,20,TRUE,TRUE,0.25,1.5,1,0.5,6,4,3,7,2,1,2,452.14,4.27,45,1.297,-0.036
15,20,6,20,TRUE,TRUE,0.25,1.5,1,0.5,6,4,3,8,2,1,2,452.14,4.27,45,1.297,-0.036
15,20,6,30,TRUE,TRUE,0.25,1,1,0.5,6,7,3,6,2,1,2,474.59,4.27,49,1.297,0.008
15,30,6,30,TRUE,TRUE,0.25,1,1.25,0.5,6,7,3,6,2,1,2,483.66,4.27,50,1.297,0.026
15,30,6,30,TRUE,TRUE,0.25,1,1.5,0.5,6,7,3,6,2,1,2,483.66,4.27,50,1.297,0.026
15,30,6,30,TRUE,TRUE,0.25,1.5,1.25,0.5,6,6,3,7,2,1,2,460.2,4.27,46,1.297,-0.015
15,30,6,30,TRUE,TRUE,0.25,1.5,1.25,0.5,6,6,3,8,2,1,2,460.2,4.27,46,1.297,-0.015
15,40,6,20,TRUE,TRUE,0.25,1.5,1.25,0.5,6,6,3,6,2,1,2,455.39,4.27,45,1.297,-0.026
15,40,6,30,TRUE,TRUE,0.25,1.5,1.5,0.5,6,4,3,6,2,1,2,453.15,4.27,43,1.297,-0.035
10,20,4,20,FALSE,TRUE,0.25,1,1,0.5,6,7,3,5,2,1,2,1080.91,4.26,72,3,0.574
10,20,4,20,FALSE,TRUE,0.25,1.25,1.25,0.5,6,5,3,5,2,1,2,1021.96,4.26,66,3,0.545
10,20,4,30,TRUE,TRUE,0.25,1,1,0.5,6,4,3,5,2,1,2,539.92,4.26,67,1.497,0.133
10,20,4,30,TRUE,TRUE,0.25,1,1.25,0.5,6,4,3,5,2,1,2,539.12,4.26,67,1.497,0.131
10,20,4,30,TRUE,TRUE,0.25,1,1.5,0.5,6,4,3,5,2,1,2,539.12,4.26,67,1.497,0.131
10,20,4,30,TRUE,TRUE,0.25,1.25,1,0.5,6,7,3,7,2,1,2,589.26,4.26,74,1.497,0.212
10,20,4,30,TRUE,TRUE,0.25,1.25,1,0.5,6,7,3,8,2,1,2,589.26,4.26,74,1.497,0.212
10,20,4,30,FALSE,TRUE,0.25,1.5,1.25,0.5,6,6,3,5,2,1,2,1011.02,4.26,64,3,0.537
10,30,4,20,FALSE,TRUE,0.25,1,1,0.5,6,7,3,5,2,1,2,1080.91,4.26,72,3,0.574
10,30,4,20,FALSE,TRUE,0.25,1.25,1.25,0.5,6,5,3,5,2,1,2,1021.96,4.26,66,3,0.545
10,30,4,30,TRUE,TRUE,0.25,1,1,0.5,6,4,3,5,2,1,2,559.16,4.26,67,1.497,0.159
10,30,4,30,TRUE,TRUE,0.25,1,1.25,0.5,6,4,3,5,2,1,2,558.36,4.26,67,1.497,0.158
10,30,4,30,TRUE,TRUE,0.25,1,1.5,0.5,6,4,3,5,2,1,2,558.36,4.26,67,1.497,0.158
10,30,4,30,FALSE,TRUE,0.25,1.5,1.25,0.5,6,6,3,5,2,1,2,1011.02,4.26,64,3,0.537
10,40,4,20,TRUE,TRUE,0.25,1.25,1.5,0.5,6,6,3,6,2,1,2,540.62,4.26,66,1.497,0.136
10,40,4,20,FALSE,TRUE,0.25,1.5,1.5,0.5,6,5,3,7,2,1,2,1079.47,4.26,67,3,0.582
10,40,4,20,FALSE,TRUE,0.25,1.5,1.5,0.5,6,5,3,8,2,1,2,1079.47,4.26,67,3,0.582
10,20,5,20,TRUE,TRUE,0.25,1,1.25,0.5,6,6,3,6,2,1,2,548.61,4.26,65,1.497,0.14
10,20,5,20,TRUE,TRUE,0.25,1,1.5,0.5,6,6,3,6,2,1,2,548.61,4.26,65,1.497,0.14
10,20,5,20,TRUE,TRUE,0.25,1.5,1,0.5,6,4,3,7,2,1,2,552.7,4.26,62,1.497,0.149
10,20,5,20,TRUE,TRUE,0.25,1.5,1,0.5,6,4,3,8,2,1,2,552.7,4.26,62,1.497,0.149
10,20,5,20,FALSE,TRUE,0.25,1.5,1.25,0.5,6,4,3,6,2,1,2,994.51,4.26,58,3,0.511
10,20,5,30,TRUE,TRUE,0.25,1,1,0.5,6,4,3,5,2,1,2,535.75,4.26,61,1.497,0.114
10,20,5,30,TRUE,TRUE,0.25,1.25,1.5,0.5,6,6,3,5,2,1,2,516.77,4.26,59,1.497,0.088
10,20,5,30,TRUE,TRUE,0.25,1.5,1,0.5,6,6,3,6,2,1,2,527.48,4.26,61,1.497,0.107
10,20,5,30,FALSE,TRUE,0.25,1.5,1.25,0.5,6,4,3,6,2,1,2,994.51,4.26,58,3,0.511
10,30,5,20,TRUE,TRUE,0.25,1.25,1.5,0.5,6,5,3,6,2,1,2,549.11,4.26,61,1.497,0.137
10,30,5,20,FALSE,TRUE,0.25,1.5,1.25,0.5,6,4,3,6,2,1,2,994.51,4.26,58,3,0.511
10,30,5,30,TRUE,TRUE,0.25,1,1.25,0.5,6,5,3,6,2,1,2,571.97,4.26,64,1.497,0.168
10,30,5,30,TRUE,TRUE,0.25,1,1.5,0.5,6,5,3,6,2,1,2,571.97,4.26,64,1.497,0.168
10,30,5,30,TRUE,TRUE,0.25,1.5,1,0.5,6,4,3,7,2,1,2,578.77,4.26,62,1.497,0.184
10,30,5,30,TRUE,TRUE,0.25,1.5,1,0.5,6,4,3,8,2,1,2,578.77,4.26,62,1.497,0.184
10,30,5,30,FALSE,TRUE,0.25,1.5,1.25,0.5,6,4,3,6,2,1,2,994.51,4.26,58,3,0.511
10,40,5,20,FALSE,TRUE,0.25,1,1,0.5,6,5,3,6,2,1,2,1036.63,4.26,61,3,0.528
10,40,5,20,FALSE,TRUE,0.25,1.25,1,0.5,6,5,3,6,2,1,2,1008.64,4.26,60,3,0.511
10,40,5,30,FALSE,TRUE,0.25,1,1,0.5,6,5,3,6,2,1,2,1036.63,4.26,61,3,0.528
10,40,5,30,FALSE,TRUE,0.25,1.25,1,0.5,6,5,3,6,2,1,2,1008.64,4.26,60,3,0.511
10,20,6,20,TRUE,TRUE,0.25,1.5,1,0.5,6,4,3,5,2,1,2,448.91,4.26,46,1.497,-0.044
10,20,6,20,TRUE,TRUE,0.25,1.5,1.25,0.5,6,5,3,7,2,1,2,488.68,4.26,51,1.497,0.043
10,20,6,20,TRUE,TRUE,0.25,1.5,1.25,0.5,6,5,3,8,2,1,2,488.68,4.26,51,1.497,0.043
10,20,6,20,FALSE,TRUE,0.25,1.5,1.25,0.5,6,5,3,5,2,1,2,760,4.26,46,3,0.36
10,20,6,30,FALSE,TRUE,0.25,1.5,1.25,0.5,6,5,3,5,2,1,2,760,4.26,46,3,0.36
10,30,6,20,FALSE,TRUE,0.25,1.5,1.25,0.5,6,5,3,5,2,1,2,760,4.26,46,3,0.36
10,30,6,30,FALSE,TRUE,0.25,1.5,1.25,0.5,6,5,3,5,2,1,2,760,4.26,46,3,0.36
15,20,4,20,TRUE,TRUE,0.25,1.5,1,0.5,6,6,3,5,2,1,2,530.79,4.26,67,1.297,0.122
15,20,4,20,FALSE,TRUE,0.25,1.25,1.5,0.5,6,4,3,5,2,1,2,1023.2,4.26,65,3,0.539
15,20,4,20,FALSE,TRUE,0.25,1.5,1,0.5,6,5,3,5,2,1,2,1035.76,4.26,66,3,0.549
15,20,4,30,FALSE,TRUE,0.25,1,1,0.5,6,5,3,5,2,1,2,1066.11,4.26,68,3,0.563
15,20,4,30,FALSE,TRUE,0.25,1,1.25,0.5,6,5,3,5,2,1,2,1066.11,4.26,68,3,0.563
15,20,4,30,FALSE,TRUE,0.25,1,1.5,0.5,6,5,3,5,2,1,2,1066.11,4.26,68,3,0.563
15,20,4,30,FALSE,TRUE,0.25,1.25,1.5,0.5,6,5,3,5,2,1,2,1014.42,4.26,64,3,0.536
15,30,4,20,TRUE,TRUE,0.25,1.5,1.5,0.5,6,5,3,5,2,1,2,542.02,4.26,65,1.297,0.138
15,30,4,20,FALSE,TRUE,0.25,1.25,1.5,0.5,6,4,3,5,2,1,2,1023.2,4.26,65,3,0.539
15,30,4,20,FALSE,TRUE,0.25,1.5,1,0.5,6,5,3,5,2,1,2,1035.76,4.26,66,3,0.549
15,30,4,30,TRUE,TRUE,0.25,1.25,1,0.5,6,6,3,6,2,1,2,554.13,4.26,68,1.297,0.153
15,30,4,30,TRUE,TRUE,0.25,1.25,1.25,0.5,6,5,3,5,2,1,2,540.71,4.26,65,1.297,0.134
15,30,4,30,FALSE,TRUE,0.25,1,1,0.5,6,5,3,5,2,1,2,1066.11,4.26,68,3,0.563
15,30,4,30,FALSE,TRUE,0.25,1,1.25,0.5,6,5,3,5,2,1,2,1066.11,4.26,68,3,0.563
15,30,4,30,FALSE,TRUE,0.25,1,1.5,0.5,6,5,3,5,2,1,2,1066.11,4.26,68,3,0.563
15,30,4,30,FALSE,TRUE,0.25,1.25,1.5,0.5,6,5,3,5,2,1,2,1014.42,4.26,64,3,0.536
15,40,4,20,TRUE,TRUE,0.25,1.25,1,0.5,6,7,3,7,2,1,2,585.74,4.26,73,1.297,0.202
15,40,4,20,TRUE,TRUE,0.25,1.25,1,0.5,6,7,3,8,2,1,2,585.74,4.26,73,1.297,0.202
15,40,4,20,TRUE,TRUE,0.25,1.5,1,0.5,6,5,3,6,2,1,2,550.09,4.26,66,1.297,0.148
15,40,4,20,TRUE,TRUE,0.25,1.5,1.25,0.5,6,7,3,7,2,1,2,619.64,4.26,72,1.297,0.237
15,40,4,20,TRUE,TRUE,0.25,1.5,1.25,0.5,6,7,3,8,2,1,2,619.64,4.26,72,1.297,0.237
15,40,4,30,TRUE,TRUE,0.25,1.5,1,0.5,6,5,3,7,2,1,2,550.4,4.26,66,1.297,0.15
15,40,4,30,TRUE,TRUE,0.25,1.5,1,0.5,6,5,3,8,2,1,2,550.4,4.26,66,1.297,0.15
15,40,4,30,TRUE,TRUE,0.25,1.5,1,0.5,6,6,3,7,2,1,2,550.4,4.26,66,1.297,0.15
15,40,4,30,TRUE,TRUE,0.25,1.5,1,0.5,6,6,3,8,2,1,2,550.4,4.26,66,1.297,0.15
15,40,4,30,FALSE,TRUE,0.25,1.25,1,0.5,6,7,3,7,2,1,2,1110.42,4.26,71,3,0.577
15,40,4,30,FALSE,TRUE,0.25,1.25,1,0.5,6,7,3,8,2,1,2,1110.42,4.26,71,3,0.577
15,20,5,20,TRUE,TRUE,0.25,1,1,0.5,6,7,3,6,2,1,2,572.2,4.26,67,1.297,0.172
15,20,5,20,FALSE,TRUE,0.25,1.5,1.5,0.5,6,6,3,5,2,1,2,987.89,4.26,57,3,0.508
15,20,5,30,FALSE,TRUE,0.25,1.5,1.5,0.5,6,6,3,5,2,1,2,987.89,4.26,57,3,0.508
15,30,5,20,TRUE,TRUE,0.25,1.25,1,0.5,6,7,3,7,2,1,2,587.1,4.26,68,1.297,0.191
15,30,5,20,TRUE,TRUE,0.25,1.25,1,0.5,6,7,3,8,2,1,2,587.1,4.26,68,1.297,0.191
15,30,5,20,TRUE,TRUE,0.25,1.5,1,0.5,6,4,3,5,2,1,2,539.24,4.26,57,1.297,0.116
15,30,5,20,FALSE,TRUE,0.25,1.5,1.5,0.5,6,6,3,5,2,1,2,987.89,4.26,57,3,0.508
15,30,5,30,TRUE,TRUE,0.25,1.5,1.5,0.5,6,5,3,7,2,1,2,550.1,4.26,59,1.297,0.14
15,30,5,30,TRUE,TRUE,0.25,1.5,1.5,0.5,6,5,3,8,2,1,2,550.1,4.26,59,1.297,0.14
15,30,5,30,FALSE,TRUE,0.25,1.5,1.5,0.5,6,6,3,5,2,1,2,987.89,4.26,57,3,0.508
15,40,5,20,TRUE,TRUE,0.25,1.25,1.25,0.5,6,6,3,5,2,1,2,540.9,4.26,59,1.297,0.121
15,40,5,20,TRUE,TRUE,0.25,1.25,1.5,0.5,6,5,3,7,2,1,2,553.08,4.26,61,1.297,0.143
15,40,5,20,TRUE,TRUE,0.25,1.25,1.5,0.5,6,5,3,8,2,1,2,553.08,4.26,61,1.297,0.143
15,40,5,20,TRUE,TRUE,0.25,1.5,1,0.5,6,6,3,7,2,1,2,552.91,4.26,61,1.297,0.141
15,40,5,20,TRUE,TRUE,0.25,1.5,1,0.5,6,6,3,8,2,1,2,552.91,4.26,61,1.297,0.141
15,40,5,20,FALSE,TRUE,0.25,1,1,0.5,6,7,3,6,2,1,2,1110.88,4.26,66,3,0.559
15,40,5,20,FALSE,TRUE,0.25,1.5,1.5,0.5,6,4,3,7,2,1,2,995.96,4.26,57,3,0.509
15,40,5,20,FALSE,TRUE,0.25,1.5,1.5,0.5,6,4,3,8,2,1,2,995.96,4.26,57,3,0.509
15,40,5,30,FALSE,TRUE,0.25,1,1,0.5,6,7,3,6,2,1,2,1110.88,4.26,66,3,0.559
15,40,5,30,FALSE,TRUE,0.25,1.5,1.5,0.5,6,4,3,7,2,1,2,995.96,4.26,57,3,0.509
15,40,5,30,FALSE,TRUE,0.25,1.5,1.5,0.5,6,4,3,8,2,1,2,995.96,4.26,57,3,0.509
15,20,6,30,TRUE,TRUE,0.25,1,1.25,0.5,6,4,3,6,2,1,2,473.65,4.26,47,1.297,0.004
15,20,6,30,TRUE,TRUE,0.25,1,1.5,0.5,6,4,3,6,2,1,2,473.65,4.26,47,1.297,0.004
15,20,6,30,TRUE,TRUE,0.25,1.25,1.25,0.5,6,7,3,5,2,1,2,453.43,4.26,47,1.297,-0.032
15,20,6,30,TRUE,TRUE,0.25,1.25,1.5,0.5,6,7,3,5,2,1,2,453.43,4.26,47,1.297,-0.032
15,30,6,30,TRUE,TRUE,0.25,1.5,1.5,0.5,6,6,3,7,2,1,2,458.4,4.26,46,1.297,-0.02
15,30,6,30,TRUE,TRUE,0.25,1.5,1.5,0.5,6,6,3,8,2,1,2,458.4,4.26,46,1.297,-0.02
15,40,6,20,TRUE,TRUE,0.25,1,1.25,0.5,6,4,3,6,2,1,2,474.82,4.26,47,1.297,0.005
15,40,6,20,TRUE,TRUE,0.25,1,1.5,0.5,6,4,3,6,2,1,2,474.82,4.26,47,1.297,0.005
15,40,6,20,TRUE,TRUE,0.25,1.5,1.5,0.5,6,6,3,6,2,1,2,453.59,4.26,45,1.297,-0.031
15,40,6,30,TRUE,TRUE,0.25,1,1,0.5,6,6,3,6,2,1,2,474.49,4.26,47,1.297,0.006
15,40,6,30,TRUE,TRUE,0.25,1,1.25,0.5,6,7,3,6,2,1,2,483.06,4.26,50,1.297,0.025
15,40,6,30,TRUE,TRUE,0.25,1,1.5,0.5,6,7,3,6,2,1,2,483.06,4.26,50,1.297,0.025
15,40,6,30,TRUE,TRUE,0.25,1.25,1.25,0.5,6,6,3,5,2,1,2,451.09,4.26,45,1.297,-0.039
15,40,6,30,TRUE,TRUE,0.25,1.25,1.5,0.5,6,6,3,5,2,1,2,451.09,4.26,45,1.297,-0.039
10,20,4,20,TRUE,TRUE,0.25,1,1,0.5,6,5,3,6,2,1,2,547.5,4.25,70,1.497,0.146
10,20,4,20,TRUE,TRUE,0.25,1.25,1,0.5,6,6,3,7,2,1,2,567,4.25,72,1.497,0.181
10,20,4,20,TRUE,TRUE,0.25,1.25,1,0.5,6,6,3,8,2,1,2,567,4.25,72,1.497,0.181
10,20,4,20,FALSE,TRUE,0.25,1,1.25,0.5,6,7,3,5,2,1,2,1079.29,4.25,72,3,0.572
10,20,4,20,FALSE,TRUE,0.25,1,1.5,0.5,6,7,3,5,2,1,2,1079.29,4.25,72,3,0.572
10,20,4,30,TRUE,TRUE,0.25,1.25,1.25,0.5,6,4,3,5,2,1,2,514.15,4.25,63,1.497,0.092
10,30,4,20,TRUE,TRUE,0.25,1.25,1.25,0.5,6,7,3,5,2,1,2,567.36,4.25,70,1.497,0.176
10,30,4,20,TRUE,TRUE,0.25,1.5,1,0.5,6,4,3,7,2,1,2,572.99,4.25,68,1.497,0.187
10,30,4,20,TRUE,TRUE,0.25,1.5,1,0.5,6,4,3,8,2,1,2,572.99,4.25,68,1.497,0.187
10,30,4,20,TRUE,TRUE,0.25,1.5,1.5,0.5,6,5,3,6,2,1,2,537.21,4.25,65,1.497,0.131
10,30,4,20,FALSE,TRUE,0.25,1,1.25,0.5,6,7,3,5,2,1,2,1079.29,4.25,72,3,0.572
10,30,4,20,FALSE,TRUE,0.25,1,1.5,0.5,6,7,3,5,2,1,2,1079.29,4.25,72,3,0.572
10,30,4,30,TRUE,TRUE,0.25,1.25,1.25,0.5,6,4,3,5,2,1,2,533.2,4.25,63,1.497,0.121
10,40,4,20,FALSE,TRUE,0.25,1.25,1,0.5,6,6,3,6,2,1,2,1046.14,4.25,68,3,0.557
10,40,4,20,FALSE,TRUE,0.25,1.25,1.5,0.5,6,5,3,7,2,1,2,1086.28,4.25,68,3,0.585
10,40,4,20,FALSE,TRUE,0.25,1.25,1.5,0.5,6,5,3,8,2,1,2,1086.28,4.25,68,3,0.585
10,40,4,20,FALSE,TRUE,0.25,1.5,1,0.5,6,6,3,7,2,1,2,1095.59,4.25,69,3,0.59
10,40,4,20,FALSE,TRUE,0.25,1.5,1,0.5,6,6,3,8,2,1,2,1095.59,4.25,69,3,0.59
10,40,4,20,FALSE,TRUE,0.25,1.5,1.5,0.5,6,7,3,7,2,1,2,1211.2,4.25,73,3,0.631
10,40,4,20,FALSE,TRUE,0.25,1.5,1.5,0.5,6,7,3,8,2,1,2,1211.2,4.25,73,3,0.631
10,40,4,30,TRUE,TRUE,0.25,1,1,0.5,6,4,3,7,2,1,2,592.18,4.25,71,1.497,0.213
10,40,4,30,TRUE,TRUE,0.25,1,1,0.5,6,4,3,8,2,1,2,592.18,4.25,71,1.497,0.213
10,40,4,30,TRUE,TRUE,0.25,1.25,1.25,0.5,6,6,3,6,2,1,2,536.32,4.25,65,1.497,0.128
10,40,4,30,TRUE,TRUE,0.25,1.5,1.25,0.5,6,4,3,6,2,1,2,529.16,4.25,62,1.497,0.113
10,40,4,30,FALSE,TRUE,0.25,1.5,1.25,0.5,6,7,3,6,2,1,2,1142.01,4.25,69,3,0.588
10,20,5,20,FALSE,TRUE,0.25,1.25,1.25,0.5,6,7,3,5,2,1,2,1061.93,4.25,64,3,0.541
10,20,5,20,FALSE,TRUE,0.25,1.5,1.5,0.5,6,6,3,6,2,1,2,996.48,4.25,59,3,0.52
10,20,5,30,TRUE,TRUE,0.25,1,1,0.5,6,6,3,7,2,1,2,583.99,4.25,68,1.497,0.198
10,20,5,30,TRUE,TRUE,0.25,1,1,0.5,6,6,3,8,2,1,2,583.99,4.25,68,1.497,0.198
10,20,5,30,TRUE,TRUE,0.25,1,1.25,0.5,6,4,3,5,2,1,2,534.95,4.25,61,1.497,0.113
10,20,5,30,TRUE,TRUE,0.25,1,1.25,0.5,6,6,3,7,2,1,2,583.2,4.25,68,1.497,0.197
10,20,5,30,TRUE,TRUE,0.25,1,1.25,0.5,6,6,3,8,2,1,2,583.2,4.25,68,1.497,0.197
10,20,5,30,TRUE,TRUE,0.25,1,1.5,0.5,6,4,3,5,2,1,2,534.95,4.25,61,1.497,0.113
10,20,5,30,TRUE,TRUE,0.25,1,1.5,0.5,6,6,3,7,2,1,2,583.2,4.25,68,1.497,0.197
10,20,5,30,TRUE,TRUE,0.25,1,1.5,0.5,6,6,3,8,2,1,2,583.2,4.25,68,1.497,0.197
10,20,5,30,TRUE,TRUE,0.25,1.25,1,0.5,6,4,3,5,2,1,2,518.83,4.25,59,1.497,0.087
10,20,5,30,FALSE,TRUE,0.25,1.25,1.25,0.5,6,7,3,5,2,1,2,1061.93,4.25,64,3,0.541
10,20,5,30,FALSE,TRUE,0.25,1.5,1.5,0.5,6,6,3,6,2,1,2,996.48,4.25,59,3,0.52
10,30,5,20,FALSE,TRUE,0.25,1.25,1.25,0.5,6,7,3,5,2,1,2,1061.93,4.25,64,3,0.541
10,30,5,20,FALSE,TRUE,0.25,1.5,1.5,0.5,6,6,3,6,2,1,2,996.48,4.25,59,3,0.52
10,30,5,30,FALSE,TRUE,0.25,1.25,1.25,0.5,6,7,3,5,2,1,2,1061.93,4.25,64,3,0.541
10,30,5,30,FALSE,TRUE,0.25,1.5,1.5,0.5,6,6,3,6,2,1,2,996.48,4.25,59,3,0.52
10,40,5,20,TRUE,TRUE,0.25,1,1,0.5,6,4,3,7,2,1,2,596.23,4.25,65,1.497,0.205
10,40,5,20,TRUE,TRUE,0.25,1,1,0.5,6,4,3,8,2,1,2,596.23,4.25,65,1.497,0.205
10,40,5,20,TRUE,TRUE,0.25,1,1.25,0.5,6,4,3,7,2,1,2,595.44,4.25,65,1.497,0.204
10,40,5,20,TRUE,TRUE,0.25,1,1.25,0.5,6,4,3,8,2,1,2,595.44,4.25,65,1.497,0.204
10,40,5,20,TRUE,TRUE,0.25,1,1.5,0.5,6,4,3,7,2,1,2,595.44,4.25,65,1.497,0.204
10,40,5,20,TRUE,TRUE,0.25,1,1.5,0.5,6,4,3,8,2,1,2,595.44,4.25,65,1.497,0.204
10,40,5,20,TRUE,TRUE,0.25,1.25,1,0.5,6,4,3,7,2,1,2,579.28,4.25,63,1.497,0.182
10,40,5,20,TRUE,TRUE,0.25,1.25,1,0.5,6,4,3,8,2,1,2,579.28,4.25,63,1.497,0.182
10,40,5,20,TRUE,TRUE,0.25,1.25,1.5,0.5,6,4,3,6,2,1,2,541.31,4.25,58,1.497,0.121
10,40,5,20,FALSE,TRUE,0.25,1,1,0.5,6,6,3,7,2,1,2,1118.18,4.25,67,3,0.588
10,40,5,20,FALSE,TRUE,0.25,1,1,0.5,6,6,3,8,2,1,2,1118.18,4.25,67,3,0.588
10,40,5,30,TRUE,TRUE,0.25,1.25,1.5,0.5,6,5,3,6,2,1,2,545.98,4.25,59,1.497,0.131
10,40,5,30,FALSE,TRUE,0.25,1,1,0.5,6,6,3,7,2,1,2,1118.18,4.25,67,3,0.588
10,40,5,30,FALSE,TRUE,0.25,1,1,0.5,6,6,3,8,2,1,2,1118.18,4.25,67,3,0.588
10,20,6,20,TRUE,TRUE,0.25,1,1,0.5,6,5,3,5,2,1,2,468.62,4.25,49,1.497,-0.008
10,20,6,20,FALSE,TRUE,0.25,1.5,1.5,0.5,6,5,3,5,2,1,2,757.42,4.25,46,3,0.359
10,20,6,30,FALSE,TRUE,0.25,1.5,1.5,0.5,6,5,3,5,2,1,2,757.42,4.25,46,3,0.359
10,30,6,20,FALSE,TRUE,0.25,1.5,1.5,0.5,6,5,3,5,2,1,2,757.42,4.25,46,3,0.359
10,30,6,30,FALSE,TRUE,0.25,1.5,1.5,0.5,6,5,3,5,2,1,2,757.42,4.25,46,3,0.359
15,20,4,30,TRUE,TRUE,0.25,1.25,1,0.5,6,7,3,6,2,1,2,559.4,4.25,71,1.297,0.165
15,30,4,20,TRUE,TRUE,0.25,1,1,0.5,6,5,3,7,2,1,2,573.66,4.25,72,1.297,0.183
15,30,4,20,TRUE,TRUE,0.25,1,1,0.5,6,5,3,8,2,1,2,573.66,4.25,72,1.297,0.183
15,30,4,20,TRUE,TRUE,0.25,1,1.25,0.5,6,5,3,7,2,1,2,573.66,4.25,72,1.297,0.183
15,30,4,20,TRUE,TRUE,0.25,1,1.25,0.5,6,5,3,8,2,1,2,573.66,4.25,72,1.297,0.183
15,30,4,20,TRUE,TRUE,0.25,1,1.5,0.5,6,5,3,7,2,1,2,573.66,4.25,72,1.297,0.183
15,30,4,20,TRUE,TRUE,0.25,1,1.5,0.5,6,5,3,8,2,1,2,573.66,4.25,72,1.297,0.183
15,30,4,30,TRUE,TRUE,0.25,1.25,1,0.5,6,5,3,6,2,1,2,551.32,4.25,67,1.297,0.149
15,40,4,20,FALSE,TRUE,0.25,1,1,0.5,6,4,3,5,2,1,2,1074.18,4.25,69,3,0.562
15,40,4,20,FALSE,TRUE,0.25,1,1.25,0.5,6,4,3,5,2,1,2,1074.18,4.25,69,3,0.562
15,40,4,20,FALSE,TRUE,0.25,1,1.5,0.5,6,4,3,5,2,1,2,1074.18,4.25,69,3,0.562
15,40,4,20,FALSE,TRUE,0.25,1.5,1.5,0.5,6,4,3,5,2,1,2,1015.37,4.25,63,3,0.535
15,40,4,30,TRUE,TRUE,0.25,1,1,0.5,6,4,3,5,2,1,2,562.34,4.25,67,1.297,0.162
15,40,4,30,TRUE,TRUE,0.25,1,1.25,0.5,6,4,3,5,2,1,2,562.34,4.25,67,1.297,0.162
15,40,4,30,TRUE,TRUE,0.25,1,1.5,0.5,6,4,3,5,2,1,2,562.34,4.25,67,1.297,0.162
15,40,4,30,FALSE,TRUE,0.25,1.25,1,0.5,6,7,3,6,2,1,2,1104.74,4.25,70,3,0.571
15,40,4,30,FALSE,TRUE,0.25,1.5,1.5,0.5,6,5,3,5,2,1,2,1008.47,4.25,62,3,0.533
15,40,4,30,FALSE,TRUE,0.25,1.5,1.5,0.5,6,7,3,6,2,1,2,1145.46,4.25,68,3,0.59
15,20,5,20,FALSE,TRUE,0.25,1,1,0.5,6,4,3,5,2,1,2,1026.81,4.25,61,3,0.514
15,20,5,20,FALSE,TRUE,0.25,1,1.25,0.5,6,4,3,5,2,1,2,1026.81,4.25,61,3,0.514
15,20,5,20,FALSE,TRUE,0.25,1,1.5,0.5,6,4,3,5,2,1,2,1026.81,4.25,61,3,0.514
15,20,5,30,TRUE,TRUE,0.25,1.25,1.25,0.5,6,7,3,5,2,1,2,549.96,4.25,63,1.297,0.142
15,20,5,30,TRUE,TRUE,0.25,1.5,1,0.5,6,6,3,5,2,1,2,522.51,4.25,59,1.297,0.096
15,20,5,30,FALSE,TRUE,0.25,1,1,0.5,6,4,3,5,2,1,2,1026.81,4.25,61,3,0.514
15,20,5,30,FALSE,TRUE,0.25,1,1.25,0.5,6,4,3,5,2,1,2,1026.81,4.25,61,3,0.514
15,20,5,30,FALSE,TRUE,0.25,1,1.5,0.5,6,4,3,5,2,1,2,1026.81,4.25,61,3,0.514
15,30,5,20,FALSE,TRUE,0.25,1,1,0.5,6,4,3,5,2,1,2,1026.81,4.25,61,3,0.514
15,30,5,20,FALSE,TRUE,0.25,1,1.25,0.5,6,4,3,5,2,1,2,1026.81,4.25,61,3,0.514
15,30,5,20,FALSE,TRUE,0.25,1,1.5,0.5,6,4,3,5,2,1,2,1026.81,4.25,61,3,0.514
15,30,5,30,TRUE,TRUE,0.25,1.25,1.25,0.5,6,5,3,5,2,1,2,541.72,4.25,59,1.297,0.122
15,30,5,30,FALSE,TRUE,0.25,1,1,0.5,6,4,3,5,2,1,2,1026.81,4.25,61,3,0.514
15,30,5,30,FALSE,TRUE,0.25,1,1.25,0.5,6,4,3,5,2,1,2,1026.81,4.25,61,3,0.514
15,30,5,30,FALSE,TRUE,0.25,1,1.5,0.5,6,4,3,5,2,1,2,1026.81,4.25,61,3,0.514
15,40,5,20,TRUE,TRUE,0.25,1.5,1.25,0.5,6,4,3,6,2,1,2,543.35,4.25,57,1.297,0.124
15,40,5,30,TRUE,TRUE,0.25,1,1,0.5,6,6,3,7,2,1,2,578.62,4.25,65,1.297,0.179
15,40,5,30,TRUE,TRUE,0.25,1,1,0.5,6,6,3,8,2,1,2,578.62,4.25,65,1.297,0.179
15,40,5,30,TRUE,TRUE,0.25,1,1.25,0.5,6,5,3,6,2,1,2,572.97,4.25,63,1.297,0.168
15,40,5,30,TRUE,TRUE,0.25,1,1.25,0.5,6,6,3,7,2,1,2,578.62,4.25,65,1.297,0.179
15,40,5,30,TRUE,TRUE,0.25,1,1.25,0.5,6,6,3,8,2,1,2,578.62,4.25,65,1.297,0.179
15,40,5,30,TRUE,TRUE,0.25,1,1.5,0.5,6,5,3,6,2,1,2,572.97,4.25,63,1.297,0.168
15,40,5,30,TRUE,TRUE,0.25,1,1.5,0.5,6,6,3,7,2,1,2,578.62,4.25,65,1.297,0.179
15,40,5,30,TRUE,TRUE,0.25,1,1.5,0.5,6,6,3,8,2,1,2,578.62,4.25,65,1.297,0.179
15,40,5,30,TRUE,TRUE,0.25,1.5,1.5,0.5,6,6,3,6,2,1,2,546.71,4.25,58,1.297,0.133
15,20,6,20,FALSE,TRUE,0.25,1.25,1,0.5,6,5,3,7,2,1,2,777.01,4.25,48,3,0.374
15,20,6,20,FALSE,TRUE,0.25,1.25,1,0.5,6,5,3,8,2,1,2,777.01,4.25,48,3,0.374
15,20,6,30,TRUE,TRUE,0.25,1.25,1,0.5,6,6,3,7,2,1,2,464.46,4.25,49,1.297,-0.01
15,20,6,30,TRUE,TRUE,0.25,1.25,1,0.5,6,6,3,8,2,1,2,464.46,4.25,49,1.297,-0.01
15,20,6,30,FALSE,TRUE,0.25,1.25,1,0.5,6,5,3,7,2,1,2,777.01,4.25,48,3,0.374
15,20,6,30,FALSE,TRUE,0.25,1.25,1,0.5,6,5,3,8,2,1,2,777.01,4.25,48,3,0.374
15,30,6,20,TRUE,TRUE,0.25,1.25,1.25,0.5,6,5,3,7,2,1,2,462.36,4.25,48,1.297,-0.013
15,30,6,20,TRUE,TRUE,0.25,1.25,1.25,0.5,6,5,3,8,2,1,2,462.36,4.25,48,1.297,-0.013
15,30,6,20,TRUE,TRUE,0.25,1.25,1.5,0.5,6,5,3,7,2,1,2,462.36,4.25,48,1.297,-0.013
15,30,6,20,TRUE,TRUE,0.25,1.25,1.5,0.5,6,5,3,8,2,1,2,462.36,4.25,48,1.297,-0.013
15,30,6,20,FALSE,TRUE,0.25,1.25,1,0.5,6,5,3,7,2,1,2,777.01,4.25,48,3,0.374
15,30,6,20,FALSE,TRUE,0.25,1.25,1,0.5,6,5,3,8,2,1,2,777.01,4.25,48,3,0.374
15,30,6,30,TRUE,TRUE,0.25,1.5,1,0.5,6,6,3,7,2,1,2,463.07,4.25,47,1.297,-0.012
15,30,6,30,TRUE,TRUE,0.25,1.5,1,0.5,6,6,3,8,2,1,2,463.07,4.25,47,1.297,-0.012
15,30,6,30,FALSE,TRUE,0.25,1.25,1,0.5,6,5,3,7,2,1,2,777.01,4.25,48,3,0.374
15,30,6,30,FALSE,TRUE,0.25,1.25,1,0.5,6,5,3,8,2,1,2,777.01,4.25,48,3,0.374
15,40,6,20,FALSE,TRUE,0.25,1.25,1,0.5,6,5,3,7,2,1,2,777.01,4.25,48,3,0.374
15,40,6,20,FALSE,TRUE,0.25,1.25,1,0.5,6,5,3,8,2,1,2,777.01,4.25,48,3,0.374
15,40,6,30,TRUE,TRUE,0.25,1.5,1.25,0.5,6,6,3,7,2,1,2,459.76,4.25,46,1.297,-0.016
15,40,6,30,TRUE,TRUE,0.25,1.5,1.25,0.5,6,6,3,8,2,1,2,459.76,4.25,46,1.297,-0.016
15,40,6,30,FALSE,TRUE,0.25,1.25,1,0.5,6,5,3,7,2,1,2,777.01,4.25,48,3,0.374
15,40,6,30,FALSE,TRUE,0.25,1.25,1,0.5,6,5,3,8,2,1,2,777.01,4.25,48,3,0.374
10,20,4,20,TRUE,TRUE,0.25,1,1.25,0.5,6,5,3,6,2,1,2,546.7,4.24,70,1.497,0.145
10,20,4,20,TRUE,TRUE,0.25,1,1.5,0.5,6,5,3,6,2,1,2,546.7,4.24,70,1.497,0.145
10,20,4,20,FALSE,TRUE,0.25,1.25,1,0.5,6,5,3,7,2,1,2,1109.88,4.24,71,3,0.593
10,20,4,20,FALSE,TRUE,0.25,1.25,1,0.5,6,5,3,8,2,1,2,1109.88,4.24,71,3,0.593
10,20,4,20,FALSE,TRUE,0.25,1.5,1.25,0.5,6,4,3,5,2,1,2,1011.2,4.24,64,3,0.534
10,20,4,20,FALSE,TRUE,0.25,1.5,1.5,0.5,6,6,3,5,2,1,2,1013.17,4.24,65,3,0.544
10,20,4,30,TRUE,TRUE,0.25,1.5,1.5,0.5,6,5,3,7,2,1,2,547.48,4.24,67,1.497,0.153
10,20,4,30,TRUE,TRUE,0.25,1.5,1.5,0.5,6,5,3,8,2,1,2,547.48,4.24,67,1.497,0.153
10,20,4,30,TRUE,TRUE,0.25,1.5,1.5,0.5,6,6,3,7,2,1,2,547.48,4.24,67,1.497,0.153
10,20,4,30,TRUE,TRUE,0.25,1.5,1.5,0.5,6,6,3,8,2,1,2,547.48,4.24,67,1.497,0.153
10,20,4,30,FALSE,TRUE,0.25,1.5,1.25,0.5,6,5,3,5,2,1,2,1004.31,4.24,63,3,0.532
10,30,4,20,TRUE,TRUE,0.25,1.25,1.25,0.5,6,6,3,5,2,1,2,541.33,4.24,67,1.497,0.137
10,30,4,20,TRUE,TRUE,0.25,1.5,1.25,0.5,6,7,3,6,2,1,2,612.15,4.24,72,1.497,0.227
10,30,4,20,FALSE,TRUE,0.25,1.25,1,0.5,6,5,3,7,2,1,2,1109.88,4.24,71,3,0.593
10,30,4,20,FALSE,TRUE,0.25,1.25,1,0.5,6,5,3,8,2,1,2,1109.88,4.24,71,3,0.593
10,30,4,20,FALSE,TRUE,0.25,1.5,1.25,0.5,6,4,3,5,2,1,2,1011.2,4.24,64,3,0.534
10,30,4,20,FALSE,TRUE,0.25,1.5,1.5,0.5,6,6,3,5,2,1,2,1013.17,4.24,65,3,0.544
10,30,4,30,FALSE,TRUE,0.25,1.5,1.25,0.5,6,5,3,5,2,1,2,1004.31,4.24,63,3,0.532
10,40,4,30,TRUE,TRUE,0.25,1,1.25,0.5,6,4,3,7,2,1,2,591.38,4.24,71,1.497,0.211
10,40,4,30,TRUE,TRUE,0.25,1,1.25,0.5,6,4,3,8,2,1,2,591.38,4.24,71,1.497,0.211
10,40,4,30,TRUE,TRUE,0.25,1,1.5,0.5,6,4,3,7,2,1,2,591.38,4.24,71,1.497,0.211
10,40,4,30,TRUE,TRUE,0.25,1,1.5,0.5,6,4,3,8,2,1,2,591.38,4.24,71,1.497,0.211
10,40,4,30,TRUE,TRUE,0.25,1.25,1.5,0.5,6,7,3,6,2,1,2,561.83,4.24,68,1.497,0.168
10,20,5,20,TRUE,TRUE,0.25,1.25,1,0.5,6,6,3,7,2,1,2,565.15,4.24,67,1.497,0.168
10,20,5,20,TRUE,TRUE,0.25,1.25,1,0.5,6,6,3,8,2,1,2,565.15,4.24,67,1.497,0.168
10,20,5,20,FALSE,TRUE,0.25,1,1.25,0.5,6,5,3,6,2,1,2,1047.54,4.24,64,3,0.54
10,20,5,20,FALSE,TRUE,0.25,1,1.5,0.5,6,5,3,6,2,1,2,1047.54,4.24,64,3,0.54
10,20,5,30,FALSE,TRUE,0.25,1,1.25,0.5,6,5,3,6,2,1,2,1047.54,4.24,64,3,0.54
10,20,5,30,FALSE,TRUE,0.25,1,1.5,0.5,6,5,3,6,2,1,2,1047.54,4.24,64,3,0.54
10,30,5,20,FALSE,TRUE,0.25,1,1.25,0.5,6,5,3,6,2,1,2,1047.54,4.24,64,3,0.54
10,30,5,20,FALSE,TRUE,0.25,1,1.5,0.5,6,5,3,6,2,1,2,1047.54,4.24,64,3,0.54
10,30,5,30,TRUE,TRUE,0.25,1.25,1,0.5,6,5,3,6,2,1,2,553.3,4.24,62,1.497,0.14
10,30,5,30,TRUE,TRUE,0.25,1.25,1.25,0.5,6,7,3,5,2,1,2,572.45,4.24,64,1.497,0.172
10,30,5,30,FALSE,TRUE,0.25,1,1.25,0.5,6,5,3,6,2,1,2,1047.54,4.24,64,3,0.54
10,30,5,30,FALSE,TRUE,0.25,1,1.5,0.5,6,5,3,6,2,1,2,1047.54,4.24,64,3,0.54
10,40,5,20,FALSE,TRUE,0.25,1,1.25,0.5,6,6,3,7,2,1,2,1116.55,4.24,67,3,0.587
10,40,5,20,FALSE,TRUE,0.25,1,1.25,0.5,6,6,3,8,2,1,2,1116.55,4.24,67,3,0.587
10,40,5,20,FALSE,TRUE,0.25,1,1.5,0.5,6,6,3,7,2,1,2,1116.55,4.24,67,3,0.587
10,40,5,20,FALSE,TRUE,0.25,1,1.5,0.5,6,6,3,8,2,1,2,1116.55,4.24,67,3,0.587
10,40,5,30,FALSE,TRUE,0.25,1,1.25,0.5,6,6,3,7,2,1,2,1116.55,4.24,67,3,0.587
10,40,5,30,FALSE,TRUE,0.25,1,1.25,0.5,6,6,3,8,2,1,2,1116.55,4.24,67,3,0.587
10,40,5,30,FALSE,TRUE,0.25,1,1.5,0.5,6,6,3,7,2,1,2,1116.55,4.24,67,3,0.587
10,40,5,30,FALSE,TRUE,0.25,1,1.5,0.5,6,6,3,8,2,1,2,1116.55,4.24,67,3,0.587
10,20,6,20,TRUE,TRUE,0.25,1,1.25,0.5,6,5,3,5,2,1,2,467.79,4.24,49,1.497,-0.01
10,20,6,20,TRUE,TRUE,0.25,1,1.5,0.5,6,5,3,5,2,1,2,467.79,4.24,49,1.497,-0.01
10,20,6,20,TRUE,TRUE,0.25,1.5,1.5,0.5,6,5,3,7,2,1,2,486.88,4.24,51,1.497,0.04
10,20,6,20,TRUE,TRUE,0.25,1.5,1.5,0.5,6,5,3,8,2,1,2,486.88,4.24,51,1.497,0.04
10,30,6,30,TRUE,TRUE,0.25,1.5,1.25,0.5,6,6,3,5,2,1,2,454.82,4.24,47,1.497,-0.029
15,20,4,20,FALSE,TRUE,0.25,1.25,1.25,0.5,6,7,3,5,2,1,2,1088.32,4.24,70,3,0.566
15,20,4,30,TRUE,TRUE,0.25,1.25,1.5,0.5,6,4,3,5,2,1,2,518.51,4.24,63,1.297,0.099
15,20,4,30,FALSE,TRUE,0.25,1.5,1,0.5,6,6,3,5,2,1,2,1027.71,4.24,65,3,0.544
15,20,4,30,FALSE,TRUE,0.25,1.5,1,0.5,6,7,3,7,2,1,2,1163.67,4.24,71,3,0.599
15,20,4,30,FALSE,TRUE,0.25,1.5,1,0.5,6,7,3,8,2,1,2,1163.67,4.24,71,3,0.599
15,30,4,20,FALSE,TRUE,0.25,1.25,1.25,0.5,6,7,3,5,2,1,2,1088.32,4.24,70,3,0.566
15,30,4,30,TRUE,TRUE,0.25,1.5,1.5,0.5,6,6,3,5,2,1,2,538.38,4.24,64,1.297,0.131
15,30,4,30,FALSE,TRUE,0.25,1.5,1,0.5,6,6,3,5,2,1,2,1027.71,4.24,65,3,0.544
15,30,4,30,FALSE,TRUE,0.25,1.5,1,0.5,6,7,3,7,2,1,2,1163.67,4.24,71,3,0.599
15,30,4,30,FALSE,TRUE,0.25,1.5,1,0.5,6,7,3,8,2,1,2,1163.67,4.24,71,3,0.599
15,40,4,20,TRUE,TRUE,0.25,1.25,1,0.5,6,7,3,6,2,1,2,581.97,4.24,72,1.297,0.195
15,40,4,20,TRUE,TRUE,0.25,1.5,1.25,0.5,6,7,3,6,2,1,2,615.87,4.24,71,1.297,0.23
15,40,4,20,FALSE,TRUE,0.25,1.5,1,0.5,6,4,3,5,2,1,2,1023.67,4.24,64,3,0.537
15,40,4,30,TRUE,TRUE,0.25,1.5,1,0.5,6,6,3,6,2,1,2,546.44,4.24,65,1.297,0.142
15,20,5,20,TRUE,TRUE,0.25,1,1,0.5,6,4,3,5,2,1,2,534.63,4.24,61,1.297,0.11
15,20,5,20,TRUE,TRUE,0.25,1,1.25,0.5,6,4,3,5,2,1,2,534.63,4.24,61,1.297,0.11
15,20,5,20,TRUE,TRUE,0.25,1,1.5,0.5,6,4,3,5,2,1,2,534.63,4.24,61,1.297,0.11
15,20,5,20,TRUE,TRUE,0.25,1.25,1.25,0.5,6,5,3,5,2,1,2,516.56,4.24,59,1.297,0.086
15,20,5,20,FALSE,TRUE,0.25,1,1,0.5,6,7,3,7,2,1,2,1121.84,4.24,69,3,0.569
15,20,5,20,FALSE,TRUE,0.25,1,1,0.5,6,7,3,8,2,1,2,1121.84,4.24,69,3,0.569
15,20,5,20,FALSE,TRUE,0.25,1,1.25,0.5,6,7,3,7,2,1,2,1121.84,4.24,69,3,0.569
15,20,5,20,FALSE,TRUE,0.25,1,1.25,0.5,6,7,3,8,2,1,2,1121.84,4.24,69,3,0.569
15,20,5,20,FALSE,TRUE,0.25,1,1.5,0.5,6,7,3,7,2,1,2,1121.84,4.24,69,3,0.569
15,20,5,20,FALSE,TRUE,0.25,1,1.5,0.5,6,7,3,8,2,1,2,1121.84,4.24,69,3,0.569
15,20,5,30,TRUE,TRUE,0.25,1,1,0.5,6,7,3,7,2,1,2,580.78,4.24,69,1.297,0.187
15,20,5,30,TRUE,TRUE,0.25,1,1,0.5,6,7,3,8,2,1,2,580.78,4.24,69,1.297,0.187
15,20,5,30,TRUE,TRUE,0.25,1,1.25,0.5,6,7,3,7,2,1,2,580.78,4.24,69,1.297,0.187
15,20,5,30,TRUE,TRUE,0.25,1,1.25,0.5,6,7,3,8,2,1,2,580.78,4.24,69,1.297,0.187
15,20,5,30,TRUE,TRUE,0.25,1,1.5,0.5,6,7,3,7,2,1,2,580.78,4.24,69,1.297,0.187
15,20,5,30,TRUE,TRUE,0.25,1,1.5,0.5,6,7,3,8,2,1,2,580.78,4.24,69,1.297,0.187
15,20,5,30,TRUE,TRUE,0.25,1.25,1,0.5,6,6,3,5,2,1,2,524.8,4.24,61,1.297,0.097
15,20,5,30,FALSE,TRUE,0.25,1,1,0.5,6,7,3,7,2,1,2,1121.84,4.24,69,3,0.569
15,20,5,30,FALSE,TRUE,0.25,1,1,0.5,6,7,3,8,2,1,2,1121.84,4.24,69,3,0.569
15,20,5,30,FALSE,TRUE,0.25,1,1.25,0.5,6,7,3,7,2,1,2,1121.84,4.24,69,3,0.569
15,20,5,30,FALSE,TRUE,0.25,1,1.25,0.5,6,7,3,8,2,1,2,1121.84,4.24,69,3,0.569
15,20,5,30,FALSE,TRUE,0.25,1,1.5,0.5,6,7,3,7,2,1,2,1121.84,4.24,69,3,0.569
15,20,5,30,FALSE,TRUE,0.25,1,1.5,0.5,6,7,3,8,2,1,2,1121.84,4.24,69,3,0.569
15,30,5,20,TRUE,TRUE,0.25,1,1,0.5,6,6,3,6,2,1,2,568.83,4.24,64,1.297,0.162
15,30,5,20,TRUE,TRUE,0.25,1.5,1,0.5,6,5,3,7,2,1,2,552.2,4.24,61,1.297,0.14
15,30,5,20,TRUE,TRUE,0.25,1.5,1,0.5,6,5,3,8,2,1,2,552.2,4.24,61,1.297,0.14
15,30,5,20,FALSE,TRUE,0.25,1,1,0.5,6,7,3,7,2,1,2,1121.84,4.24,69,3,0.569
15,30,5,20,FALSE,TRUE,0.25,1,1,0.5,6,7,3,8,2,1,2,1121.84,4.24,69,3,0.569
15,30,5,20,FALSE,TRUE,0.25,1,1.25,0.5,6,7,3,7,2,1,2,1121.84,4.24,69,3,0.569
15,30,5,20,FALSE,TRUE,0.25,1,1.25,0.5,6,7,3,8,2,1,2,1121.84,4.24,69,3,0.569
15,30,5,20,FALSE,TRUE,0.25,1,1.5,0.5,6,7,3,7,2,1,2,1121.84,4.24,69,3,0.569
15,30,5,20,FALSE,TRUE,0.25,1,1.5,0.5,6,7,3,8,2,1,2,1121.84,4.24,69,3,0.569
15,30,5,30,TRUE,TRUE,0.25,1,1,0.5,6,4,3,5,2,1,2,559.29,4.24,61,1.297,0.143
15,30,5,30,TRUE,TRUE,0.25,1,1,0.5,6,5,3,7,2,1,2,575.33,4.24,65,1.297,0.173
15,30,5,30,TRUE,TRUE,0.25,1,1,0.5,6,5,3,8,2,1,2,575.33,4.24,65,1.297,0.173
15,30,5,30,TRUE,TRUE,0.25,1,1.25,0.5,6,4,3,5,2,1,2,559.29,4.24,61,1.297,0.143
15,30,5,30,TRUE,TRUE,0.25,1,1.25,0.5,6,5,3,7,2,1,2,575.33,4.24,65,1.297,0.173
15,30,5,30,TRUE,TRUE,0.25,1,1.25,0.5,6,5,3,8,2,1,2,575.33,4.24,65,1.297,0.173
15,30,5,30,TRUE,TRUE,0.25,1,1.5,0.5,6,4,3,5,2,1,2,559.29,4.24,61,1.297,0.143
15,30,5,30,TRUE,TRUE,0.25,1,1.5,0.5,6,5,3,7,2,1,2,575.33,4.24,65,1.297,0.173
15,30,5,30,TRUE,TRUE,0.25,1,1.5,0.5,6,5,3,8,2,1,2,575.33,4.24,65,1.297,0.173
15,30,5,30,TRUE,TRUE,0.25,1.5,1.5,0.5,6,5,3,6,2,1,2,546.36,4.24,58,1.297,0.133
15,30,5,30,FALSE,TRUE,0.25,1,1,0.5,6,7,3,7,2,1,2,1121.84,4.24,69,3,0.569
15,30,5,30,FALSE,TRUE,0.25,1,1,0.5,6,7,3,8,2,1,2,1121.84,4.24,69,3,0.569
15,30,5,30,FALSE,TRUE,0.25,1,1.25,0.5,6,7,3,7,2,1,2,1121.84,4.24,69,3,0.569
15,30,5,30,FALSE,TRUE,0.25,1,1.25,0.5,6,7,3,8,2,1,2,1121.84,4.24,69,3,0.569
15,30,5,30,FALSE,TRUE,0.25,1,1.5,0.5,6,7,3,7,2,1,2,1121.84,4.24,69,3,0.569
15,30,5,30,FALSE,TRUE,0.25,1,1.5,0.5,6,7,3,8,2,1,2,1121.84,4.24,69,3,0.569
15,40,5,20,TRUE,TRUE,0.25,1.25,1,0.5,6,7,3,6,2,1,2,579.25,4.24,65,1.297,0.177
15,40,5,20,TRUE,TRUE,0.25,1.25,1.5,0.5,6,5,3,6,2,1,2,549.32,4.24,60,1.297,0.136
15,40,5,20,FALSE,TRUE,0.25,1.25,1.5,0.5,6,6,3,5,2,1,2,985.26,4.24,58,3,0.5
15,40,5,20,FALSE,TRUE,0.25,1.5,1.5,0.5,6,4,3,6,2,1,2,990.27,4.24,56,3,0.503
15,40,5,30,TRUE,TRUE,0.25,1.25,1,0.5,6,4,3,5,2,1,2,542.56,4.24,58,1.297,0.119
15,40,5,30,FALSE,TRUE,0.25,1.25,1.5,0.5,6,6,3,5,2,1,2,985.26,4.24,58,3,0.5
15,40,5,30,FALSE,TRUE,0.25,1.5,1.5,0.5,6,4,3,6,2,1,2,990.27,4.24,56,3,0.503
15,20,6,20,TRUE,TRUE,0.25,1.5,1,0.5,6,4,3,6,2,1,2,448.7,4.24,44,1.297,-0.043
15,20,6,20,FALSE,TRUE,0.25,1.5,1,0.5,6,5,3,7,2,1,2,767.5,4.24,46,3,0.366
15,20,6,20,FALSE,TRUE,0.25,1.5,1,0.5,6,5,3,8,2,1,2,767.5,4.24,46,3,0.366
15,20,6,30,FALSE,TRUE,0.25,1.5,1,0.5,6,5,3,7,2,1,2,767.5,4.24,46,3,0.366
15,20,6,30,FALSE,TRUE,0.25,1.5,1,0.5,6,5,3,8,2,1,2,767.5,4.24,46,3,0.366
15,30,6,20,FALSE,TRUE,0.25,1.5,1,0.5,6,5,3,7,2,1,2,767.5,4.24,46,3,0.366
15,30,6,20,FALSE,TRUE,0.25,1.5,1,0.5,6,5,3,8,2,1,2,767.5,4.24,46,3,0.366
15,30,6,30,TRUE,TRUE,0.25,1.5,1.25,0.5,6,6,3,6,2,1,2,456.6,4.24,45,1.297,-0.023
15,30,6,30,FALSE,TRUE,0.25,1.5,1,0.5,6,5,3,7,2,1,2,767.5,4.24,46,3,0.366
15,30,6,30,FALSE,TRUE,0.25,1.5,1,0.5,6,5,3,8,2,1,2,767.5,4.24,46,3,0.366
15,40,6,20,FALSE,TRUE,0.25,1.5,1,0.5,6,5,3,7,2,1,2,767.5,4.24,46,3,0.366
15,40,6,20,FALSE,TRUE,0.25,1.5,1,0.5,6,5,3,8,2,1,2,767.5,4.24,46,3,0.366
15,40,6,30,TRUE,TRUE,0.25,1.5,1,0.5,6,6,3,7,2,1,2,462.63,4.24,47,1.297,-0.013
15,40,6,30,TRUE,TRUE,0.25,1.5,1,0.5,6,6,3,8,2,1,2,462.63,4.24,47,1.297,-0.013
15,40,6,30,TRUE,TRUE,0.25,1.5,1.5,0.5,6,6,3,7,2,1,2,457.96,4.24,46,1.297,-0.021
15,40,6,30,TRUE,TRUE,0.25,1.5,1.5,0.5,6,6,3,8,2,1,2,457.96,4.24,46,1.297,-0.021
15,40,6,30,FALSE,TRUE,0.25,1.5,1,0.5,6,5,3,7,2,1,2,767.5,4.24,46,3,0.366
15,40,6,30,FALSE,TRUE,0.25,1.5,1,0.5,6,5,3,8,2,1,2,767.5,4.24,46,3,0.366
10,20,4,20,TRUE,TRUE,0.25,1.5,1.25,0.5,6,7,3,7,2,1,2,625.1,4.23,75,1.497,0.251
10,20,4,20,TRUE,TRUE,0.25,1.5,1.25,0.5,6,7,3,8,2,1,2,625.1,4.23,75,1.497,0.251
10,20,4,20,TRUE,TRUE,0.25,1.5,1.5,0.5,6,5,3,7,2,1,2,550.43,4.23,68,1.497,0.158
10,20,4,20,TRUE,TRUE,0.25,1.5,1.5,0.5,6,5,3,8,2,1,2,550.43,4.23,68,1.497,0.158
10,20,4,20,FALSE,TRUE,0.25,1.5,1,0.5,6,5,3,7,2,1,2,1093.63,4.23,69,3,0.587
10,20,4,20,FALSE,TRUE,0.25,1.5,1,0.5,6,5,3,8,2,1,2,1093.63,4.23,69,3,0.587
10,20,4,20,FALSE,TRUE,0.25,1.5,1,0.5,6,7,3,7,2,1,2,1225.35,4.23,75,3,0.635
10,20,4,20,FALSE,TRUE,0.25,1.5,1,0.5,6,7,3,8,2,1,2,1225.35,4.23,75,3,0.635
10,20,4,30,FALSE,TRUE,0.25,1.25,1.25,0.5,6,6,3,5,2,1,2,1012.03,4.23,65,3,0.538
10,30,4,20,TRUE,TRUE,0.25,1.5,1.5,0.5,6,4,3,7,2,1,2,566.74,4.23,67,1.497,0.178
10,30,4,20,TRUE,TRUE,0.25,1.5,1.5,0.5,6,4,3,8,2,1,2,566.74,4.23,67,1.497,0.178
10,30,4,20,FALSE,TRUE,0.25,1.5,1,0.5,6,5,3,7,2,1,2,1093.63,4.23,69,3,0.587
10,30,4,20,FALSE,TRUE,0.25,1.5,1,0.5,6,5,3,8,2,1,2,1093.63,4.23,69,3,0.587
10,30,4,20,FALSE,TRUE,0.25,1.5,1,0.5,6,7,3,7,2,1,2,1225.35,4.23,75,3,0.635
10,30,4,20,FALSE,TRUE,0.25,1.5,1,0.5,6,7,3,8,2,1,2,1225.35,4.23,75,3,0.635
10,30,4,30,TRUE,TRUE,0.25,1,1,0.5,6,5,3,7,2,1,2,595.64,4.23,72,1.497,0.219
10,30,4,30,TRUE,TRUE,0.25,1,1,0.5,6,5,3,8,2,1,2,595.64,4.23,72,1.497,0.219
10,30,4,30,TRUE,TRUE,0.25,1,1,0.5,6,6,3,7,2,1,2,595.64,4.23,72,1.497,0.219
10,30,4,30,TRUE,TRUE,0.25,1,1,0.5,6,6,3,8,2,1,2,595.64,4.23,72,1.497,0.219
10,30,4,30,TRUE,TRUE,0.25,1,1.25,0.5,6,5,3,7,2,1,2,594.84,4.23,72,1.497,0.217
10,30,4,30,TRUE,TRUE,0.25,1,1.25,0.5,6,5,3,8,2,1,2,594.84,4.23,72,1.497,0.217
10,30,4,30,TRUE,TRUE,0.25,1,1.25,0.5,6,6,3,7,2,1,2,594.84,4.23,72,1.497,0.217
10,30,4,30,TRUE,TRUE,0.25,1,1.25,0.5,6,6,3,8,2,1,2,594.84,4.23,72,1.497,0.217
10,30,4,30,TRUE,TRUE,0.25,1,1.5,0.5,6,5,3,7,2,1,2,594.84,4.23,72,1.497,0.217
10,30,4,30,TRUE,TRUE,0.25,1,1.5,0.5,6,5,3,8,2,1,2,594.84,4.23,72,1.497,0.217
10,30,4,30,TRUE,TRUE,0.25,1,1.5,0.5,6,6,3,7,2,1,2,594.84,4.23,72,1.497,0.217
10,30,4,30,TRUE,TRUE,0.25,1,1.5,0.5,6,6,3,8,2,1,2,594.84,4.23,72,1.497,0.217
10,30,4,30,TRUE,TRUE,0.25,1.5,1,0.5,6,4,3,7,2,1,2,569.67,4.23,67,1.497,0.182
10,30,4,30,TRUE,TRUE,0.25,1.5,1,0.5,6,4,3,8,2,1,2,569.67,4.23,67,1.497,0.182
10,30,4,30,TRUE,TRUE,0.25,1.5,1.5,0.5,6,6,3,6,2,1,2,533.56,4.23,64,1.497,0.124
10,30,4,30,FALSE,TRUE,0.25,1.25,1.25,0.5,6,6,3,5,2,1,2,1012.03,4.23,65,3,0.538
10,40,4,20,TRUE,TRUE,0.25,1.5,1.25,0.5,6,6,3,6,2,1,2,536.12,4.23,66,1.497,0.127
10,40,4,20,FALSE,TRUE,0.25,1.25,1,0.5,6,4,3,7,2,1,2,1099.12,4.23,69,3,0.586
10,40,4,20,FALSE,TRUE,0.25,1.25,1,0.5,6,4,3,8,2,1,2,1099.12,4.23,69,3,0.586
10,40,4,20,FALSE,TRUE,0.25,1.5,1.5,0.5,6,5,3,6,2,1,2,1012.44,4.23,64,3,0.54
10,40,4,20,FALSE,TRUE,0.25,1.5,1.5,0.5,6,7,3,6,2,1,2,1144.17,4.23,70,3,0.594
10,40,4,30,TRUE,TRUE,0.25,1.25,1.25,0.5,6,4,3,7,2,1,2,566.22,4.23,67,1.497,0.176
10,40,4,30,TRUE,TRUE,0.25,1.25,1.25,0.5,6,4,3,8,2,1,2,566.22,4.23,67,1.497,0.176
10,40,4,30,TRUE,TRUE,0.25,1.25,1.25,0.5,6,5,3,6,2,1,2,533.52,4.23,64,1.497,0.123
10,40,4,30,FALSE,TRUE,0.25,1,1,0.5,6,5,3,7,2,1,2,1129.67,4.23,71,3,0.606
10,40,4,30,FALSE,TRUE,0.25,1,1,0.5,6,5,3,8,2,1,2,1129.67,4.23,71,3,0.606
10,40,4,30,FALSE,TRUE,0.25,1,1,0.5,6,6,3,7,2,1,2,1129.67,4.23,71,3,0.606
10,40,4,30,FALSE,TRUE,0.25,1,1,0.5,6,6,3,8,2,1,2,1129.67,4.23,71,3,0.606
10,40,4,30,FALSE,TRUE,0.25,1,1.25,0.5,6,5,3,7,2,1,2,1128.04,4.23,71,3,0.604
10,40,4,30,FALSE,TRUE,0.25,1,1.25,0.5,6,5,3,8,2,1,2,1128.04,4.23,71,3,0.604
10,40,4,30,FALSE,TRUE,0.25,1,1.25,0.5,6,6,3,7,2,1,2,1128.04,4.23,71,3,0.604
10,40,4,30,FALSE,TRUE,0.25,1,1.25,0.5,6,6,3,8,2,1,2,1128.04,4.23,71,3,0.604
10,40,4,30,FALSE,TRUE,0.25,1,1.5,0.5,6,5,3,7,2,1,2,1128.04,4.23,71,3,0.604
10,40,4,30,FALSE,TRUE,0.25,1,1.5,0.5,6,5,3,8,2,1,2,1128.04,4.23,71,3,0.604
10,40,4,30,FALSE,TRUE,0.25,1,1.5,0.5,6,6,3,7,2,1,2,1128.04,4.23,71,3,0.604
10,40,4,30,FALSE,TRUE,0.25,1,1.5,0.5,6,6,3,8,2,1,2,1128.04,4.23,71,3,0.604
10,40,4,30,FALSE,TRUE,0.25,1.5,1.5,0.5,6,5,3,7,2,1,2,1071.43,4.23,66,3,0.576
10,40,4,30,FALSE,TRUE,0.25,1.5,1.5,0.5,6,5,3,8,2,1,2,1071.43,4.23,66,3,0.576
10,40,4,30,FALSE,TRUE,0.25,1.5,1.5,0.5,6,6,3,7,2,1,2,1071.43,4.23,66,3,0.576
10,40,4,30,FALSE,TRUE,0.25,1.5,1.5,0.5,6,6,3,8,2,1,2,1071.43,4.23,66,3,0.576
10,20,5,20,TRUE,TRUE,0.25,1,1,0.5,6,6,3,6,2,1,2,543.6,4.23,64,1.497,0.131
10,20,5,30,TRUE,TRUE,0.25,1.5,1.25,0.5,6,6,3,6,2,1,2,522.55,4.23,60,1.497,0.101
10,30,5,30,TRUE,TRUE,0.25,1,1,0.5,6,5,3,6,2,1,2,566.39,4.23,63,1.497,0.159
10,30,5,30,TRUE,TRUE,0.25,1,1.25,0.5,6,6,3,6,2,1,2,573.66,4.23,65,1.497,0.173
10,30,5,30,TRUE,TRUE,0.25,1,1.5,0.5,6,6,3,6,2,1,2,573.66,4.23,65,1.497,0.173
10,30,5,30,TRUE,TRUE,0.25,1.25,1.5,0.5,6,5,3,7,2,1,2,582.68,4.23,64,1.497,0.192
10,30,5,30,TRUE,TRUE,0.25,1.25,1.5,0.5,6,5,3,8,2,1,2,582.68,4.23,64,1.497,0.192
10,40,5,20,TRUE,TRUE,0.25,1.25,1.25,0.5,6,5,3,6,2,1,2,543.47,4.23,60,1.497,0.127
10,40,5,20,TRUE,TRUE,0.25,1.25,1.5,0.5,6,6,3,6,2,1,2,545.68,4.23,61,1.497,0.132
10,30,6,30,TRUE,TRUE,0.25,1.5,1,0.5,6,6,3,5,2,1,2,458.52,4.23,48,1.497,-0.025
10,30,6,30,TRUE,TRUE,0.25,1.5,1.5,0.5,6,6,3,5,2,1,2,453.01,4.23,47,1.497,-0.034
10,40,6,20,FALSE,TRUE,0.25,1.5,1.25,0.5,6,5,3,5,2,1,2,752.74,4.23,45,3,0.349
10,40,6,30,FALSE,TRUE,0.25,1.5,1.25,0.5,6,5,3,5,2,1,2,752.74,4.23,45,3,0.349
15,20,4,30,FALSE,TRUE,0.25,1.25,1,0.5,6,4,3,5,2,1,2,1025.63,4.23,65,3,0.535
15,30,4,20,TRUE,TRUE,0.25,1,1,0.5,6,5,3,6,2,1,2,570.06,4.23,71,1.297,0.176
15,30,4,20,TRUE,TRUE,0.25,1,1.25,0.5,6,5,3,6,2,1,2,570.06,4.23,71,1.297,0.176
15,30,4,20,TRUE,TRUE,0.25,1,1.5,0.5,6,5,3,6,2,1,2,570.06,4.23,71,1.297,0.176
15,30,4,20,TRUE,TRUE,0.25,1.25,1,0.5,6,7,3,7,2,1,2,584.01,4.23,74,1.297,0.199
15,30,4,20,TRUE,TRUE,0.25,1.25,1,0.5,6,7,3,8,2,1,2,584.01,4.23,74,1.297,0.199
15,30,4,20,TRUE,TRUE,0.25,1.25,1.25,0.5,6,4,3,5,2,1,2,542.87,4.23,66,1.297,0.136
15,30,4,30,TRUE,TRUE,0.25,1.5,1.25,0.5,6,7,3,7,2,1,2,615.19,4.23,71,1.297,0.23
15,30,4,30,TRUE,TRUE,0.25,1.5,1.25,0.5,6,7,3,8,2,1,2,615.19,4.23,71,1.297,0.23
15,30,4,30,TRUE,TRUE,0.25,1.5,1.5,0.5,6,5,3,5,2,1,2,535.57,4.23,63,1.297,0.126
15,30,4,30,FALSE,TRUE,0.25,1.25,1,0.5,6,4,3,5,2,1,2,1025.63,4.23,65,3,0.535
15,40,4,20,TRUE,TRUE,0.25,1.5,1.25,0.5,6,4,3,5,2,1,2,539.43,4.23,64,1.297,0.129
15,40,4,20,FALSE,TRUE,0.25,1,1,0.5,6,7,3,5,2,1,2,1082.78,4.23,72,3,0.57
15,40,4,20,FALSE,TRUE,0.25,1,1.25,0.5,6,7,3,5,2,1,2,1082.78,4.23,72,3,0.57
15,40,4,20,FALSE,TRUE,0.25,1,1.5,0.5,6,7,3,5,2,1,2,1082.78,4.23,72,3,0.57
15,40,4,20,FALSE,TRUE,0.25,1.25,1.25,0.5,6,5,3,5,2,1,2,1025.45,4.23,66,3,0.543
15,20,5,20,TRUE,TRUE,0.25,1.5,1.5,0.5,6,5,3,7,2,1,2,523.43,4.23,59,1.297,0.101
15,20,5,20,TRUE,TRUE,0.25,1.5,1.5,0.5,6,5,3,8,2,1,2,523.43,4.23,59,1.297,0.101
15,20,5,20,FALSE,TRUE,0.25,1.25,1,0.5,6,4,3,5,2,1,2,991.01,4.23,59,3,0.492
15,20,5,20,FALSE,TRUE,0.25,1.5,1,0.5,6,7,3,7,2,1,2,1142.13,4.23,66,3,0.571
15,20,5,20,FALSE,TRUE,0.25,1.5,1,0.5,6,7,3,8,2,1,2,1142.13,4.23,66,3,0.571
15,20,5,30,TRUE,TRUE,0.25,1.5,1.25,0.5,6,6,3,5,2,1,2,518.37,4.23,58,1.297,0.092
15,20,5,30,FALSE,TRUE,0.25,1.25,1,0.5,6,4,3,5,2,1,2,991.01,4.23,59,3,0.492
15,20,5,30,FALSE,TRUE,0.25,1.5,1,0.5,6,7,3,7,2,1,2,1142.13,4.23,66,3,0.571
15,20,5,30,FALSE,TRUE,0.25,1.5,1,0.5,6,7,3,8,2,1,2,1142.13,4.23,66,3,0.571
15,30,5,20,FALSE,TRUE,0.25,1.25,1,0.5,6,4,3,5,2,1,2,991.01,4.23,59,3,0.492
15,30,5,20,FALSE,TRUE,0.25,1.5,1,0.5,6,7,3,7,2,1,2,1142.13,4.23,66,3,0.571
15,30,5,20,FALSE,TRUE,0.25,1.5,1,0.5,6,7,3,8,2,1,2,1142.13,4.23,66,3,0.571
15,30,5,30,TRUE,TRUE,0.25,1.25,1,0.5,6,5,3,7,2,1,2,561.27,4.23,64,1.297,0.153
15,30,5,30,TRUE,TRUE,0.25,1.25,1,0.5,6,5,3,8,2,1,2,561.27,4.23,64,1.297,0.153
15,30,5,30,TRUE,TRUE,0.25,1.25,1.5,0.5,6,6,3,5,2,1,2,540.85,4.23,59,1.297,0.121
15,30,5,30,FALSE,TRUE,0.25,1.25,1,0.5,6,4,3,5,2,1,2,991.01,4.23,59,3,0.492
15,30,5,30,FALSE,TRUE,0.25,1.5,1,0.5,6,7,3,7,2,1,2,1142.13,4.23,66,3,0.571
15,30,5,30,FALSE,TRUE,0.25,1.5,1,0.5,6,7,3,8,2,1,2,1142.13,4.23,66,3,0.571
15,40,5,20,TRUE,TRUE,0.25,1.25,1,0.5,6,6,3,7,2,1,2,559.28,4.23,64,1.297,0.15
15,40,5,20,TRUE,TRUE,0.25,1.25,1,0.5,6,6,3,8,2,1,2,559.28,4.23,64,1.297,0.15
15,40,5,20,TRUE,TRUE,0.25,1.5,1,0.5,6,6,3,6,2,1,2,549.14,4.23,60,1.297,0.134
15,40,5,20,FALSE,TRUE,0.25,1.25,1.25,0.5,6,4,3,5,2,1,2,980.71,4.23,57,3,0.491
15,40,5,30,FALSE,TRUE,0.25,1.25,1.25,0.5,6,4,3,5,2,1,2,980.71,4.23,57,3,0.491
15,30,6,20,TRUE,TRUE,0.25,1,1,0.5,6,4,3,6,2,1,2,469.08,4.23,46,1.297,-0.007
15,30,6,20,TRUE,TRUE,0.25,1.25,1,0.5,6,6,3,6,2,1,2,457.38,4.23,47,1.297,-0.026
15,30,6,30,TRUE,TRUE,0.25,1,1,0.5,6,7,3,6,2,1,2,476.62,4.23,49,1.297,0.011
15,30,6,30,TRUE,TRUE,0.25,1.5,1,0.5,6,6,3,6,2,1,2,459.47,4.23,46,1.297,-0.02
15,30,6,30,TRUE,TRUE,0.25,1.5,1.5,0.5,6,6,3,6,2,1,2,454.8,4.23,45,1.297,-0.028
15,40,6,20,TRUE,TRUE,0.25,1.25,1.25,0.5,6,5,3,7,2,1,2,461.93,4.23,48,1.297,-0.014
15,40,6,20,TRUE,TRUE,0.25,1.25,1.25,0.5,6,5,3,8,2,1,2,461.93,4.23,48,1.297,-0.014
15,40,6,20,TRUE,TRUE,0.25,1.25,1.5,0.5,6,5,3,7,2,1,2,461.93,4.23,48,1.297,-0.014
15,40,6,20,TRUE,TRUE,0.25,1.25,1.5,0.5,6,5,3,8,2,1,2,461.93,4.23,48,1.297,-0.014
15,40,6,30,TRUE,TRUE,0.25,1.5,1.25,0.5,6,6,3,6,2,1,2,455.99,4.23,45,1.297,-0.025
10,20,4,20,TRUE,TRUE,0.25,1.5,1,0.5,6,6,3,6,2,1,2,525.75,4.22,67,1.497,0.115
10,20,4,20,FALSE,TRUE,0.25,1.25,1.5,0.5,6,6,3,5,2,1,2,1018.65,4.22,66,3,0.544
10,30,4,20,TRUE,TRUE,0.25,1.25,1,0.5,6,6,3,6,2,1,2,552.31,4.22,69,1.497,0.152
10,30,4,20,FALSE,TRUE,0.25,1.25,1.5,0.5,6,6,3,5,2,1,2,1018.65,4.22,66,3,0.544
10,30,4,30,TRUE,TRUE,0.25,1.25,1,0.5,6,7,3,6,2,1,2,573.89,4.22,71,1.497,0.183
10,30,4,30,TRUE,TRUE,0.25,1.5,1.5,0.5,6,4,3,7,2,1,2,563.24,4.22,66,1.497,0.172
10,30,4,30,TRUE,TRUE,0.25,1.5,1.5,0.5,6,4,3,8,2,1,2,563.24,4.22,66,1.497,0.172
10,30,4,30,TRUE,TRUE,0.25,1.5,1.5,0.5,6,5,3,6,2,1,2,530.76,4.22,63,1.497,0.119
10,40,4,20,FALSE,TRUE,0.25,1.25,1.5,0.5,6,5,3,6,2,1,2,1019.25,4.22,65,3,0.543
10,40,4,20,FALSE,TRUE,0.25,1.5,1,0.5,6,6,3,6,2,1,2,1028.56,4.22,66,3,0.549
10,40,4,30,FALSE,TRUE,0.25,1.25,1.5,0.5,6,5,3,7,2,1,2,1076.35,4.22,67,3,0.578
10,40,4,30,FALSE,TRUE,0.25,1.25,1.5,0.5,6,5,3,8,2,1,2,1076.35,4.22,67,3,0.578
10,40,4,30,FALSE,TRUE,0.25,1.25,1.5,0.5,6,6,3,7,2,1,2,1076.35,4.22,67,3,0.578
10,40,4,30,FALSE,TRUE,0.25,1.25,1.5,0.5,6,6,3,8,2,1,2,1076.35,4.22,67,3,0.578
10,20,5,20,TRUE,TRUE,0.25,1.25,1.25,0.5,6,6,3,5,2,1,2,514.5,4.22,60,1.497,0.084
10,20,5,20,FALSE,TRUE,0.25,1.25,1,0.5,6,5,3,6,2,1,2,1010.96,4.22,62,3,0.515
10,20,5,30,TRUE,TRUE,0.25,1,1.25,0.5,6,5,3,6,2,1,2,546.33,4.22,64,1.497,0.135
10,20,5,30,TRUE,TRUE,0.25,1,1.5,0.5,6,5,3,6,2,1,2,546.33,4.22,64,1.497,0.135
10,20,5,30,FALSE,TRUE,0.25,1.25,1,0.5,6,5,3,6,2,1,2,1010.96,4.22,62,3,0.515
10,30,5,20,TRUE,TRUE,0.25,1.25,1.5,0.5,6,4,3,7,2,1,2,577.69,4.22,63,1.497,0.183
10,30,5,20,TRUE,TRUE,0.25,1.25,1.5,0.5,6,4,3,8,2,1,2,577.69,4.22,63,1.497,0.183
10,30,5,20,FALSE,TRUE,0.25,1.25,1,0.5,6,5,3,6,2,1,2,1010.96,4.22,62,3,0.515
10,30,5,30,FALSE,TRUE,0.25,1.25,1,0.5,6,5,3,6,2,1,2,1010.96,4.22,62,3,0.515
10,40,5,20,FALSE,TRUE,0.25,1,1.25,0.5,6,6,3,6,2,1,2,1049.52,4.22,64,3,0.544
10,40,5,20,FALSE,TRUE,0.25,1,1.5,0.5,6,6,3,6,2,1,2,1049.52,4.22,64,3,0.544
10,40,5,30,FALSE,TRUE,0.25,1,1.25,0.5,6,6,3,6,2,1,2,1049.52,4.22,64,3,0.544
10,40,5,30,FALSE,TRUE,0.25,1,1.5,0.5,6,6,3,6,2,1,2,1049.52,4.22,64,3,0.544
10,20,6,30,TRUE,TRUE,0.25,1.5,1.25,0.5,6,5,3,7,2,1,2,489.29,4.22,51,1.497,0.045
10,20,6,30,TRUE,TRUE,0.25,1.5,1.25,0.5,6,5,3,8,2,1,2,489.29,4.22,51,1.497,0.045
10,40,6,20,TRUE,TRUE,0.25,1.5,1,0.5,6,5,3,7,2,1,2,490.4,4.22,51,1.497,0.042
10,40,6,20,TRUE,TRUE,0.25,1.5,1,0.5,6,5,3,8,2,1,2,490.4,4.22,51,1.497,0.042
10,40,6,20,FALSE,TRUE,0.25,1.5,1.5,0.5,6,5,3,5,2,1,2,750.16,4.22,45,3,0.349
10,40,6,30,FALSE,TRUE,0.25,1.5,1.5,0.5,6,5,3,5,2,1,2,750.16,4.22,45,3,0.349
15,20,4,20,TRUE,TRUE,0.25,1.25,1,0.5,6,5,3,7,2,1,2,539.62,4.22,70,1.297,0.135
15,20,4,20,TRUE,TRUE,0.25,1.25,1,0.5,6,5,3,8,2,1,2,539.62,4.22,70,1.297,0.135
15,20,4,20,TRUE,TRUE,0.25,1.25,1.25,0.5,6,5,3,5,2,1,2,525.99,4.22,67,1.297,0.114
15,20,4,30,FALSE,TRUE,0.25,1,1,0.5,6,7,3,5,2,1,2,1075.17,4.22,71,3,0.566
15,20,4,30,FALSE,TRUE,0.25,1,1.25,0.5,6,7,3,5,2,1,2,1075.17,4.22,71,3,0.566
15,20,4,30,FALSE,TRUE,0.25,1,1.5,0.5,6,7,3,5,2,1,2,1075.17,4.22,71,3,0.566
15,20,4,30,FALSE,TRUE,0.25,1.5,1,0.5,6,5,3,5,2,1,2,1021.01,4.22,64,3,0.538
15,20,4,30,FALSE,TRUE,0.25,1.5,1,0.5,6,7,3,6,2,1,2,1157.99,4.22,70,3,0.594
15,30,4,30,FALSE,TRUE,0.25,1,1,0.5,6,7,3,5,2,1,2,1075.17,4.22,71,3,0.566
15,30,4,30,FALSE,TRUE,0.25,1,1.25,0.5,6,7,3,5,2,1,2,1075.17,4.22,71,3,0.566
15,30,4,30,FALSE,TRUE,0.25,1,1.5,0.5,6,7,3,5,2,1,2,1075.17,4.22,71,3,0.566
15,30,4,30,FALSE,TRUE,0.25,1.5,1,0.5,6,5,3,5,2,1,2,1021.01,4.22,64,3,0.538
15,30,4,30,FALSE,TRUE,0.25,1.5,1,0.5,6,7,3,6,2,1,2,1157.99,4.22,70,3,0.594
15,40,4,30,TRUE,TRUE,0.25,1.5,1,0.5,6,5,3,6,2,1,2,543.64,4.22,64,1.297,0.137
15,20,5,20,TRUE,TRUE,0.25,1,1,0.5,6,5,3,7,2,1,2,548.27,4.22,65,1.297,0.137
15,20,5,20,TRUE,TRUE,0.25,1,1,0.5,6,5,3,8,2,1,2,548.27,4.22,65,1.297,0.137
15,20,5,20,TRUE,TRUE,0.25,1,1.25,0.5,6,5,3,7,2,1,2,548.27,4.22,65,1.297,0.137
15,20,5,20,TRUE,TRUE,0.25,1,1.25,0.5,6,5,3,8,2,1,2,548.27,4.22,65,1.297,0.137
15,20,5,20,TRUE,TRUE,0.25,1,1.5,0.5,6,5,3,7,2,1,2,548.27,4.22,65,1.297,0.137
15,20,5,20,TRUE,TRUE,0.25,1,1.5,0.5,6,5,3,8,2,1,2,548.27,4.22,65,1.297,0.137
15,20,5,20,FALSE,TRUE,0.25,1,1.25,0.5,6,7,3,6,2,1,2,1116.15,4.22,68,3,0.564
15,20,5,20,FALSE,TRUE,0.25,1,1.5,0.5,6,7,3,6,2,1,2,1116.15,4.22,68,3,0.564
15,20,5,20,FALSE,TRUE,0.25,1.5,1,0.5,6,7,3,6,2,1,2,1136.44,4.22,65,3,0.565
15,20,5,30,TRUE,TRUE,0.25,1,1.25,0.5,6,7,3,6,2,1,2,577.42,4.22,68,1.297,0.181
15,20,5,30,TRUE,TRUE,0.25,1,1.5,0.5,6,7,3,6,2,1,2,577.42,4.22,68,1.297,0.181
15,20,5,30,FALSE,TRUE,0.25,1,1.25,0.5,6,7,3,6,2,1,2,1116.15,4.22,68,3,0.564
15,20,5,30,FALSE,TRUE,0.25,1,1.5,0.5,6,7,3,6,2,1,2,1116.15,4.22,68,3,0.564
15,20,5,30,FALSE,TRUE,0.25,1.5,1,0.5,6,7,3,6,2,1,2,1136.44,4.22,65,3,0.565
15,30,5,20,TRUE,TRUE,0.25,1.25,1.25,0.5,6,6,3,5,2,1,2,539.34,4.22,60,1.297,0.119
15,30,5,20,TRUE,TRUE,0.25,1.25,1.5,0.5,6,5,3,7,2,1,2,551.36,4.22,62,1.297,0.14
15,30,5,20,TRUE,TRUE,0.25,1.25,1.5,0.5,6,5,3,8,2,1,2,551.36,4.22,62,1.297,0.14
15,30,5,20,TRUE,TRUE,0.25,1.5,1,0.5,6,5,3,6,2,1,2,548.6,4.22,60,1.297,0.133
15,30,5,20,FALSE,TRUE,0.25,1,1.25,0.5,6,7,3,6,2,1,2,1116.15,4.22,68,3,0.564
15,30,5,20,FALSE,TRUE,0.25,1,1.5,0.5,6,7,3,6,2,1,2,1116.15,4.22,68,3,0.564
15,30,5,20,FALSE,TRUE,0.25,1.5,1,0.5,6,7,3,6,2,1,2,1136.44,4.22,65,3,0.565
15,30,5,30,TRUE,TRUE,0.25,1,1.25,0.5,6,5,3,6,2,1,2,571.59,4.22,64,1.297,0.166
15,30,5,30,TRUE,TRUE,0.25,1,1.5,0.5,6,5,3,6,2,1,2,571.59,4.22,64,1.297,0.166
15,30,5,30,FALSE,TRUE,0.25,1,1.25,0.5,6,7,3,6,2,1,2,1116.15,4.22,68,3,0.564
15,30,5,30,FALSE,TRUE,0.25,1,1.5,0.5,6,7,3,6,2,1,2,1116.15,4.22,68,3,0.564
15,30,5,30,FALSE,TRUE,0.25,1.5,1,0.5,6,7,3,6,2,1,2,1136.44,4.22,65,3,0.565
15,40,5,20,TRUE,TRUE,0.25,1.5,1.25,0.5,6,6,3,7,2,1,2,548.16,4.22,60,1.297,0.135
15,40,5,20,TRUE,TRUE,0.25,1.5,1.25,0.5,6,6,3,8,2,1,2,548.16,4.22,60,1.297,0.135
15,40,5,20,FALSE,TRUE,0.25,1.5,1,0.5,6,5,3,7,2,1,2,1006.36,4.22,60,3,0.513
15,40,5,20,FALSE,TRUE,0.25,1.5,1,0.5,6,5,3,8,2,1,2,1006.36,4.22,60,3,0.513
15,40,5,30,TRUE,TRUE,0.25,1,1,0.5,6,5,3,6,2,1,2,566.59,4.22,62,1.297,0.157
15,40,5,30,TRUE,TRUE,0.25,1,1.25,0.5,6,6,3,6,2,1,2,574.66,4.22,64,1.297,0.172
15,40,5,30,TRUE,TRUE,0.25,1,1.5,0.5,6,6,3,6,2,1,2,574.66,4.22,64,1.297,0.172
15,40,5,30,FALSE,TRUE,0.25,1.5,1,0.5,6,5,3,7,2,1,2,1006.36,4.22,60,3,0.513
15,40,5,30,FALSE,TRUE,0.25,1.5,1,0.5,6,5,3,8,2,1,2,1006.36,4.22,60,3,0.513
15,20,6,20,FALSE,TRUE,0.25,1.5,1,0.5,6,5,3,6,2,1,2,761.82,4.22,45,3,0.358
15,20,6,30,FALSE,TRUE,0.25,1.5,1,0.5,6,5,3,6,2,1,2,761.82,4.22,45,3,0.358
15,30,6,20,TRUE,TRUE,0.25,1.25,1.25,0.5,6,5,3,6,2,1,2,458.77,4.22,47,1.297,-0.021
15,30,6,20,TRUE,TRUE,0.25,1.25,1.5,0.5,6,5,3,6,2,1,2,458.77,4.22,47,1.297,-0.021
15,30,6,20,FALSE,TRUE,0.25,1.5,1,0.5,6,5,3,6,2,1,2,761.82,4.22,45,3,0.358
15,30,6,30,TRUE,TRUE,0.25,1,1,0.5,6,4,3,7,2,1,2,478.35,4.22,48,1.297,0.013
15,30,6,30,TRUE,TRUE,0.25,1,1,0.5,6,4,3,8,2,1,2,478.35,4.22,48,1.297,0.013
15,30,6,30,TRUE,TRUE,0.25,1,1.25,0.5,6,4,3,7,2,1,2,478.35,4.22,48,1.297,0.013
15,30,6,30,TRUE,TRUE,0.25,1,1.25,0.5,6,4,3,8,2,1,2,478.35,4.22,48,1.297,0.013
15,30,6,30,TRUE,TRUE,0.25,1,1.5,0.5,6,4,3,7,2,1,2,478.35,4.22,48,1.297,0.013
15,30,6,30,TRUE,TRUE,0.25,1,1.5,0.5,6,4,3,8,2,1,2,478.35,4.22,48,1.297,0.013
15,30,6,30,TRUE,TRUE,0.25,1.25,1.25,0.5,6,7,3,5,2,1,2,455.35,4.22,47,1.297,-0.028
15,30,6,30,TRUE,TRUE,0.25,1.25,1.5,0.5,6,7,3,5,2,1,2,455.35,4.22,47,1.297,-0.028
15,30,6,30,FALSE,TRUE,0.25,1.5,1,0.5,6,5,3,6,2,1,2,761.82,4.22,45,3,0.358
15,40,6,20,TRUE,TRUE,0.25,1,1,0.5,6,4,3,6,2,1,2,468.48,4.22,46,1.297,-0.008
15,40,6,20,FALSE,TRUE,0.25,1.5,1,0.5,6,5,3,6,2,1,2,761.82,4.22,45,3,0.358
15,40,6,30,FALSE,TRUE,0.25,1.5,1,0.5,6,5,3,6,2,1,2,761.82,4.22,45,3,0.358
10,20,4,20,TRUE,TRUE,0.25,1.25,1.25,0.5,6,7,3,5,2,1,2,546.79,4.21,70,1.497,0.148
10,20,4,20,FALSE,TRUE,0.25,1.25,1,0.5,6,5,3,6,2,1,2,1042.85,4.21,68,3,0.552
10,20,4,20,FALSE,TRUE,0.25,1.25,1.25,0.5,6,4,3,5,2,1,2,1014.1,4.21,65,3,0.536
10,20,4,30,TRUE,TRUE,0.25,1,1,0.5,6,5,3,7,2,1,2,575.27,4.21,72,1.497,0.193
10,20,4,30,TRUE,TRUE,0.25,1,1,0.5,6,5,3,8,2,1,2,575.27,4.21,72,1.497,0.193
10,20,4,30,TRUE,TRUE,0.25,1,1,0.5,6,6,3,7,2,1,2,575.27,4.21,72,1.497,0.193
10,20,4,30,TRUE,TRUE,0.25,1,1,0.5,6,6,3,8,2,1,2,575.27,4.21,72,1.497,0.193
10,20,4,30,TRUE,TRUE,0.25,1,1.25,0.5,6,5,3,7,2,1,2,574.48,4.21,72,1.497,0.191
10,20,4,30,TRUE,TRUE,0.25,1,1.25,0.5,6,5,3,8,2,1,2,574.48,4.21,72,1.497,0.191
10,20,4,30,TRUE,TRUE,0.25,1,1.25,0.5,6,6,3,7,2,1,2,574.48,4.21,72,1.497,0.191
10,20,4,30,TRUE,TRUE,0.25,1,1.25,0.5,6,6,3,8,2,1,2,574.48,4.21,72,1.497,0.191
10,20,4,30,TRUE,TRUE,0.25,1,1.5,0.5,6,5,3,7,2,1,2,574.48,4.21,72,1.497,0.191
10,20,4,30,TRUE,TRUE,0.25,1,1.5,0.5,6,5,3,8,2,1,2,574.48,4.21,72,1.497,0.191
10,20,4,30,TRUE,TRUE,0.25,1,1.5,0.5,6,6,3,7,2,1,2,574.48,4.21,72,1.497,0.191
10,20,4,30,TRUE,TRUE,0.25,1,1.5,0.5,6,6,3,8,2,1,2,574.48,4.21,72,1.497,0.191
10,20,4,30,FALSE,TRUE,0.25,1.25,1,0.5,6,5,3,7,2,1,2,1099.95,4.21,70,3,0.587
10,20,4,30,FALSE,TRUE,0.25,1.25,1,0.5,6,5,3,8,2,1,2,1099.95,4.21,70,3,0.587
10,20,4,30,FALSE,TRUE,0.25,1.25,1,0.5,6,6,3,7,2,1,2,1099.95,4.21,70,3,0.587
10,20,4,30,FALSE,TRUE,0.25,1.25,1,0.5,6,6,3,8,2,1,2,1099.95,4.21,70,3,0.587
10,20,4,30,FALSE,TRUE,0.25,1.25,1.25,0.5,6,5,3,5,2,1,2,1005.32,4.21,64,3,0.533
10,20,4,30,FALSE,TRUE,0.25,1.5,1.5,0.5,6,7,3,7,2,1,2,1201.19,4.21,72,3,0.623
10,20,4,30,FALSE,TRUE,0.25,1.5,1.5,0.5,6,7,3,8,2,1,2,1201.19,4.21,72,3,0.623
10,30,4,20,TRUE,TRUE,0.25,1.25,1.5,0.5,6,5,3,7,2,1,2,573.11,4.21,69,1.497,0.188
10,30,4,20,TRUE,TRUE,0.25,1.25,1.5,0.5,6,5,3,8,2,1,2,573.11,4.21,69,1.497,0.188
10,30,4,20,FALSE,TRUE,0.25,1.25,1,0.5,6,5,3,6,2,1,2,1042.85,4.21,68,3,0.552
10,30,4,20,FALSE,TRUE,0.25,1.25,1.25,0.5,6,4,3,5,2,1,2,1014.1,4.21,65,3,0.536
10,30,4,30,FALSE,TRUE,0.25,1.25,1,0.5,6,5,3,7,2,1,2,1099.95,4.21,70,3,0.587
10,30,4,30,FALSE,TRUE,0.25,1.25,1,0.5,6,5,3,8,2,1,2,1099.95,4.21,70,3,0.587
10,30,4,30,FALSE,TRUE,0.25,1.25,1,0.5,6,6,3,7,2,1,2,1099.95,4.21,70,3,0.587
10,30,4,30,FALSE,TRUE,0.25,1.25,1,0.5,6,6,3,8,2,1,2,1099.95,4.21,70,3,0.587
10,30,4,30,FALSE,TRUE,0.25,1.25,1.25,0.5,6,5,3,5,2,1,2,1005.32,4.21,64,3,0.533
10,30,4,30,FALSE,TRUE,0.25,1.5,1.5,0.5,6,7,3,7,2,1,2,1201.19,4.21,72,3,0.623
10,30,4,30,FALSE,TRUE,0.25,1.5,1.5,0.5,6,7,3,8,2,1,2,1201.19,4.21,72,3,0.623
10,40,4,20,TRUE,TRUE,0.25,1.25,1.25,0.5,6,6,3,7,2,1,2,571.54,4.21,70,1.497,0.187
10,40,4,20,TRUE,TRUE,0.25,1.25,1.25,0.5,6,6,3,8,2,1,2,571.54,4.21,70,1.497,0.187
10,40,4,20,FALSE,TRUE,0.25,1.25,1.5,0.5,6,4,3,7,2,1,2,1078.43,4.21,67,3,0.577
10,40,4,20,FALSE,TRUE,0.25,1.25,1.5,0.5,6,4,3,8,2,1,2,1078.43,4.21,67,3,0.577
10,40,4,20,FALSE,TRUE,0.25,1.5,1.5,0.5,6,4,3,7,2,1,2,1071.62,4.21,66,3,0.573
10,40,4,20,FALSE,TRUE,0.25,1.5,1.5,0.5,6,4,3,8,2,1,2,1071.62,4.21,66,3,0.573
10,20,5,20,FALSE,TRUE,0.25,1,1,0.5,6,5,3,6,2,1,2,1038.95,4.21,63,3,0.532
10,20,5,20,FALSE,TRUE,0.25,1.5,1,0.5,6,6,3,7,2,1,2,1067.68,4.21,64,3,0.558
10,20,5,20,FALSE,TRUE,0.25,1.5,1,0.5,6,6,3,8,2,1,2,1067.68,4.21,64,3,0.558
10,20,5,30,FALSE,TRUE,0.25,1,1,0.5,6,5,3,6,2,1,2,1038.95,4.21,63,3,0.532
10,20,5,30,FALSE,TRUE,0.25,1.5,1,0.5,6,6,3,7,2,1,2,1067.68,4.21,64,3,0.558
10,20,5,30,FALSE,TRUE,0.25,1.5,1,0.5,6,6,3,8,2,1,2,1067.68,4.21,64,3,0.558
10,30,5,20,TRUE,TRUE,0.25,1.25,1.25,0.5,6,5,3,7,2,1,2,579.85,4.21,65,1.497,0.188
10,30,5,20,TRUE,TRUE,0.25,1.25,1.25,0.5,6,5,3,8,2,1,2,579.85,4.21,65,1.497,0.188
10,30,5,20,FALSE,TRUE,0.25,1,1,0.5,6,5,3,6,2,1,2,1038.95,4.21,63,3,0.532
10,30,5,20,FALSE,TRUE,0.25,1.5,1,0.5,6,6,3,7,2,1,2,1067.68,4.21,64,3,0.558
10,30,5,20,FALSE,TRUE,0.25,1.5,1,0.5,6,6,3,8,2,1,2,1067.68,4.21,64,3,0.558
10,30,5,30,TRUE,TRUE,0.25,1.25,1.25,0.5,6,4,3,5,2,1,2,536.24,4.21,58,1.497,0.113
10,30,5,30,FALSE,TRUE,0.25,1,1,0.5,6,5,3,6,2,1,2,1038.95,4.21,63,3,0.532
10,30,5,30,FALSE,TRUE,0.25,1.5,1,0.5,6,6,3,7,2,1,2,1067.68,4.21,64,3,0.558
10,30,5,30,FALSE,TRUE,0.25,1.5,1,0.5,6,6,3,8,2,1,2,1067.68,4.21,64,3,0.558
10,40,5,20,FALSE,TRUE,0.25,1.25,1.25,0.5,6,6,3,5,2,1,2,983.48,4.21,59,3,0.503
10,40,5,20,FALSE,TRUE,0.25,1.25,1.5,0.5,6,5,3,7,2,1,2,1059.53,4.21,62,3,0.552
10,40,5,20,FALSE,TRUE,0.25,1.25,1.5,0.5,6,5,3,8,2,1,2,1059.53,4.21,62,3,0.552
10,40,5,30,TRUE,TRUE,0.25,1.25,1.5,0.5,6,4,3,7,2,1,2,574.92,4.21,61,1.497,0.177
10,40,5,30,TRUE,TRUE,0.25,1.25,1.5,0.5,6,4,3,8,2,1,2,574.92,4.21,61,1.497,0.177
10,40,5,30,FALSE,TRUE,0.25,1.25,1.25,0.5,6,6,3,5,2,1,2,983.48,4.21,59,3,0.503
10,40,5,30,FALSE,TRUE,0.25,1.25,1.5,0.5,6,5,3,7,2,1,2,1059.53,4.21,62,3,0.552
10,40,5,30,FALSE,TRUE,0.25,1.25,1.5,0.5,6,5,3,8,2,1,2,1059.53,4.21,62,3,0.552
10,20,6,30,TRUE,TRUE,0.25,1.5,1,0.5,6,5,3,7,2,1,2,492.99,4.21,52,1.497,0.049
10,20,6,30,TRUE,TRUE,0.25,1.5,1,0.5,6,5,3,8,2,1,2,492.99,4.21,52,1.497,0.049
15,20,4,20,FALSE,TRUE,0.25,1,1,0.5,6,6,3,5,2,1,2,1075.49,4.21,71,3,0.568
15,20,4,20,FALSE,TRUE,0.25,1,1.25,0.5,6,6,3,5,2,1,2,1075.49,4.21,71,3,0.568
15,20,4,20,FALSE,TRUE,0.25,1,1.5,0.5,6,6,3,5,2,1,2,1075.49,4.21,71,3,0.568
15,20,4,30,TRUE,TRUE,0.25,1.25,1,0.5,6,5,3,7,2,1,2,535.5,4.21,69,1.297,0.128
15,20,4,30,TRUE,TRUE,0.25,1.25,1,0.5,6,5,3,8,2,1,2,535.5,4.21,69,1.297,0.128
15,20,4,30,TRUE,TRUE,0.25,1.25,1,0.5,6,6,3,7,2,1,2,535.5,4.21,69,1.297,0.128
15,20,4,30,TRUE,TRUE,0.25,1.25,1,0.5,6,6,3,8,2,1,2,535.5,4.21,69,1.297,0.128
15,20,4,30,TRUE,TRUE,0.25,1.5,1.5,0.5,6,6,3,5,2,1,2,518.14,4.21,64,1.297,0.101
15,20,4,30,FALSE,TRUE,0.25,1.25,1.5,0.5,6,4,3,5,2,1,2,1006.56,4.21,63,3,0.527
15,30,4,20,TRUE,TRUE,0.25,1.25,1,0.5,6,7,3,6,2,1,2,580.41,4.21,73,1.297,0.192
15,30,4,20,TRUE,TRUE,0.25,1.5,1.5,0.5,6,7,3,7,2,1,2,616.19,4.21,72,1.297,0.234
15,30,4,20,TRUE,TRUE,0.25,1.5,1.5,0.5,6,7,3,8,2,1,2,616.19,4.21,72,1.297,0.234
15,30,4,20,FALSE,TRUE,0.25,1,1,0.5,6,6,3,5,2,1,2,1075.49,4.21,71,3,0.568
15,30,4,20,FALSE,TRUE,0.25,1,1.25,0.5,6,6,3,5,2,1,2,1075.49,4.21,71,3,0.568
15,30,4,20,FALSE,TRUE,0.25,1,1.5,0.5,6,6,3,5,2,1,2,1075.49,4.21,71,3,0.568
15,30,4,30,TRUE,TRUE,0.25,1,1,0.5,6,4,3,5,2,1,2,560.96,4.21,68,1.297,0.16
15,30,4,30,TRUE,TRUE,0.25,1,1.25,0.5,6,4,3,5,2,1,2,560.96,4.21,68,1.297,0.16
15,30,4,30,TRUE,TRUE,0.25,1,1.5,0.5,6,4,3,5,2,1,2,560.96,4.21,68,1.297,0.16
15,30,4,30,TRUE,TRUE,0.25,1.5,1.25,0.5,6,7,3,6,2,1,2,611.45,4.21,70,1.297,0.224
15,30,4,30,FALSE,TRUE,0.25,1.25,1.5,0.5,6,4,3,5,2,1,2,1006.56,4.21,63,3,0.527
15,40,4,20,TRUE,TRUE,0.25,1.25,1,0.5,6,6,3,7,2,1,2,558.47,4.21,70,1.297,0.161
15,40,4,20,TRUE,TRUE,0.25,1.25,1,0.5,6,6,3,8,2,1,2,558.47,4.21,70,1.297,0.161
15,40,4,30,TRUE,TRUE,0.25,1.25,1.25,0.5,6,4,3,5,2,1,2,536.21,4.21,63,1.297,0.124
15,20,5,20,TRUE,TRUE,0.25,1.25,1,0.5,6,4,3,5,2,1,2,516.92,4.21,59,1.297,0.083
15,20,5,20,TRUE,TRUE,0.25,1.25,1,0.5,6,5,3,7,2,1,2,534.6,4.21,64,1.297,0.116
15,20,5,20,TRUE,TRUE,0.25,1.25,1,0.5,6,5,3,8,2,1,2,534.6,4.21,64,1.297,0.116
15,20,5,20,TRUE,TRUE,0.25,1.25,1.5,0.5,6,6,3,5,2,1,2,515.44,4.21,59,1.297,0.085
15,20,5,20,TRUE,TRUE,0.25,1.5,1.5,0.5,6,5,3,6,2,1,2,519.99,4.21,58,1.297,0.095
15,20,5,20,FALSE,TRUE,0.25,1.25,1.25,0.5,6,5,3,5,2,1,2,983.62,4.21,59,3,0.497
15,20,5,30,FALSE,TRUE,0.25,1.25,1.25,0.5,6,5,3,5,2,1,2,983.62,4.21,59,3,0.497
15,30,5,20,TRUE,TRUE,0.25,1.25,1,0.5,6,7,3,6,2,1,2,577.69,4.21,66,1.297,0.175
15,30,5,20,TRUE,TRUE,0.25,1.5,1.25,0.5,6,5,3,7,2,1,2,547.46,4.21,60,1.297,0.134
15,30,5,20,TRUE,TRUE,0.25,1.5,1.25,0.5,6,5,3,8,2,1,2,547.46,4.21,60,1.297,0.134
15,30,5,20,TRUE,TRUE,0.25,1.5,1.5,0.5,6,4,3,7,2,1,2,543.5,4.21,58,1.297,0.126
15,30,5,20,TRUE,TRUE,0.25,1.5,1.5,0.5,6,4,3,8,2,1,2,543.5,4.21,58,1.297,0.126
15,30,5,20,FALSE,TRUE,0.25,1.25,1.25,0.5,6,5,3,5,2,1,2,983.62,4.21,59,3,0.497
15,30,5,30,TRUE,TRUE,0.25,1,1,0.5,6,6,3,7,2,1,2,577.02,4.21,66,1.297,0.177
15,30,5,30,TRUE,TRUE,0.25,1,1,0.5,6,6,3,8,2,1,2,577.02,4.21,66,1.297,0.177
15,30,5,30,TRUE,TRUE,0.25,1,1.25,0.5,6,6,3,7,2,1,2,577.02,4.21,66,1.297,0.177
15,30,5,30,TRUE,TRUE,0.25,1,1.25,0.5,6,6,3,8,2,1,2,577.02,4.21,66,1.297,0.177
15,30,5,30,TRUE,TRUE,0.25,1,1.5,0.5,6,6,3,7,2,1,2,577.02,4.21,66,1.297,0.177
15,30,5,30,TRUE,TRUE,0.25,1,1.5,0.5,6,6,3,8,2,1,2,577.02,4.21,66,1.297,0.177
15,30,5,30,FALSE,TRUE,0.25,1.25,1.25,0.5,6,5,3,5,2,1,2,983.62,4.21,59,3,0.497
15,40,5,20,FALSE,TRUE,0.25,1,1,0.5,6,5,3,7,2,1,2,1048.32,4.21,64,3,0.535
15,40,5,20,FALSE,TRUE,0.25,1,1,0.5,6,5,3,8,2,1,2,1048.32,4.21,64,3,0.535
15,40,5,20,FALSE,TRUE,0.25,1,1.25,0.5,6,5,3,7,2,1,2,1048.32,4.21,64,3,0.535
15,40,5,20,FALSE,TRUE,0.25,1,1.25,0.5,6,5,3,8,2,1,2,1048.32,4.21,64,3,0.535
15,40,5,20,FALSE,TRUE,0.25,1,1.5,0.5,6,5,3,7,2,1,2,1048.32,4.21,64,3,0.535
15,40,5,20,FALSE,TRUE,0.25,1,1.5,0.5,6,5,3,8,2,1,2,1048.32,4.21,64,3,0.535
15,40,5,20,FALSE,TRUE,0.25,1.25,1,0.5,6,5,3,7,2,1,2,1020.33,4.21,63,3,0.519
15,40,5,20,FALSE,TRUE,0.25,1.25,1,0.5,6,5,3,8,2,1,2,1020.33,4.21,63,3,0.519
15,40,5,20,FALSE,TRUE,0.25,1.5,1,0.5,6,5,3,6,2,1,2,1000.67,4.21,59,3,0.506
15,40,5,30,TRUE,TRUE,0.25,1.25,1,0.5,6,5,3,6,2,1,2,552.53,4.21,61,1.297,0.137
15,40,5,30,FALSE,TRUE,0.25,1,1,0.5,6,5,3,7,2,1,2,1048.32,4.21,64,3,0.535
15,40,5,30,FALSE,TRUE,0.25,1,1,0.5,6,5,3,8,2,1,2,1048.32,4.21,64,3,0.535
15,40,5,30,FALSE,TRUE,0.25,1,1.25,0.5,6,5,3,7,2,1,2,1048.32,4.21,64,3,0.535
15,40,5,30,FALSE,TRUE,0.25,1,1.25,0.5,6,5,3,8,2,1,2,1048.32,4.21,64,3,0.535
15,40,5,30,FALSE,TRUE,0.25,1,1.5,0.5,6,5,3,7,2,1,2,1048.32,4.21,64,3,0.535
15,40,5,30,FALSE,TRUE,0.25,1,1.5,0.5,6,5,3,8,2,1,2,1048.32,4.21,64,3,0.535
15,40,5,30,FALSE,TRUE,0.25,1.25,1,0.5,6,5,3,7,2,1,2,1020.33,4.21,63,3,0.519
15,40,5,30,FALSE,TRUE,0.25,1.25,1,0.5,6,5,3,8,2,1,2,1020.33,4.21,63,3,0.519
15,40,5,30,FALSE,TRUE,0.25,1.5,1,0.5,6,5,3,6,2,1,2,1000.67,4.21,59,3,0.506
15,20,6,30,TRUE,TRUE,0.25,1,1,0.5,6,4,3,6,2,1,2,466.61,4.21,46,1.297,-0.011
15,30,6,30,TRUE,TRUE,0.25,1.25,1,0.5,6,6,3,7,2,1,2,466.55,4.21,49,1.297,-0.006
15,30,6,30,TRUE,TRUE,0.25,1.25,1,0.5,6,6,3,8,2,1,2,466.55,4.21,49,1.297,-0.006
15,40,6,20,TRUE,TRUE,0.25,1.25,1,0.5,6,6,3,6,2,1,2,456.78,4.21,47,1.297,-0.027
15,40,6,30,TRUE,TRUE,0.25,1,1,0.5,6,7,3,6,2,1,2,476.02,4.21,49,1.297,0.01
15,40,6,30,TRUE,TRUE,0.25,1.5,1,0.5,6,6,3,6,2,1,2,458.87,4.21,46,1.297,-0.021
15,40,6,30,TRUE,TRUE,0.25,1.5,1.5,0.5,6,6,3,6,2,1,2,454.19,4.21,45,1.297,-0.029
10,20,4,20,TRUE,TRUE,0.25,1.25,1.25,0.5,6,6,3,5,2,1,2,520.77,4.2,67,1.497,0.106
10,20,4,20,FALSE,TRUE,0.25,1.5,1,0.5,6,5,3,6,2,1,2,1026.6,4.2,66,3,0.547
10,20,4,20,FALSE,TRUE,0.25,1.5,1,0.5,6,7,3,6,2,1,2,1158.33,4.2,72,3,0.599
10,20,4,30,TRUE,TRUE,0.25,1.25,1,0.5,6,7,3,6,2,1,2,554.08,4.2,71,1.497,0.157
10,20,4,30,FALSE,TRUE,0.25,1.5,1,0.5,6,5,3,7,2,1,2,1085.59,4.2,68,3,0.582
10,20,4,30,FALSE,TRUE,0.25,1.5,1,0.5,6,5,3,8,2,1,2,1085.59,4.2,68,3,0.582
10,20,4,30,FALSE,TRUE,0.25,1.5,1,0.5,6,6,3,7,2,1,2,1085.59,4.2,68,3,0.582
10,20,4,30,FALSE,TRUE,0.25,1.5,1,0.5,6,6,3,8,2,1,2,1085.59,4.2,68,3,0.582
10,20,4,30,FALSE,TRUE,0.25,1.5,1.25,0.5,6,4,3,5,2,1,2,996.45,4.2,62,3,0.523
10,30,4,20,TRUE,TRUE,0.25,1,1,0.5,6,6,3,7,2,1,2,597.88,4.2,74,1.497,0.222
10,30,4,20,TRUE,TRUE,0.25,1,1,0.5,6,6,3,8,2,1,2,597.88,4.2,74,1.497,0.222
10,30,4,20,TRUE,TRUE,0.25,1,1.25,0.5,6,6,3,7,2,1,2,597.09,4.2,74,1.497,0.221
10,30,4,20,TRUE,TRUE,0.25,1,1.25,0.5,6,6,3,8,2,1,2,597.09,4.2,74,1.497,0.221
10,30,4,20,TRUE,TRUE,0.25,1,1.5,0.5,6,6,3,7,2,1,2,597.09,4.2,74,1.497,0.221
10,30,4,20,TRUE,TRUE,0.25,1,1.5,0.5,6,6,3,8,2,1,2,597.09,4.2,74,1.497,0.221
10,30,4,20,TRUE,TRUE,0.25,1.5,1.25,0.5,6,5,3,7,2,1,2,569.58,4.2,69,1.497,0.182
10,30,4,20,TRUE,TRUE,0.25,1.5,1.25,0.5,6,5,3,8,2,1,2,569.58,4.2,69,1.497,0.182
10,30,4,20,FALSE,TRUE,0.25,1.5,1,0.5,6,5,3,6,2,1,2,1026.6,4.2,66,3,0.547
10,30,4,20,FALSE,TRUE,0.25,1.5,1,0.5,6,7,3,6,2,1,2,1158.33,4.2,72,3,0.599
10,30,4,30,FALSE,TRUE,0.25,1.5,1,0.5,6,5,3,7,2,1,2,1085.59,4.2,68,3,0.582
10,30,4,30,FALSE,TRUE,0.25,1.5,1,0.5,6,5,3,8,2,1,2,1085.59,4.2,68,3,0.582
10,30,4,30,FALSE,TRUE,0.25,1.5,1,0.5,6,6,3,7,2,1,2,1085.59,4.2,68,3,0.582
10,30,4,30,FALSE,TRUE,0.25,1.5,1,0.5,6,6,3,8,2,1,2,1085.59,4.2,68,3,0.582
10,30,4,30,FALSE,TRUE,0.25,1.5,1.25,0.5,6,4,3,5,2,1,2,996.45,4.2,62,3,0.523
10,40,4,20,TRUE,TRUE,0.25,1.25,1.25,0.5,6,4,3,6,2,1,2,535.86,4.2,65,1.497,0.126
10,40,4,20,TRUE,TRUE,0.25,1.25,1.5,0.5,6,7,3,7,2,1,2,596.8,4.2,73,1.497,0.221
10,40,4,20,TRUE,TRUE,0.25,1.25,1.5,0.5,6,7,3,8,2,1,2,596.8,4.2,73,1.497,0.221
10,40,4,20,FALSE,TRUE,0.25,1.25,1,0.5,6,4,3,6,2,1,2,1032.09,4.2,66,3,0.544
10,40,4,20,FALSE,TRUE,0.25,1.5,1,0.5,6,4,3,7,2,1,2,1081.54,4.2,67,3,0.576
10,40,4,20,FALSE,TRUE,0.25,1.5,1,0.5,6,4,3,8,2,1,2,1081.54,4.2,67,3,0.576
10,40,4,30,FALSE,TRUE,0.25,1,1,0.5,6,6,3,6,2,1,2,1062.64,4.2,68,3,0.564
10,40,4,30,FALSE,TRUE,0.25,1,1.25,0.5,6,6,3,6,2,1,2,1061.02,4.2,68,3,0.563
10,40,4,30,FALSE,TRUE,0.25,1,1.5,0.5,6,6,3,6,2,1,2,1061.02,4.2,68,3,0.563
10,40,4,30,FALSE,TRUE,0.25,1.25,1,0.5,6,4,3,7,2,1,2,1089.19,4.2,68,3,0.579
10,40,4,30,FALSE,TRUE,0.25,1.25,1,0.5,6,4,3,8,2,1,2,1089.19,4.2,68,3,0.579
10,40,4,30,FALSE,TRUE,0.25,1.5,1.5,0.5,6,6,3,6,2,1,2,1004.4,4.2,63,3,0.534
10,20,5,20,TRUE,TRUE,0.25,1.25,1.5,0.5,6,5,3,6,2,1,2,522.91,4.2,61,1.497,0.1
10,20,5,30,TRUE,TRUE,0.25,1.25,1,0.5,6,5,3,6,2,1,2,527.87,4.2,62,1.497,0.104
10,20,5,30,TRUE,TRUE,0.25,1.25,1.25,0.5,6,7,3,5,2,1,2,547.01,4.2,64,1.497,0.139
10,20,5,30,TRUE,TRUE,0.25,1.5,1,0.5,6,4,3,7,2,1,2,552.16,4.2,62,1.497,0.148
10,20,5,30,TRUE,TRUE,0.25,1.5,1,0.5,6,4,3,8,2,1,2,552.16,4.2,62,1.497,0.148
10,30,5,20,TRUE,TRUE,0.25,1.25,1,0.5,6,6,3,6,2,1,2,550.29,4.2,63,1.497,0.135
10,30,5,30,TRUE,TRUE,0.25,1.25,1,0.5,6,6,3,7,2,1,2,589.45,4.2,67,1.497,0.199
10,30,5,30,TRUE,TRUE,0.25,1.25,1,0.5,6,6,3,8,2,1,2,589.45,4.2,67,1.497,0.199
10,30,5,30,TRUE,TRUE,0.25,1.5,1,0.5,6,4,3,6,2,1,2,543.22,4.2,59,1.497,0.126
10,40,5,20,TRUE,TRUE,0.25,1.25,1,0.5,6,7,3,6,2,1,2,575.52,4.2,66,1.497,0.173
10,40,5,20,TRUE,TRUE,0.25,1.25,1.25,0.5,6,4,3,7,2,1,2,572.22,4.2,62,1.497,0.173
10,40,5,20,TRUE,TRUE,0.25,1.25,1.25,0.5,6,4,3,8,2,1,2,572.22,4.2,62,1.497,0.173
10,40,5,30,TRUE,TRUE,0.25,1.25,1,0.5,6,6,3,6,2,1,2,549.69,4.2,62,1.497,0.134
10,20,6,20,TRUE,TRUE,0.25,1.5,1,0.5,6,5,3,6,2,1,2,457.91,4.2,49,1.497,-0.025
10,20,6,20,FALSE,TRUE,0.25,1.5,1.25,0.5,6,4,3,5,2,1,2,752.15,4.2,45,3,0.349
10,20,6,30,TRUE,TRUE,0.25,1.5,1.5,0.5,6,5,3,7,2,1,2,487.49,4.2,51,1.497,0.041
10,20,6,30,TRUE,TRUE,0.25,1.5,1.5,0.5,6,5,3,8,2,1,2,487.49,4.2,51,1.497,0.041
10,20,6,30,FALSE,TRUE,0.25,1.5,1.25,0.5,6,4,3,5,2,1,2,752.15,4.2,45,3,0.349
10,30,6,20,FALSE,TRUE,0.25,1.5,1.25,0.5,6,4,3,5,2,1,2,752.15,4.2,45,3,0.349
10,30,6,30,FALSE,TRUE,0.25,1.5,1.25,0.5,6,4,3,5,2,1,2,752.15,4.2,45,3,0.349
10,40,6,20,TRUE,TRUE,0.25,1.5,1.25,0.5,6,5,3,7,2,1,2,485.92,4.2,50,1.497,0.036
10,40,6,20,TRUE,TRUE,0.25,1.5,1.25,0.5,6,5,3,8,2,1,2,485.92,4.2,50,1.497,0.036
15,20,4,20,TRUE,TRUE,0.25,1.25,1,0.5,6,5,3,6,2,1,2,536.18,4.2,69,1.297,0.128
15,20,4,20,TRUE,TRUE,0.25,1.5,1.5,0.5,6,5,3,5,2,1,2,521.02,4.2,65,1.297,0.106
15,20,4,30,TRUE,TRUE,0.25,1.25,1.25,0.5,6,6,3,5,2,1,2,521.52,4.2,66,1.297,0.106
15,20,4,30,TRUE,TRUE,0.25,1.5,1.25,0.5,6,7,3,7,2,1,2,594.3,4.2,71,1.297,0.206
15,20,4,30,TRUE,TRUE,0.25,1.5,1.25,0.5,6,7,3,8,2,1,2,594.3,4.2,71,1.297,0.206
15,20,4,30,FALSE,TRUE,0.25,1.25,1,0.5,6,7,3,7,2,1,2,1105.49,4.2,72,3,0.573
15,20,4,30,FALSE,TRUE,0.25,1.25,1,0.5,6,7,3,8,2,1,2,1105.49,4.2,72,3,0.573
15,30,4,20,TRUE,TRUE,0.25,1.5,1.5,0.5,6,7,3,6,2,1,2,612.59,4.2,71,1.297,0.228
15,30,4,30,FALSE,TRUE,0.25,1.25,1,0.5,6,7,3,7,2,1,2,1105.49,4.2,72,3,0.573
15,30,4,30,FALSE,TRUE,0.25,1.25,1,0.5,6,7,3,8,2,1,2,1105.49,4.2,72,3,0.573
15,40,4,20,TRUE,TRUE,0.25,1.25,1.25,0.5,6,6,3,5,2,1,2,544.52,4.2,67,1.297,0.141
15,40,4,20,FALSE,TRUE,0.25,1.25,1,0.5,6,5,3,7,2,1,2,1050.41,4.2,69,3,0.555
15,40,4,20,FALSE,TRUE,0.25,1.25,1,0.5,6,5,3,8,2,1,2,1050.41,4.2,69,3,0.555
15,40,4,30,FALSE,TRUE,0.25,1.25,1.25,0.5,6,6,3,5,2,1,2,1015.52,4.2,65,3,0.536
15,40,4,30,FALSE,TRUE,0.25,1.5,1.5,0.5,6,4,3,5,2,1,2,1000.62,4.2,61,3,0.523
15,20,5,20,TRUE,TRUE,0.25,1,1.25,0.5,6,5,3,6,2,1,2,544.83,4.2,64,1.297,0.13
15,20,5,20,TRUE,TRUE,0.25,1,1.5,0.5,6,5,3,6,2,1,2,544.83,4.2,64,1.297,0.13
15,30,5,20,TRUE,TRUE,0.25,1.25,1.5,0.5,6,5,3,6,2,1,2,547.76,4.2,61,1.297,0.134
15,30,5,30,TRUE,TRUE,0.25,1.25,1,0.5,6,4,3,5,2,1,2,541.18,4.2,59,1.297,0.117
15,40,5,20,TRUE,TRUE,0.25,1.5,1.25,0.5,6,6,3,6,2,1,2,544.4,4.2,59,1.297,0.128
15,40,5,30,TRUE,TRUE,0.25,1.25,1,0.5,6,7,3,7,2,1,2,586.64,4.2,67,1.297,0.19
15,40,5,30,TRUE,TRUE,0.25,1.25,1,0.5,6,7,3,8,2,1,2,586.64,4.2,67,1.297,0.19
15,40,5,30,TRUE,TRUE,0.25,1.5,1.25,0.5,6,4,3,7,2,1,2,546.51,4.2,58,1.297,0.13
15,40,5,30,TRUE,TRUE,0.25,1.5,1.25,0.5,6,4,3,8,2,1,2,546.51,4.2,58,1.297,0.13
15,20,6,20,TRUE,TRUE,0.25,1.25,1,0.5,6,4,3,7,2,1,2,454.74,4.2,47,1.297,-0.031
15,20,6,20,TRUE,TRUE,0.25,1.25,1,0.5,6,4,3,8,2,1,2,454.74,4.2,47,1.297,-0.031
15,20,6,20,FALSE,TRUE,0.25,1,1,0.5,6,6,3,7,2,1,2,802.31,4.2,49,3,0.398
15,20,6,20,FALSE,TRUE,0.25,1,1,0.5,6,6,3,8,2,1,2,802.31,4.2,49,3,0.398
15,20,6,20,FALSE,TRUE,0.25,1,1.25,0.5,6,6,3,7,2,1,2,802.31,4.2,49,3,0.398
15,20,6,20,FALSE,TRUE,0.25,1,1.25,0.5,6,6,3,8,2,1,2,802.31,4.2,49,3,0.398
15,20,6,20,FALSE,TRUE,0.25,1,1.5,0.5,6,6,3,7,2,1,2,802.31,4.2,49,3,0.398
15,20,6,20,FALSE,TRUE,0.25,1,1.5,0.5,6,6,3,8,2,1,2,802.31,4.2,49,3,0.398
15,20,6,30,TRUE,TRUE,0.25,1.25,1.25,0.5,6,5,3,7,2,1,2,459.5,4.2,48,1.297,-0.019
15,20,6,30,TRUE,TRUE,0.25,1.25,1.25,0.5,6,5,3,8,2,1,2,459.5,4.2,48,1.297,-0.019
15,20,6,30,TRUE,TRUE,0.25,1.25,1.5,0.5,6,5,3,7,2,1,2,459.5,4.2,48,1.297,-0.019
15,20,6,30,TRUE,TRUE,0.25,1.25,1.5,0.5,6,5,3,8,2,1,2,459.5,4.2,48,1.297,-0.019
15,20,6,30,TRUE,TRUE,0.25,1.5,1,0.5,6,4,3,7,2,1,2,451.97,4.2,45,1.297,-0.035
15,20,6,30,TRUE,TRUE,0.25,1.5,1,0.5,6,4,3,8,2,1,2,451.97,4.2,45,1.297,-0.035
15,20,6,30,FALSE,TRUE,0.25,1,1,0.5,6,6,3,7,2,1,2,802.31,4.2,49,3,0.398
15,20,6,30,FALSE,TRUE,0.25,1,1,0.5,6,6,3,8,2,1,2,802.31,4.2,49,3,0.398
15,20,6,30,FALSE,TRUE,0.25,1,1.25,0.5,6,6,3,7,2,1,2,802.31,4.2,49,3,0.398
15,20,6,30,FALSE,TRUE,0.25,1,1.25,0.5,6,6,3,8,2,1,2,802.31,4.2,49,3,0.398
15,20,6,30,FALSE,TRUE,0.25,1,1.5,0.5,6,6,3,7,2,1,2,802.31,4.2,49,3,0.398
15,20,6,30,FALSE,TRUE,0.25,1,1.5,0.5,6,6,3,8,2,1,2,802.31,4.2,49,3,0.398
15,30,6,20,FALSE,TRUE,0.25,1,1,0.5,6,6,3,7,2,1,2,802.31,4.2,49,3,0.398
15,30,6,20,FALSE,TRUE,0.25,1,1,0.5,6,6,3,8,2,1,2,802.31,4.2,49,3,0.398
15,30,6,20,FALSE,TRUE,0.25,1,1.25,0.5,6,6,3,7,2,1,2,802.31,4.2,49,3,0.398
15,30,6,20,FALSE,TRUE,0.25,1,1.25,0.5,6,6,3,8,2,1,2,802.31,4.2,49,3,0.398
15,30,6,20,FALSE,TRUE,0.25,1,1.5,0.5,6,6,3,7,2,1,2,802.31,4.2,49,3,0.398
15,30,6,20,FALSE,TRUE,0.25,1,1.5,0.5,6,6,3,8,2,1,2,802.31,4.2,49,3,0.398
15,30,6,30,TRUE,TRUE,0.25,1,1.25,0.5,6,4,3,6,2,1,2,474.75,4.2,47,1.297,0.006
15,30,6,30,TRUE,TRUE,0.25,1,1.5,0.5,6,4,3,6,2,1,2,474.75,4.2,47,1.297,0.006
15,30,6,30,FALSE,TRUE,0.25,1,1,0.5,6,6,3,7,2,1,2,802.31,4.2,49,3,0.398
15,30,6,30,FALSE,TRUE,0.25,1,1,0.5,6,6,3,8,2,1,2,802.31,4.2,49,3,0.398
15,30,6,30,FALSE,TRUE,0.25,1,1.25,0.5,6,6,3,7,2,1,2,802.31,4.2,49,3,0.398
15,30,6,30,FALSE,TRUE,0.25,1,1.25,0.5,6,6,3,8,2,1,2,802.31,4.2,49,3,0.398
15,30,6,30,FALSE,TRUE,0.25,1,1.5,0.5,6,6,3,7,2,1,2,802.31,4.2,49,3,0.398
15,30,6,30,FALSE,TRUE,0.25,1,1.5,0.5,6,6,3,8,2,1,2,802.31,4.2,49,3,0.398
15,40,6,20,TRUE,TRUE,0.25,1.25,1.25,0.5,6,5,3,6,2,1,2,458.16,4.2,47,1.297,-0.023
15,40,6,20,TRUE,TRUE,0.25,1.25,1.5,0.5,6,5,3,6,2,1,2,458.16,4.2,47,1.297,-0.023
15,40,6,20,FALSE,TRUE,0.25,1,1,0.5,6,6,3,7,2,1,2,802.31,4.2,49,3,0.398
15,40,6,20,FALSE,TRUE,0.25,1,1,0.5,6,6,3,8,2,1,2,802.31,4.2,49,3,0.398
15,40,6,20,FALSE,TRUE,0.25,1,1.25,0.5,6,6,3,7,2,1,2,802.31,4.2,49,3,0.398
15,40,6,20,FALSE,TRUE,0.25,1,1.25,0.5,6,6,3,8,2,1,2,802.31,4.2,49,3,0.398
15,40,6,20,FALSE,TRUE,0.25,1,1.5,0.5,6,6,3,7,2,1,2,802.31,4.2,49,3,0.398
15,40,6,20,FALSE,TRUE,0.25,1,1.5,0.5,6,6,3,8,2,1,2,802.31,4.2,49,3,0.398
15,40,6,30,TRUE,TRUE,0.25,1,1,0.5,6,4,3,7,2,1,2,477.91,4.2,48,1.297,0.012
15,40,6,30,TRUE,TRUE,0.25,1,1,0.5,6,4,3,8,2,1,2,477.91,4.2,48,1.297,0.012
15,40,6,30,TRUE,TRUE,0.25,1,1.25,0.5,6,4,3,7,2,1,2,477.91,4.2,48,1.297,0.012
15,40,6,30,TRUE,TRUE,0.25,1,1.25,0.5,6,4,3,8,2,1,2,477.91,4.2,48,1.297,0.012
15,40,6,30,TRUE,TRUE,0.25,1,1.5,0.5,6,4,3,7,2,1,2,477.91,4.2,48,1.297,0.012
15,40,6,30,TRUE,TRUE,0.25,1,1.5,0.5,6,4,3,8,2,1,2,477.91,4.2,48,1.297,0.012
15,40,6,30,TRUE,TRUE,0.25,1.25,1.25,0.5,6,7,3,5,2,1,2,454.74,4.2,47,1.297,-0.029
15,40,6,30,TRUE,TRUE,0.25,1.25,1.5,0.5,6,7,3,5,2,1,2,454.74,4.2,47,1.297,-0.029
15,40,6,30,FALSE,TRUE,0.25,1,1,0.5,6,6,3,7,2,1,2,802.31,4.2,49,3,0.398
15,40,6,30,FALSE,TRUE,0.25,1,1,0.5,6,6,3,8,2,1,2,802.31,4.2,49,3,0.398
15,40,6,30,FALSE,TRUE,0.25,1,1.25,0.5,6,6,3,7,2,1,2,802.31,4.2,49,3,0.398
15,40,6,30,FALSE,TRUE,0.25,1,1.25,0.5,6,6,3,8,2,1,2,802.31,4.2,49,3,0.398
15,40,6,30,FALSE,TRUE,0.25,1,1.5,0.5,6,6,3,7,2,1,2,802.31,4.2,49,3,0.398
15,40,6,30,FALSE,TRUE,0.25,1,1.5,0.5,6,6,3,8,2,1,2,802.31,4.2,49,3,0.398
10,20,4,20,TRUE,TRUE,0.25,1.25,1,0.5,6,6,3,6,2,1,2,531.75,4.19,69,1.497,0.122
10,20,4,30,TRUE,TRUE,0.25,1.5,1,0.5,6,4,3,7,2,1,2,548.51,4.19,67,1.497,0.152
10,20,4,30,TRUE,TRUE,0.25,1.5,1,0.5,6,4,3,8,2,1,2,548.51,4.19,67,1.497,0.152
10,30,4,30,TRUE,TRUE,0.25,1,1,0.5,6,7,3,7,2,1,2,596.95,4.19,74,1.497,0.219
10,30,4,30,TRUE,TRUE,0.25,1,1,0.5,6,7,3,8,2,1,2,596.95,4.19,74,1.497,0.219
10,30,4,30,TRUE,TRUE,0.25,1,1.25,0.5,6,7,3,7,2,1,2,596.16,4.19,74,1.497,0.217
10,30,4,30,TRUE,TRUE,0.25,1,1.25,0.5,6,7,3,8,2,1,2,596.16,4.19,74,1.497,0.217
10,30,4,30,TRUE,TRUE,0.25,1,1.5,0.5,6,7,3,7,2,1,2,596.16,4.19,74,1.497,0.217
10,30,4,30,TRUE,TRUE,0.25,1,1.5,0.5,6,7,3,8,2,1,2,596.16,4.19,74,1.497,0.217
10,40,4,20,FALSE,TRUE,0.25,1.25,1,0.5,6,7,3,7,2,1,2,1168.04,4.19,75,3,0.611
10,40,4,20,FALSE,TRUE,0.25,1.25,1,0.5,6,7,3,8,2,1,2,1168.04,4.19,75,3,0.611
10,40,4,30,TRUE,TRUE,0.25,1.25,1.25,0.5,6,7,3,7,2,1,2,592.69,4.19,72,1.497,0.214
10,40,4,30,TRUE,TRUE,0.25,1.25,1.25,0.5,6,7,3,8,2,1,2,592.69,4.19,72,1.497,0.214
10,40,4,30,FALSE,TRUE,0.25,1.25,1.5,0.5,6,6,3,6,2,1,2,1009.32,4.19,64,3,0.536
10,40,4,30,FALSE,TRUE,0.25,1.5,1.5,0.5,6,4,3,7,2,1,2,1063.57,4.19,65,3,0.567
10,40,4,30,FALSE,TRUE,0.25,1.5,1.5,0.5,6,4,3,8,2,1,2,1063.57,4.19,65,3,0.567
10,20,5,20,TRUE,TRUE,0.25,1.25,1.5,0.5,6,4,3,7,2,1,2,552.27,4.19,63,1.497,0.149
10,20,5,20,TRUE,TRUE,0.25,1.25,1.5,0.5,6,4,3,8,2,1,2,552.27,4.19,63,1.497,0.149
10,20,5,20,TRUE,TRUE,0.25,1.5,1,0.5,6,4,3,6,2,1,2,517.44,4.19,59,1.497,0.089
10,20,5,20,FALSE,TRUE,0.25,1,1,0.5,6,6,3,7,2,1,2,1114.33,4.19,68,3,0.585
10,20,5,20,FALSE,TRUE,0.25,1,1,0.5,6,6,3,8,2,1,2,1114.33,4.19,68,3,0.585
10,20,5,20,FALSE,TRUE,0.25,1,1.25,0.5,6,6,3,7,2,1,2,1112.7,4.19,68,3,0.584
10,20,5,20,FALSE,TRUE,0.25,1,1.25,0.5,6,6,3,8,2,1,2,1112.7,4.19,68,3,0.584
10,20,5,20,FALSE,TRUE,0.25,1,1.5,0.5,6,6,3,7,2,1,2,1112.7,4.19,68,3,0.584
10,20,5,20,FALSE,TRUE,0.25,1,1.5,0.5,6,6,3,8,2,1,2,1112.7,4.19,68,3,0.584
10,20,5,30,TRUE,TRUE,0.25,1,1,0.5,6,5,3,6,2,1,2,540.74,4.19,63,1.497,0.125
10,20,5,30,TRUE,TRUE,0.25,1,1.25,0.5,6,6,3,6,2,1,2,548.02,4.19,65,1.497,0.139
10,20,5,30,TRUE,TRUE,0.25,1,1.5,0.5,6,6,3,6,2,1,2,548.02,4.19,65,1.497,0.139
10,20,5,30,TRUE,TRUE,0.25,1.25,1.25,0.5,6,4,3,5,2,1,2,511.74,4.19,58,1.497,0.077
10,20,5,30,TRUE,TRUE,0.25,1.25,1.5,0.5,6,5,3,7,2,1,2,556.87,4.19,64,1.497,0.158
10,20,5,30,TRUE,TRUE,0.25,1.25,1.5,0.5,6,5,3,8,2,1,2,556.87,4.19,64,1.497,0.158
10,20,5,30,FALSE,TRUE,0.25,1,1,0.5,6,6,3,7,2,1,2,1114.33,4.19,68,3,0.585
10,20,5,30,FALSE,TRUE,0.25,1,1,0.5,6,6,3,8,2,1,2,1114.33,4.19,68,3,0.585
10,20,5,30,FALSE,TRUE,0.25,1,1.25,0.5,6,6,3,7,2,1,2,1112.7,4.19,68,3,0.584
10,20,5,30,FALSE,TRUE,0.25,1,1.25,0.5,6,6,3,8,2,1,2,1112.7,4.19,68,3,0.584
10,20,5,30,FALSE,TRUE,0.25,1,1.5,0.5,6,6,3,7,2,1,2,1112.7,4.19,68,3,0.584
10,20,5,30,FALSE,TRUE,0.25,1,1.5,0.5,6,6,3,8,2,1,2,1112.7,4.19,68,3,0.584
10,30,5,20,TRUE,TRUE,0.25,1.25,1,0.5,6,7,3,7,2,1,2,614.39,4.19,71,1.497,0.232
10,30,5,20,TRUE,TRUE,0.25,1.25,1,0.5,6,7,3,8,2,1,2,614.39,4.19,71,1.497,0.232
10,30,5,20,FALSE,TRUE,0.25,1,1,0.5,6,6,3,7,2,1,2,1114.33,4.19,68,3,0.585
10,30,5,20,FALSE,TRUE,0.25,1,1,0.5,6,6,3,8,2,1,2,1114.33,4.19,68,3,0.585
10,30,5,20,FALSE,TRUE,0.25,1,1.25,0.5,6,6,3,7,2,1,2,1112.7,4.19,68,3,0.584
10,30,5,20,FALSE,TRUE,0.25,1,1.25,0.5,6,6,3,8,2,1,2,1112.7,4.19,68,3,0.584
10,30,5,20,FALSE,TRUE,0.25,1,1.5,0.5,6,6,3,7,2,1,2,1112.7,4.19,68,3,0.584
10,30,5,20,FALSE,TRUE,0.25,1,1.5,0.5,6,6,3,8,2,1,2,1112.7,4.19,68,3,0.584
10,30,5,30,TRUE,TRUE,0.25,1,1,0.5,6,6,3,6,2,1,2,568.08,4.19,64,1.497,0.163
10,30,5,30,FALSE,TRUE,0.25,1,1,0.5,6,6,3,7,2,1,2,1114.33,4.19,68,3,0.585
10,30,5,30,FALSE,TRUE,0.25,1,1,0.5,6,6,3,8,2,1,2,1114.33,4.19,68,3,0.585
10,30,5,30,FALSE,TRUE,0.25,1,1.25,0.5,6,6,3,7,2,1,2,1112.7,4.19,68,3,0.584
10,30,5,30,FALSE,TRUE,0.25,1,1.25,0.5,6,6,3,8,2,1,2,1112.7,4.19,68,3,0.584
10,30,5,30,FALSE,TRUE,0.25,1,1.5,0.5,6,6,3,7,2,1,2,1112.7,4.19,68,3,0.584
10,30,5,30,FALSE,TRUE,0.25,1,1.5,0.5,6,6,3,8,2,1,2,1112.7,4.19,68,3,0.584
10,40,5,20,TRUE,TRUE,0.25,1,1.25,0.5,6,4,3,6,2,1,2,559.86,4.19,62,1.497,0.146
10,40,5,20,TRUE,TRUE,0.25,1,1.5,0.5,6,4,3,6,2,1,2,559.86,4.19,62,1.497,0.146
10,40,5,20,FALSE,TRUE,0.25,1,1,0.5,6,6,3,6,2,1,2,1040.93,4.19,63,3,0.537
10,40,5,30,TRUE,TRUE,0.25,1.25,1,0.5,6,7,3,7,2,1,2,614.72,4.19,70,1.497,0.232
10,40,5,30,TRUE,TRUE,0.25,1.25,1,0.5,6,7,3,8,2,1,2,614.72,4.19,70,1.497,0.232
10,40,5,30,TRUE,TRUE,0.25,1.25,1.25,0.5,6,5,3,7,2,1,2,576.84,4.19,63,1.497,0.181
10,40,5,30,TRUE,TRUE,0.25,1.25,1.25,0.5,6,5,3,8,2,1,2,576.84,4.19,63,1.497,0.181
10,40,5,30,TRUE,TRUE,0.25,1.25,1.5,0.5,6,6,3,7,2,1,2,579.28,4.19,64,1.497,0.187
10,40,5,30,TRUE,TRUE,0.25,1.25,1.5,0.5,6,6,3,8,2,1,2,579.28,4.19,64,1.497,0.187
10,40,5,30,FALSE,TRUE,0.25,1,1,0.5,6,6,3,6,2,1,2,1040.93,4.19,63,3,0.537
10,20,6,20,TRUE,TRUE,0.25,1.5,1.25,0.5,6,5,3,6,2,1,2,453.43,4.19,48,1.497,-0.031
10,20,6,20,FALSE,TRUE,0.25,1.5,1.5,0.5,6,4,3,5,2,1,2,749.56,4.19,45,3,0.349
10,20,6,30,TRUE,TRUE,0.25,1.5,1,0.5,6,4,3,5,2,1,2,447.99,4.19,46,1.497,-0.046
10,20,6,30,FALSE,TRUE,0.25,1.5,1.5,0.5,6,4,3,5,2,1,2,749.56,4.19,45,3,0.349
10,30,6,20,FALSE,TRUE,0.25,1.5,1.5,0.5,6,4,3,5,2,1,2,749.56,4.19,45,3,0.349
10,30,6,30,FALSE,TRUE,0.25,1.5,1.5,0.5,6,4,3,5,2,1,2,749.56,4.19,45,3,0.349
10,40,6,20,TRUE,TRUE,0.25,1.25,1,0.5,6,5,3,5,2,1,2,451.34,4.19,47,1.497,-0.042
10,40,6,20,TRUE,TRUE,0.25,1.5,1.5,0.5,6,5,3,7,2,1,2,484.11,4.19,50,1.497,0.033
10,40,6,20,TRUE,TRUE,0.25,1.5,1.5,0.5,6,5,3,8,2,1,2,484.11,4.19,50,1.497,0.033
15,20,4,20,TRUE,TRUE,0.25,1.25,1.5,0.5,6,6,3,5,2,1,2,524.88,4.19,67,1.297,0.113
15,20,4,20,FALSE,TRUE,0.25,1,1,0.5,6,4,3,5,2,1,2,1069.24,4.19,70,3,0.559
15,20,4,20,FALSE,TRUE,0.25,1,1.25,0.5,6,4,3,5,2,1,2,1069.24,4.19,70,3,0.559
15,20,4,20,FALSE,TRUE,0.25,1,1.5,0.5,6,4,3,5,2,1,2,1069.24,4.19,70,3,0.559
15,20,4,30,TRUE,TRUE,0.25,1.25,1,0.5,6,6,3,6,2,1,2,532.13,4.19,68,1.297,0.122
15,20,4,30,TRUE,TRUE,0.25,1.5,1.5,0.5,6,5,3,5,2,1,2,515.34,4.19,63,1.297,0.096
15,20,4,30,FALSE,TRUE,0.25,1.25,1,0.5,6,7,3,6,2,1,2,1099.8,4.19,71,3,0.567
15,30,4,20,TRUE,TRUE,0.25,1.5,1,0.5,6,4,3,5,2,1,2,541.59,4.19,65,1.297,0.134
15,30,4,20,FALSE,TRUE,0.25,1,1,0.5,6,4,3,5,2,1,2,1069.24,4.19,70,3,0.559
15,30,4,20,FALSE,TRUE,0.25,1,1.25,0.5,6,4,3,5,2,1,2,1069.24,4.19,70,3,0.559
15,30,4,20,FALSE,TRUE,0.25,1,1.5,0.5,6,4,3,5,2,1,2,1069.24,4.19,70,3,0.559
15,30,4,30,FALSE,TRUE,0.25,1.25,1,0.5,6,7,3,6,2,1,2,1099.8,4.19,71,3,0.567
15,40,4,20,TRUE,TRUE,0.25,1.25,1,0.5,6,6,3,6,2,1,2,554.71,4.19,69,1.297,0.154
15,40,4,20,FALSE,TRUE,0.25,1.25,1.25,0.5,6,4,3,5,2,1,2,1017.6,4.19,65,3,0.534
15,40,4,20,FALSE,TRUE,0.25,1.25,1.5,0.5,6,6,3,5,2,1,2,1022.15,4.19,66,3,0.542
15,40,4,30,FALSE,TRUE,0.25,1.5,1,0.5,6,4,3,5,2,1,2,1008.92,4.19,62,3,0.526
15,20,5,20,TRUE,TRUE,0.25,1.5,1,0.5,6,4,3,5,2,1,2,513.08,4.19,57,1.297,0.078
15,20,5,20,FALSE,TRUE,0.25,1,1,0.5,6,7,3,6,2,1,2,1105.94,4.19,67,3,0.555
15,20,5,30,TRUE,TRUE,0.25,1,1,0.5,6,7,3,6,2,1,2,571.04,4.19,67,1.297,0.17
15,20,5,30,TRUE,TRUE,0.25,1.25,1.5,0.5,6,4,3,5,2,1,2,512.93,4.19,57,1.297,0.077
15,20,5,30,TRUE,TRUE,0.25,1.5,1.5,0.5,6,5,3,7,2,1,2,523.75,4.19,59,1.297,0.102
15,20,5,30,TRUE,TRUE,0.25,1.5,1.5,0.5,6,5,3,8,2,1,2,523.75,4.19,59,1.297,0.102
15,20,5,30,FALSE,TRUE,0.25,1,1,0.5,6,7,3,6,2,1,2,1105.94,4.19,67,3,0.555
15,30,5,20,TRUE,TRUE,0.25,1.25,1,0.5,6,6,3,7,2,1,2,557.55,4.19,65,1.297,0.147
15,30,5,20,TRUE,TRUE,0.25,1.25,1,0.5,6,6,3,8,2,1,2,557.55,4.19,65,1.297,0.147
15,30,5,20,TRUE,TRUE,0.25,1.5,1.25,0.5,6,5,3,6,2,1,2,543.86,4.19,59,1.297,0.127
15,30,5,20,TRUE,TRUE,0.25,1.5,1.5,0.5,6,4,3,6,2,1,2,539.9,4.19,57,1.297,0.12
15,30,5,20,FALSE,TRUE,0.25,1,1,0.5,6,7,3,6,2,1,2,1105.94,4.19,67,3,0.555
15,30,5,30,TRUE,TRUE,0.25,1,1,0.5,6,5,3,6,2,1,2,565.21,4.19,63,1.297,0.155
15,30,5,30,TRUE,TRUE,0.25,1,1.25,0.5,6,6,3,6,2,1,2,573.28,4.19,65,1.297,0.17
15,30,5,30,TRUE,TRUE,0.25,1,1.5,0.5,6,6,3,6,2,1,2,573.28,4.19,65,1.297,0.17
15,30,5,30,FALSE,TRUE,0.25,1,1,0.5,6,7,3,6,2,1,2,1105.94,4.19,67,3,0.555
15,40,5,20,TRUE,TRUE,0.25,1.25,1.5,0.5,6,7,3,7,2,1,2,576.85,4.19,65,1.297,0.178
15,40,5,20,TRUE,TRUE,0.25,1.25,1.5,0.5,6,7,3,8,2,1,2,576.85,4.19,65,1.297,0.178
15,40,5,20,FALSE,TRUE,0.25,1,1.25,0.5,6,5,3,6,2,1,2,1042.63,4.19,63,3,0.529
15,40,5,20,FALSE,TRUE,0.25,1,1.5,0.5,6,5,3,6,2,1,2,1042.63,4.19,63,3,0.529
15,40,5,30,TRUE,TRUE,0.25,1,1,0.5,6,6,3,6,2,1,2,568.28,4.19,63,1.297,0.161
15,40,5,30,TRUE,TRUE,0.25,1.25,1.25,0.5,6,4,3,5,2,1,2,536.27,4.19,57,1.297,0.11
15,40,5,30,FALSE,TRUE,0.25,1,1.25,0.5,6,5,3,6,2,1,2,1042.63,4.19,63,3,0.529
15,40,5,30,FALSE,TRUE,0.25,1,1.5,0.5,6,5,3,6,2,1,2,1042.63,4.19,63,3,0.529
15,20,6,20,TRUE,TRUE,0.25,1.25,1.25,0.5,6,4,3,7,2,1,2,454.38,4.19,47,1.297,-0.032
15,20,6,20,TRUE,TRUE,0.25,1.25,1.25,0.5,6,4,3,8,2,1,2,454.38,4.19,47,1.297,-0.032
15,20,6,20,TRUE,TRUE,0.25,1.25,1.5,0.5,6,4,3,7,2,1,2,454.38,4.19,47,1.297,-0.032
15,20,6,20,TRUE,TRUE,0.25,1.25,1.5,0.5,6,4,3,8,2,1,2,454.38,4.19,47,1.297,-0.032
15,20,6,20,FALSE,TRUE,0.25,1.5,1.25,0.5,6,5,3,7,2,1,2,758.15,4.19,45,3,0.36
15,20,6,20,FALSE,TRUE,0.25,1.5,1.25,0.5,6,5,3,8,2,1,2,758.15,4.19,45,3,0.36
15,20,6,30,FALSE,TRUE,0.25,1.5,1.25,0.5,6,5,3,7,2,1,2,758.15,4.19,45,3,0.36
15,20,6,30,FALSE,TRUE,0.25,1.5,1.25,0.5,6,5,3,8,2,1,2,758.15,4.19,45,3,0.36
15,30,6,20,FALSE,TRUE,0.25,1.5,1.25,0.5,6,5,3,7,2,1,2,758.15,4.19,45,3,0.36
15,30,6,20,FALSE,TRUE,0.25,1.5,1.25,0.5,6,5,3,8,2,1,2,758.15,4.19,45,3,0.36
15,30,6,30,FALSE,TRUE,0.25,1.5,1.25,0.5,6,5,3,7,2,1,2,758.15,4.19,45,3,0.36
15,30,6,30,FALSE,TRUE,0.25,1.5,1.25,0.5,6,5,3,8,2,1,2,758.15,4.19,45,3,0.36
15,40,6,20,FALSE,TRUE,0.25,1.5,1.25,0.5,6,5,3,7,2,1,2,758.15,4.19,45,3,0.36
15,40,6,20,FALSE,TRUE,0.25,1.5,1.25,0.5,6,5,3,8,2,1,2,758.15,4.19,45,3,0.36
15,40,6,30,TRUE,TRUE,0.25,1.25,1,0.5,6,6,3,7,2,1,2,466.11,4.19,49,1.297,-0.007
15,40,6,30,TRUE,TRUE,0.25,1.25,1,0.5,6,6,3,8,2,1,2,466.11,4.19,49,1.297,-0.007
15,40,6,30,FALSE,TRUE,0.25,1.5,1.25,0.5,6,5,3,7,2,1,2,758.15,4.19,45,3,0.36
15,40,6,30,FALSE,TRUE,0.25,1.5,1.25,0.5,6,5,3,8,2,1,2,758.15,4.19,45,3,0.36
10,20,4,20,TRUE,TRUE,0.25,1.5,1,0.5,6,4,3,7,2,1,2,551.28,4.18,68,1.497,0.157
10,20,4,20,TRUE,TRUE,0.25,1.5,1,0.5,6,4,3,8,2,1,2,551.28,4.18,68,1.497,0.157
10,20,4,30,FALSE,TRUE,0.25,1.25,1,0.5,6,6,3,6,2,1,2,1032.92,4.18,67,3,0.545
10,20,4,30,FALSE,TRUE,0.25,1.5,1.5,0.5,6,7,3,6,2,1,2,1134.16,4.18,69,3,0.587
10,30,4,20,TRUE,TRUE,0.25,1.5,1,0.5,6,4,3,6,2,1,2,537.57,4.18,65,1.497,0.129
10,30,4,30,TRUE,TRUE,0.25,1.25,1.5,0.5,6,5,3,7,2,1,2,568.26,4.18,68,1.497,0.18
10,30,4,30,TRUE,TRUE,0.25,1.25,1.5,0.5,6,5,3,8,2,1,2,568.26,4.18,68,1.497,0.18
10,30,4,30,TRUE,TRUE,0.25,1.25,1.5,0.5,6,6,3,7,2,1,2,568.26,4.18,68,1.497,0.18
10,30,4,30,TRUE,TRUE,0.25,1.25,1.5,0.5,6,6,3,8,2,1,2,568.26,4.18,68,1.497,0.18
10,30,4,30,TRUE,TRUE,0.25,1.5,1.25,0.5,6,5,3,7,2,1,2,565.84,4.18,68,1.497,0.176
10,30,4,30,TRUE,TRUE,0.25,1.5,1.25,0.5,6,5,3,8,2,1,2,565.84,4.18,68,1.497,0.176
10,30,4,30,TRUE,TRUE,0.25,1.5,1.25,0.5,6,6,3,7,2,1,2,565.84,4.18,68,1.497,0.176
10,30,4,30,TRUE,TRUE,0.25,1.5,1.25,0.5,6,6,3,8,2,1,2,565.84,4.18,68,1.497,0.176
10,30,4,30,FALSE,TRUE,0.25,1.25,1,0.5,6,6,3,6,2,1,2,1032.92,4.18,67,3,0.545
10,30,4,30,FALSE,TRUE,0.25,1.5,1.5,0.5,6,7,3,6,2,1,2,1134.16,4.18,69,3,0.587
10,40,4,20,FALSE,TRUE,0.25,1.25,1.5,0.5,6,4,3,6,2,1,2,1011.4,4.18,64,3,0.534
10,40,4,20,FALSE,TRUE,0.25,1.5,1.5,0.5,6,4,3,6,2,1,2,1004.59,4.18,63,3,0.531
10,40,4,30,FALSE,TRUE,0.25,1,1,0.5,6,5,3,6,2,1,2,1055.93,4.18,67,3,0.56
10,40,4,30,FALSE,TRUE,0.25,1,1,0.5,6,7,3,7,2,1,2,1132.02,4.18,73,3,0.603
10,40,4,30,FALSE,TRUE,0.25,1,1,0.5,6,7,3,8,2,1,2,1132.02,4.18,73,3,0.603
10,40,4,30,FALSE,TRUE,0.25,1,1.25,0.5,6,5,3,6,2,1,2,1054.31,4.18,67,3,0.558
10,40,4,30,FALSE,TRUE,0.25,1,1.25,0.5,6,7,3,7,2,1,2,1130.4,4.18,73,3,0.602
10,40,4,30,FALSE,TRUE,0.25,1,1.25,0.5,6,7,3,8,2,1,2,1130.4,4.18,73,3,0.602
10,40,4,30,FALSE,TRUE,0.25,1,1.5,0.5,6,5,3,6,2,1,2,1054.31,4.18,67,3,0.558
10,40,4,30,FALSE,TRUE,0.25,1,1.5,0.5,6,7,3,7,2,1,2,1130.4,4.18,73,3,0.602
10,40,4,30,FALSE,TRUE,0.25,1,1.5,0.5,6,7,3,8,2,1,2,1130.4,4.18,73,3,0.602
10,40,4,30,FALSE,TRUE,0.25,1.25,1.5,0.5,6,4,3,7,2,1,2,1068.5,4.18,66,3,0.57
10,40,4,30,FALSE,TRUE,0.25,1.25,1.5,0.5,6,4,3,8,2,1,2,1068.5,4.18,66,3,0.57
10,40,4,30,FALSE,TRUE,0.25,1.5,1,0.5,6,4,3,7,2,1,2,1073.5,4.18,66,3,0.571
10,40,4,30,FALSE,TRUE,0.25,1.5,1,0.5,6,4,3,8,2,1,2,1073.5,4.18,66,3,0.571
10,40,4,30,FALSE,TRUE,0.25,1.5,1.5,0.5,6,5,3,6,2,1,2,997.69,4.18,62,3,0.529
10,20,5,20,FALSE,TRUE,0.25,1.5,1,0.5,6,6,3,6,2,1,2,1000.65,4.18,61,3,0.515
10,20,5,30,FALSE,TRUE,0.25,1.5,1,0.5,6,6,3,6,2,1,2,1000.65,4.18,61,3,0.515
10,30,5,20,TRUE,TRUE,0.25,1.25,1.5,0.5,6,6,3,7,2,1,2,578.74,4.18,65,1.497,0.186
10,30,5,20,TRUE,TRUE,0.25,1.25,1.5,0.5,6,6,3,8,2,1,2,578.74,4.18,65,1.497,0.186
10,30,5,20,FALSE,TRUE,0.25,1.5,1,0.5,6,6,3,6,2,1,2,1000.65,4.18,61,3,0.515
10,30,5,30,FALSE,TRUE,0.25,1.5,1,0.5,6,6,3,6,2,1,2,1000.65,4.18,61,3,0.515
10,40,5,20,TRUE,TRUE,0.25,1.25,1.25,0.5,6,6,3,7,2,1,2,576.59,4.18,65,1.497,0.182
10,40,5,20,TRUE,TRUE,0.25,1.25,1.25,0.5,6,6,3,8,2,1,2,576.59,4.18,65,1.497,0.182
10,40,5,20,TRUE,TRUE,0.25,1.25,1.5,0.5,6,7,3,7,2,1,2,604.14,4.18,68,1.497,0.221
10,40,5,20,TRUE,TRUE,0.25,1.25,1.5,0.5,6,7,3,8,2,1,2,604.14,4.18,68,1.497,0.221
10,40,5,20,FALSE,TRUE,0.25,1.25,1.5,0.5,6,5,3,6,2,1,2,992.5,4.18,59,3,0.508
10,40,5,30,FALSE,TRUE,0.25,1.25,1.5,0.5,6,5,3,6,2,1,2,992.5,4.18,59,3,0.508
10,20,6,30,TRUE,TRUE,0.25,1.25,1,0.5,6,5,3,5,2,1,2,453.24,4.18,48,1.497,-0.037
10,30,6,20,TRUE,TRUE,0.25,1.5,1,0.5,6,5,3,7,2,1,2,493.36,4.18,52,1.497,0.049
10,30,6,20,TRUE,TRUE,0.25,1.5,1,0.5,6,5,3,8,2,1,2,493.36,4.18,52,1.497,0.049
10,40,6,20,TRUE,TRUE,0.25,1.5,1,0.5,6,4,3,5,2,1,2,444.88,4.18,45,1.497,-0.053
15,20,4,30,TRUE,TRUE,0.25,1.25,1.25,0.5,6,5,3,5,2,1,2,518.72,4.18,65,1.297,0.101
15,20,4,30,TRUE,TRUE,0.25,1.5,1.25,0.5,6,7,3,6,2,1,2,590.93,4.18,70,1.297,0.2
15,30,4,20,TRUE,TRUE,0.25,1.5,1.5,0.5,6,4,3,5,2,1,2,536.14,4.18,64,1.297,0.125
15,30,4,30,TRUE,TRUE,0.25,1.25,1.25,0.5,6,4,3,5,2,1,2,534.83,4.18,64,1.297,0.122
15,40,4,20,FALSE,TRUE,0.25,1.25,1,0.5,6,5,3,6,2,1,2,1044.72,4.18,68,3,0.548
15,40,4,30,TRUE,TRUE,0.25,1,1,0.5,6,5,3,7,2,1,2,567.23,4.18,70,1.297,0.172
15,40,4,30,TRUE,TRUE,0.25,1,1,0.5,6,5,3,8,2,1,2,567.23,4.18,70,1.297,0.172
15,40,4,30,TRUE,TRUE,0.25,1,1,0.5,6,6,3,7,2,1,2,567.23,4.18,70,1.297,0.172
15,40,4,30,TRUE,TRUE,0.25,1,1,0.5,6,6,3,8,2,1,2,567.23,4.18,70,1.297,0.172
15,40,4,30,TRUE,TRUE,0.25,1,1.25,0.5,6,5,3,7,2,1,2,567.23,4.18,70,1.297,0.172
15,40,4,30,TRUE,TRUE,0.25,1,1.25,0.5,6,5,3,8,2,1,2,567.23,4.18,70,1.297,0.172
15,40,4,30,TRUE,TRUE,0.25,1,1.25,0.5,6,6,3,7,2,1,2,567.23,4.18,70,1.297,0.172
15,40,4,30,TRUE,TRUE,0.25,1,1.25,0.5,6,6,3,8,2,1,2,567.23,4.18,70,1.297,0.172
15,40,4,30,TRUE,TRUE,0.25,1,1.5,0.5,6,5,3,7,2,1,2,567.23,4.18,70,1.297,0.172
15,40,4,30,TRUE,TRUE,0.25,1,1.5,0.5,6,5,3,8,2,1,2,567.23,4.18,70,1.297,0.172
15,40,4,30,TRUE,TRUE,0.25,1,1.5,0.5,6,6,3,7,2,1,2,567.23,4.18,70,1.297,0.172
15,40,4,30,TRUE,TRUE,0.25,1,1.5,0.5,6,6,3,8,2,1,2,567.23,4.18,70,1.297,0.172
15,40,4,30,TRUE,TRUE,0.25,1.5,1.25,0.5,6,4,3,5,2,1,2,532.56,4.18,62,1.297,0.117
15,40,4,30,FALSE,TRUE,0.25,1.25,1.25,0.5,6,5,3,5,2,1,2,1008.81,4.18,64,3,0.531
15,20,5,20,TRUE,TRUE,0.25,1,1,0.5,6,6,3,7,2,1,2,549.29,4.18,66,1.297,0.14
15,20,5,20,TRUE,TRUE,0.25,1,1,0.5,6,6,3,8,2,1,2,549.29,4.18,66,1.297,0.14
15,20,5,20,TRUE,TRUE,0.25,1,1.25,0.5,6,6,3,7,2,1,2,549.29,4.18,66,1.297,0.14
15,20,5,20,TRUE,TRUE,0.25,1,1.25,0.5,6,6,3,8,2,1,2,549.29,4.18,66,1.297,0.14
15,20,5,20,TRUE,TRUE,0.25,1,1.5,0.5,6,6,3,7,2,1,2,549.29,4.18,66,1.297,0.14
15,20,5,20,TRUE,TRUE,0.25,1,1.5,0.5,6,6,3,8,2,1,2,549.29,4.18,66,1.297,0.14
15,20,5,20,FALSE,TRUE,0.25,1.5,1,0.5,6,6,3,5,2,1,2,990.44,4.18,59,3,0.501
15,20,5,20,FALSE,TRUE,0.25,1.5,1.25,0.5,6,7,3,7,2,1,2,1131.62,4.18,65,3,0.567
15,20,5,20,FALSE,TRUE,0.25,1.5,1.25,0.5,6,7,3,8,2,1,2,1131.62,4.18,65,3,0.567
15,20,5,30,FALSE,TRUE,0.25,1.5,1,0.5,6,6,3,5,2,1,2,990.44,4.18,59,3,0.501
15,20,5,30,FALSE,TRUE,0.25,1.5,1.25,0.5,6,7,3,7,2,1,2,1131.62,4.18,65,3,0.567
15,20,5,30,FALSE,TRUE,0.25,1.5,1.25,0.5,6,7,3,8,2,1,2,1131.62,4.18,65,3,0.567
15,30,5,20,FALSE,TRUE,0.25,1.5,1,0.5,6,6,3,5,2,1,2,990.44,4.18,59,3,0.501
15,30,5,20,FALSE,TRUE,0.25,1.5,1.25,0.5,6,7,3,7,2,1,2,1131.62,4.18,65,3,0.567
15,30,5,20,FALSE,TRUE,0.25,1.5,1.25,0.5,6,7,3,8,2,1,2,1131.62,4.18,65,3,0.567
15,30,5,30,FALSE,TRUE,0.25,1.5,1,0.5,6,6,3,5,2,1,2,990.44,4.18,59,3,0.501
15,30,5,30,FALSE,TRUE,0.25,1.5,1.25,0.5,6,7,3,7,2,1,2,1131.62,4.18,65,3,0.567
15,30,5,30,FALSE,TRUE,0.25,1.5,1.25,0.5,6,7,3,8,2,1,2,1131.62,4.18,65,3,0.567
15,40,5,30,TRUE,TRUE,0.25,1.5,1,0.5,6,6,3,7,2,1,2,551.7,4.18,61,1.297,0.139
15,40,5,30,TRUE,TRUE,0.25,1.5,1,0.5,6,6,3,8,2,1,2,551.7,4.18,61,1.297,0.139
15,40,5,30,TRUE,TRUE,0.25,1.5,1.25,0.5,6,4,3,6,2,1,2,542.55,4.18,57,1.297,0.122
15,20,6,20,FALSE,TRUE,0.25,1,1.25,0.5,6,6,3,6,2,1,2,796.63,4.18,48,3,0.39
15,20,6,20,FALSE,TRUE,0.25,1,1.5,0.5,6,6,3,6,2,1,2,796.63,4.18,48,3,0.39
15,20,6,20,FALSE,TRUE,0.25,1.25,1,0.5,6,5,3,6,2,1,2,761.11,4.18,46,3,0.355
15,20,6,20,FALSE,TRUE,0.25,1.25,1.25,0.5,6,6,3,5,2,1,2,745.9,4.18,45,3,0.342
15,20,6,20,FALSE,TRUE,0.25,1.25,1.5,0.5,6,6,3,5,2,1,2,745.9,4.18,45,3,0.342
15,20,6,20,FALSE,TRUE,0.25,1.5,1.5,0.5,6,5,3,7,2,1,2,755.56,4.18,45,3,0.36
15,20,6,20,FALSE,TRUE,0.25,1.5,1.5,0.5,6,5,3,8,2,1,2,755.56,4.18,45,3,0.36
15,20,6,30,TRUE,TRUE,0.25,1.25,1,0.5,6,6,3,6,2,1,2,453.98,4.18,47,1.297,-0.032
15,20,6,30,TRUE,TRUE,0.25,1.25,1.25,0.5,6,5,3,6,2,1,2,456.07,4.18,47,1.297,-0.026
15,20,6,30,TRUE,TRUE,0.25,1.25,1.5,0.5,6,5,3,6,2,1,2,456.07,4.18,47,1.297,-0.026
15,20,6,30,FALSE,TRUE,0.25,1,1.25,0.5,6,6,3,6,2,1,2,796.63,4.18,48,3,0.39
15,20,6,30,FALSE,TRUE,0.25,1,1.5,0.5,6,6,3,6,2,1,2,796.63,4.18,48,3,0.39
15,20,6,30,FALSE,TRUE,0.25,1.25,1,0.5,6,5,3,6,2,1,2,761.11,4.18,46,3,0.355
15,20,6,30,FALSE,TRUE,0.25,1.25,1.25,0.5,6,6,3,5,2,1,2,745.9,4.18,45,3,0.342
15,20,6,30,FALSE,TRUE,0.25,1.25,1.5,0.5,6,6,3,5,2,1,2,745.9,4.18,45,3,0.342
15,20,6,30,FALSE,TRUE,0.25,1.5,1.5,0.5,6,5,3,7,2,1,2,755.56,4.18,45,3,0.36
15,20,6,30,FALSE,TRUE,0.25,1.5,1.5,0.5,6,5,3,8,2,1,2,755.56,4.18,45,3,0.36
15,30,6,20,FALSE,TRUE,0.25,1,1.25,0.5,6,6,3,6,2,1,2,796.63,4.18,48,3,0.39
15,30,6,20,FALSE,TRUE,0.25,1,1.5,0.5,6,6,3,6,2,1,2,796.63,4.18,48,3,0.39
15,30,6,20,FALSE,TRUE,0.25,1.25,1,0.5,6,5,3,6,2,1,2,761.11,4.18,46,3,0.355
15,30,6,20,FALSE,TRUE,0.25,1.25,1.25,0.5,6,6,3,5,2,1,2,745.9,4.18,45,3,0.342
15,30,6,20,FALSE,TRUE,0.25,1.25,1.5,0.5,6,6,3,5,2,1,2,745.9,4.18,45,3,0.342
15,30,6,20,FALSE,TRUE,0.25,1.5,1.5,0.5,6,5,3,7,2,1,2,755.56,4.18,45,3,0.36
15,30,6,20,FALSE,TRUE,0.25,1.5,1.5,0.5,6,5,3,8,2,1,2,755.56,4.18,45,3,0.36
15,30,6,30,FALSE,TRUE,0.25,1,1.25,0.5,6,6,3,6,2,1,2,796.63,4.18,48,3,0.39
15,30,6,30,FALSE,TRUE,0.25,1,1.5,0.5,6,6,3,6,2,1,2,796.63,4.18,48,3,0.39
15,30,6,30,FALSE,TRUE,0.25,1.25,1,0.5,6,5,3,6,2,1,2,761.11,4.18,46,3,0.355
15,30,6,30,FALSE,TRUE,0.25,1.25,1.25,0.5,6,6,3,5,2,1,2,745.9,4.18,45,3,0.342
15,30,6,30,FALSE,TRUE,0.25,1.25,1.5,0.5,6,6,3,5,2,1,2,745.9,4.18,45,3,0.342
15,30,6,30,FALSE,TRUE,0.25,1.5,1.5,0.5,6,5,3,7,2,1,2,755.56,4.18,45,3,0.36
15,30,6,30,FALSE,TRUE,0.25,1.5,1.5,0.5,6,5,3,8,2,1,2,755.56,4.18,45,3,0.36
15,40,6,20,FALSE,TRUE,0.25,1,1.25,0.5,6,6,3,6,2,1,2,796.63,4.18,48,3,0.39
15,40,6,20,FALSE,TRUE,0.25,1,1.5,0.5,6,6,3,6,2,1,2,796.63,4.18,48,3,0.39
15,40,6,20,FALSE,TRUE,0.25,1.25,1,0.5,6,5,3,6,2,1,2,761.11,4.18,46,3,0.355
15,40,6,20,FALSE,TRUE,0.25,1.25,1.25,0.5,6,6,3,5,2,1,2,745.9,4.18,45,3,0.342
15,40,6,20,FALSE,TRUE,0.25,1.25,1.5,0.5,6,6,3,5,2,1,2,745.9,4.18,45,3,0.342
15,40,6,20,FALSE,TRUE,0.25,1.5,1.5,0.5,6,5,3,7,2,1,2,755.56,4.18,45,3,0.36
15,40,6,20,FALSE,TRUE,0.25,1.5,1.5,0.5,6,5,3,8,2,1,2,755.56,4.18,45,3,0.36
15,40,6,30,TRUE,TRUE,0.25,1,1.25,0.5,6,4,3,6,2,1,2,474.15,4.18,47,1.297,0.004
15,40,6,30,TRUE,TRUE,0.25,1,1.5,0.5,6,4,3,6,2,1,2,474.15,4.18,47,1.297,0.004
15,40,6,30,FALSE,TRUE,0.25,1,1.25,0.5,6,6,3,6,2,1,2,796.63,4.18,48,3,0.39
15,40,6,30,FALSE,TRUE,0.25,1,1.5,0.5,6,6,3,6,2,1,2,796.63,4.18,48,3,0.39
15,40,6,30,FALSE,TRUE,0.25,1.25,1,0.5,6,5,3,6,2,1,2,761.11,4.18,46,3,0.355
15,40,6,30,FALSE,TRUE,0.25,1.25,1.25,0.5,6,6,3,5,2,1,2,745.9,4.18,45,3,0.342
15,40,6,30,FALSE,TRUE,0.25,1.25,1.5,0.5,6,6,3,5,2,1,2,745.9,4.18,45,3,0.342
15,40,6,30,FALSE,TRUE,0.25,1.5,1.5,0.5,6,5,3,7,2,1,2,755.56,4.18,45,3,0.36
15,40,6,30,FALSE,TRUE,0.25,1.5,1.5,0.5,6,5,3,8,2,1,2,755.56,4.18,45,3,0.36
10,20,4,20,TRUE,TRUE,0.25,1,1,0.5,6,6,3,7,2,1,2,576.97,4.17,74,1.497,0.195
10,20,4,20,TRUE,TRUE,0.25,1,1,0.5,6,6,3,8,2,1,2,576.97,4.17,74,1.497,0.195
10,20,4,20,TRUE,TRUE,0.25,1.25,1.5,0.5,6,5,3,7,2,1,2,552.38,4.17,69,1.497,0.16
10,20,4,20,TRUE,TRUE,0.25,1.25,1.5,0.5,6,5,3,8,2,1,2,552.38,4.17,69,1.497,0.16
10,20,4,20,TRUE,TRUE,0.25,1.5,1.25,0.5,6,7,3,6,2,1,2,589.85,4.17,72,1.497,0.201
10,20,4,20,TRUE,TRUE,0.25,1.5,1.5,0.5,6,4,3,7,2,1,2,545.31,4.17,67,1.497,0.147
10,20,4,20,TRUE,TRUE,0.25,1.5,1.5,0.5,6,4,3,8,2,1,2,545.31,4.17,67,1.497,0.147
10,20,4,20,TRUE,TRUE,0.25,1.5,1.5,0.5,6,5,3,6,2,1,2,515.18,4.17,65,1.497,0.097
10,20,4,30,TRUE,TRUE,0.25,1,1,0.5,6,7,3,7,2,1,2,576.58,4.17,74,1.497,0.193
10,20,4,30,TRUE,TRUE,0.25,1,1,0.5,6,7,3,8,2,1,2,576.58,4.17,74,1.497,0.193
10,20,4,30,TRUE,TRUE,0.25,1,1.25,0.5,6,7,3,7,2,1,2,575.79,4.17,74,1.497,0.191
10,20,4,30,TRUE,TRUE,0.25,1,1.25,0.5,6,7,3,8,2,1,2,575.79,4.17,74,1.497,0.191
10,20,4,30,TRUE,TRUE,0.25,1,1.5,0.5,6,7,3,7,2,1,2,575.79,4.17,74,1.497,0.191
10,20,4,30,TRUE,TRUE,0.25,1,1.5,0.5,6,7,3,8,2,1,2,575.79,4.17,74,1.497,0.191
10,20,4,30,TRUE,TRUE,0.25,1.5,1.5,0.5,6,4,3,7,2,1,2,542.36,4.17,66,1.497,0.142
10,20,4,30,TRUE,TRUE,0.25,1.5,1.5,0.5,6,4,3,8,2,1,2,542.36,4.17,66,1.497,0.142
10,20,4,30,TRUE,TRUE,0.25,1.5,1.5,0.5,6,6,3,6,2,1,2,512.3,4.17,64,1.497,0.092
10,20,4,30,FALSE,TRUE,0.25,1.5,1,0.5,6,6,3,6,2,1,2,1018.56,4.17,65,3,0.541
10,30,4,20,TRUE,TRUE,0.25,1.25,1,0.5,6,4,3,7,2,1,2,577.25,4.17,70,1.497,0.192
10,30,4,20,TRUE,TRUE,0.25,1.25,1,0.5,6,4,3,8,2,1,2,577.25,4.17,70,1.497,0.192
10,30,4,20,TRUE,TRUE,0.25,1.25,1,0.5,6,7,3,7,2,1,2,608.32,4.17,76,1.497,0.235
10,30,4,20,TRUE,TRUE,0.25,1.25,1,0.5,6,7,3,8,2,1,2,608.32,4.17,76,1.497,0.235
10,30,4,20,TRUE,TRUE,0.25,1.5,1.5,0.5,6,4,3,6,2,1,2,531.33,4.17,64,1.497,0.119
10,30,4,20,TRUE,TRUE,0.25,1.5,1.5,0.5,6,6,3,7,2,1,2,566.83,4.17,69,1.497,0.18
10,30,4,20,TRUE,TRUE,0.25,1.5,1.5,0.5,6,6,3,8,2,1,2,566.83,4.17,69,1.497,0.18
10,30,4,30,TRUE,TRUE,0.25,1,1,0.5,6,6,3,6,2,1,2,560.09,4.17,69,1.497,0.161
10,30,4,30,TRUE,TRUE,0.25,1,1.25,0.5,6,6,3,6,2,1,2,559.29,4.17,69,1.497,0.16
10,30,4,30,TRUE,TRUE,0.25,1,1.5,0.5,6,6,3,6,2,1,2,559.29,4.17,69,1.497,0.16
10,30,4,30,FALSE,TRUE,0.25,1.5,1,0.5,6,6,3,6,2,1,2,1018.56,4.17,65,3,0.541
10,40,4,20,FALSE,TRUE,0.25,1,1,0.5,6,6,3,7,2,1,2,1132.34,4.17,73,3,0.606
10,40,4,20,FALSE,TRUE,0.25,1,1,0.5,6,6,3,8,2,1,2,1132.34,4.17,73,3,0.606
10,40,4,20,FALSE,TRUE,0.25,1,1.25,0.5,6,6,3,7,2,1,2,1130.72,4.17,73,3,0.605
10,40,4,20,FALSE,TRUE,0.25,1,1.25,0.5,6,6,3,8,2,1,2,1130.72,4.17,73,3,0.605
10,40,4,20,FALSE,TRUE,0.25,1,1.5,0.5,6,6,3,7,2,1,2,1130.72,4.17,73,3,0.605
10,40,4,20,FALSE,TRUE,0.25,1,1.5,0.5,6,6,3,8,2,1,2,1130.72,4.17,73,3,0.605
10,40,4,20,FALSE,TRUE,0.25,1.5,1,0.5,6,4,3,6,2,1,2,1014.51,4.17,64,3,0.535
10,40,4,30,TRUE,TRUE,0.25,1,1,0.5,6,4,3,6,2,1,2,553.6,4.17,67,1.497,0.15
10,40,4,30,FALSE,TRUE,0.25,1.25,1.5,0.5,6,5,3,6,2,1,2,1002.62,4.17,63,3,0.531
10,20,5,20,FALSE,TRUE,0.25,1.25,1.5,0.5,6,5,3,7,2,1,2,1061.85,4.17,64,3,0.556
10,20,5,20,FALSE,TRUE,0.25,1.25,1.5,0.5,6,5,3,8,2,1,2,1061.85,4.17,64,3,0.556
10,20,5,30,FALSE,TRUE,0.25,1.25,1.5,0.5,6,5,3,7,2,1,2,1061.85,4.17,64,3,0.556
10,20,5,30,FALSE,TRUE,0.25,1.25,1.5,0.5,6,5,3,8,2,1,2,1061.85,4.17,64,3,0.556
10,30,5,20,TRUE,TRUE,0.25,1,1,0.5,6,4,3,7,2,1,2,597.03,4.17,67,1.497,0.207
10,30,5,20,TRUE,TRUE,0.25,1,1,0.5,6,4,3,8,2,1,2,597.03,4.17,67,1.497,0.207
10,30,5,20,TRUE,TRUE,0.25,1,1.25,0.5,6,4,3,7,2,1,2,596.23,4.17,67,1.497,0.206
10,30,5,20,TRUE,TRUE,0.25,1,1.25,0.5,6,4,3,8,2,1,2,596.23,4.17,67,1.497,0.206
10,30,5,20,TRUE,TRUE,0.25,1,1.5,0.5,6,4,3,7,2,1,2,596.23,4.17,67,1.497,0.206
10,30,5,20,TRUE,TRUE,0.25,1,1.5,0.5,6,4,3,8,2,1,2,596.23,4.17,67,1.497,0.206
10,30,5,20,FALSE,TRUE,0.25,1.25,1.5,0.5,6,5,3,7,2,1,2,1061.85,4.17,64,3,0.556
10,30,5,20,FALSE,TRUE,0.25,1.25,1.5,0.5,6,5,3,8,2,1,2,1061.85,4.17,64,3,0.556
10,30,5,30,TRUE,TRUE,0.25,1.25,1.25,0.5,6,6,3,5,2,1,2,537.29,4.17,60,1.497,0.116
10,30,5,30,FALSE,TRUE,0.25,1.25,1.5,0.5,6,5,3,7,2,1,2,1061.85,4.17,64,3,0.556
10,30,5,30,FALSE,TRUE,0.25,1.25,1.5,0.5,6,5,3,8,2,1,2,1061.85,4.17,64,3,0.556
10,20,6,20,TRUE,TRUE,0.25,1.5,1.25,0.5,6,4,3,7,2,1,2,482.78,4.17,50,1.497,0.031
10,20,6,20,TRUE,TRUE,0.25,1.5,1.25,0.5,6,4,3,8,2,1,2,482.78,4.17,50,1.497,0.031
10,20,6,20,TRUE,TRUE,0.25,1.5,1.5,0.5,6,5,3,6,2,1,2,451.63,4.17,48,1.497,-0.036
10,20,6,20,FALSE,TRUE,0.25,1.5,1,0.5,6,7,3,5,2,1,2,846.52,4.17,53,3,0.411
10,20,6,30,FALSE,TRUE,0.25,1.5,1,0.5,6,7,3,5,2,1,2,846.52,4.17,53,3,0.411
10,30,6,20,TRUE,TRUE,0.25,1.5,1.25,0.5,6,5,3,7,2,1,2,488.88,4.17,51,1.497,0.043
10,30,6,20,TRUE,TRUE,0.25,1.5,1.25,0.5,6,5,3,8,2,1,2,488.88,4.17,51,1.497,0.043
10,30,6,20,FALSE,TRUE,0.25,1.5,1,0.5,6,7,3,5,2,1,2,846.52,4.17,53,3,0.411
10,30,6,30,FALSE,TRUE,0.25,1.5,1,0.5,6,7,3,5,2,1,2,846.52,4.17,53,3,0.411
10,40,6,20,FALSE,TRUE,0.25,1.5,1,0.5,6,7,3,5,2,1,2,845.43,4.17,53,3,0.41
10,40,6,20,FALSE,TRUE,0.25,1.5,1.25,0.5,6,4,3,5,2,1,2,744.89,4.17,44,3,0.339
10,40,6,30,TRUE,TRUE,0.25,1.5,1.25,0.5,6,5,3,7,2,1,2,486.52,4.17,50,1.497,0.038
10,40,6,30,TRUE,TRUE,0.25,1.5,1.25,0.5,6,5,3,8,2,1,2,486.52,4.17,50,1.497,0.038
10,40,6,30,FALSE,TRUE,0.25,1.5,1,0.5,6,7,3,5,2,1,2,845.43,4.17,53,3,0.41
10,40,6,30,FALSE,TRUE,0.25,1.5,1.25,0.5,6,4,3,5,2,1,2,744.89,4.17,44,3,0.339
15,20,4,20,TRUE,TRUE,0.25,1.5,1.5,0.5,6,7,3,7,2,1,2,595.03,4.17,72,1.297,0.209
15,20,4,20,TRUE,TRUE,0.25,1.5,1.5,0.5,6,7,3,8,2,1,2,595.03,4.17,72,1.297,0.209
15,20,4,20,FALSE,TRUE,0.25,1.25,1.25,0.5,6,5,3,5,2,1,2,1020.51,4.17,67,3,0.539
15,20,4,30,TRUE,TRUE,0.25,1.25,1,0.5,6,5,3,6,2,1,2,529.33,4.17,67,1.297,0.117
15,30,4,20,TRUE,TRUE,0.25,1.25,1,0.5,6,6,3,7,2,1,2,556.75,4.17,71,1.297,0.159
15,30,4,20,TRUE,TRUE,0.25,1.25,1,0.5,6,6,3,8,2,1,2,556.75,4.17,71,1.297,0.159
15,30,4,20,TRUE,TRUE,0.25,1.25,1.25,0.5,6,6,3,5,2,1,2,542.96,4.17,68,1.297,0.138
15,30,4,20,FALSE,TRUE,0.25,1.25,1.25,0.5,6,5,3,5,2,1,2,1020.51,4.17,67,3,0.539
15,40,4,20,FALSE,TRUE,0.25,1.5,1.25,0.5,6,5,3,5,2,1,2,1015.27,4.17,65,3,0.533
15,40,4,30,FALSE,TRUE,0.25,1.25,1,0.5,6,5,3,7,2,1,2,1040.48,4.17,68,3,0.548
15,40,4,30,FALSE,TRUE,0.25,1.25,1,0.5,6,5,3,8,2,1,2,1040.48,4.17,68,3,0.548
15,40,4,30,FALSE,TRUE,0.25,1.25,1,0.5,6,6,3,7,2,1,2,1040.48,4.17,68,3,0.548
15,40,4,30,FALSE,TRUE,0.25,1.25,1,0.5,6,6,3,8,2,1,2,1040.48,4.17,68,3,0.548
15,20,5,20,FALSE,TRUE,0.25,1.25,1.25,0.5,6,4,3,5,2,1,2,975.77,4.17,58,3,0.487
15,20,5,20,FALSE,TRUE,0.25,1.25,1.5,0.5,6,6,3,5,2,1,2,980.32,4.17,59,3,0.495
15,20,5,20,FALSE,TRUE,0.25,1.5,1.25,0.5,6,7,3,6,2,1,2,1125.94,4.17,64,3,0.561
15,20,5,30,TRUE,TRUE,0.25,1.5,1.5,0.5,6,5,3,6,2,1,2,520.38,4.17,58,1.297,0.095
15,20,5,30,FALSE,TRUE,0.25,1.25,1.25,0.5,6,4,3,5,2,1,2,975.77,4.17,58,3,0.487
15,20,5,30,FALSE,TRUE,0.25,1.25,1.5,0.5,6,6,3,5,2,1,2,980.32,4.17,59,3,0.495
15,20,5,30,FALSE,TRUE,0.25,1.5,1.25,0.5,6,7,3,6,2,1,2,1125.94,4.17,64,3,0.561
15,30,5,20,TRUE,TRUE,0.25,1.5,1.5,0.5,6,6,3,7,2,1,2,544.54,4.17,60,1.297,0.131
15,30,5,20,TRUE,TRUE,0.25,1.5,1.5,0.5,6,6,3,8,2,1,2,544.54,4.17,60,1.297,0.131
15,30,5,20,FALSE,TRUE,0.25,1.25,1.25,0.5,6,4,3,5,2,1,2,975.77,4.17,58,3,0.487
15,30,5,20,FALSE,TRUE,0.25,1.25,1.5,0.5,6,6,3,5,2,1,2,980.32,4.17,59,3,0.495
15,30,5,20,FALSE,TRUE,0.25,1.5,1.25,0.5,6,7,3,6,2,1,2,1125.94,4.17,64,3,0.561
15,30,5,30,TRUE,TRUE,0.25,1.25,1,0.5,6,5,3,6,2,1,2,551.15,4.17,62,1.297,0.135
15,30,5,30,TRUE,TRUE,0.25,1.5,1,0.5,6,4,3,5,2,1,2,537.41,4.17,57,1.297,0.113
15,30,5,30,TRUE,TRUE,0.25,1.5,1,0.5,6,5,3,7,2,1,2,551.12,4.17,61,1.297,0.138
15,30,5,30,TRUE,TRUE,0.25,1.5,1,0.5,6,5,3,8,2,1,2,551.12,4.17,61,1.297,0.138
15,30,5,30,FALSE,TRUE,0.25,1.25,1.25,0.5,6,4,3,5,2,1,2,975.77,4.17,58,3,0.487
15,30,5,30,FALSE,TRUE,0.25,1.25,1.5,0.5,6,6,3,5,2,1,2,980.32,4.17,59,3,0.495
15,30,5,30,FALSE,TRUE,0.25,1.5,1.25,0.5,6,7,3,6,2,1,2,1125.94,4.17,64,3,0.561
15,40,5,20,TRUE,TRUE,0.25,1.25,1,0.5,6,6,3,6,2,1,2,549.7,4.17,62,1.297,0.132
15,40,5,20,TRUE,TRUE,0.25,1.25,1.5,0.5,6,7,3,6,2,1,2,573.09,4.17,64,1.297,0.172
15,40,5,20,FALSE,TRUE,0.25,1.5,1.25,0.5,6,5,3,7,2,1,2,995.86,4.17,59,3,0.508
15,40,5,20,FALSE,TRUE,0.25,1.5,1.25,0.5,6,5,3,8,2,1,2,995.86,4.17,59,3,0.508
15,40,5,30,FALSE,TRUE,0.25,1.5,1.25,0.5,6,5,3,7,2,1,2,995.86,4.17,59,3,0.508
15,40,5,30,FALSE,TRUE,0.25,1.5,1.25,0.5,6,5,3,8,2,1,2,995.86,4.17,59,3,0.508
15,20,6,20,TRUE,TRUE,0.25,1.25,1.25,0.5,6,4,3,6,2,1,2,450.95,4.17,46,1.297,-0.039
15,20,6,20,TRUE,TRUE,0.25,1.25,1.5,0.5,6,4,3,6,2,1,2,450.95,4.17,46,1.297,-0.039
15,20,6,20,FALSE,TRUE,0.25,1,1,0.5,6,4,3,7,2,1,2,796.07,4.17,48,3,0.386
15,20,6,20,FALSE,TRUE,0.25,1,1,0.5,6,4,3,8,2,1,2,796.07,4.17,48,3,0.386
15,20,6,20,FALSE,TRUE,0.25,1,1.25,0.5,6,4,3,7,2,1,2,796.07,4.17,48,3,0.386
15,20,6,20,FALSE,TRUE,0.25,1,1.25,0.5,6,4,3,8,2,1,2,796.07,4.17,48,3,0.386
15,20,6,20,FALSE,TRUE,0.25,1,1.5,0.5,6,4,3,7,2,1,2,796.07,4.17,48,3,0.386
15,20,6,20,FALSE,TRUE,0.25,1,1.5,0.5,6,4,3,8,2,1,2,796.07,4.17,48,3,0.386
15,20,6,20,FALSE,TRUE,0.25,1.5,1.25,0.5,6,5,3,6,2,1,2,752.46,4.17,44,3,0.353
15,20,6,30,TRUE,TRUE,0.25,1.5,1,0.5,6,4,3,6,2,1,2,448.53,4.17,44,1.297,-0.043
15,20,6,30,FALSE,TRUE,0.25,1,1,0.5,6,4,3,7,2,1,2,796.07,4.17,48,3,0.386
15,20,6,30,FALSE,TRUE,0.25,1,1,0.5,6,4,3,8,2,1,2,796.07,4.17,48,3,0.386
15,20,6,30,FALSE,TRUE,0.25,1,1.25,0.5,6,4,3,7,2,1,2,796.07,4.17,48,3,0.386
15,20,6,30,FALSE,TRUE,0.25,1,1.25,0.5,6,4,3,8,2,1,2,796.07,4.17,48,3,0.386
15,20,6,30,FALSE,TRUE,0.25,1,1.5,0.5,6,4,3,7,2,1,2,796.07,4.17,48,3,0.386
15,20,6,30,FALSE,TRUE,0.25,1,1.5,0.5,6,4,3,8,2,1,2,796.07,4.17,48,3,0.386
15,20,6,30,FALSE,TRUE,0.25,1.5,1.25,0.5,6,5,3,6,2,1,2,752.46,4.17,44,3,0.353
15,30,6,20,FALSE,TRUE,0.25,1,1,0.5,6,4,3,7,2,1,2,796.07,4.17,48,3,0.386
15,30,6,20,FALSE,TRUE,0.25,1,1,0.5,6,4,3,8,2,1,2,796.07,4.17,48,3,0.386
15,30,6,20,FALSE,TRUE,0.25,1,1.25,0.5,6,4,3,7,2,1,2,796.07,4.17,48,3,0.386
15,30,6,20,FALSE,TRUE,0.25,1,1.25,0.5,6,4,3,8,2,1,2,796.07,4.17,48,3,0.386
15,30,6,20,FALSE,TRUE,0.25,1,1.5,0.5,6,4,3,7,2,1,2,796.07,4.17,48,3,0.386
15,30,6,20,FALSE,TRUE,0.25,1,1.5,0.5,6,4,3,8,2,1,2,796.07,4.17,48,3,0.386
15,30,6,20,FALSE,TRUE,0.25,1.5,1.25,0.5,6,5,3,6,2,1,2,752.46,4.17,44,3,0.353
15,30,6,30,FALSE,TRUE,0.25,1,1,0.5,6,4,3,7,2,1,2,796.07,4.17,48,3,0.386
15,30,6,30,FALSE,TRUE,0.25,1,1,0.5,6,4,3,8,2,1,2,796.07,4.17,48,3,0.386
15,30,6,30,FALSE,TRUE,0.25,1,1.25,0.5,6,4,3,7,2,1,2,796.07,4.17,48,3,0.386
15,30,6,30,FALSE,TRUE,0.25,1,1.25,0.5,6,4,3,8,2,1,2,796.07,4.17,48,3,0.386
15,30,6,30,FALSE,TRUE,0.25,1,1.5,0.5,6,4,3,7,2,1,2,796.07,4.17,48,3,0.386
15,30,6,30,FALSE,TRUE,0.25,1,1.5,0.5,6,4,3,8,2,1,2,796.07,4.17,48,3,0.386
15,30,6,30,FALSE,TRUE,0.25,1.5,1.25,0.5,6,5,3,6,2,1,2,752.46,4.17,44,3,0.353
15,40,6,20,FALSE,TRUE,0.25,1,1,0.5,6,4,3,7,2,1,2,796.07,4.17,48,3,0.386
15,40,6,20,FALSE,TRUE,0.25,1,1,0.5,6,4,3,8,2,1,2,796.07,4.17,48,3,0.386
15,40,6,20,FALSE,TRUE,0.25,1,1.25,0.5,6,4,3,7,2,1,2,796.07,4.17,48,3,0.386
15,40,6,20,FALSE,TRUE,0.25,1,1.25,0.5,6,4,3,8,2,1,2,796.07,4.17,48,3,0.386
15,40,6,20,FALSE,TRUE,0.25,1,1.5,0.5,6,4,3,7,2,1,2,796.07,4.17,48,3,0.386
15,40,6,20,FALSE,TRUE,0.25,1,1.5,0.5,6,4,3,8,2,1,2,796.07,4.17,48,3,0.386
15,40,6,20,FALSE,TRUE,0.25,1.5,1.25,0.5,6,5,3,6,2,1,2,752.46,4.17,44,3,0.353
15,40,6,30,FALSE,TRUE,0.25,1,1,0.5,6,4,3,7,2,1,2,796.07,4.17,48,3,0.386
15,40,6,30,FALSE,TRUE,0.25,1,1,0.5,6,4,3,8,2,1,2,796.07,4.17,48,3,0.386
15,40,6,30,FALSE,TRUE,0.25,1,1.25,0.5,6,4,3,7,2,1,2,796.07,4.17,48,3,0.386
15,40,6,30,FALSE,TRUE,0.25,1,1.25,0.5,6,4,3,8,2,1,2,796.07,4.17,48,3,0.386
15,40,6,30,FALSE,TRUE,0.25,1,1.5,0.5,6,4,3,7,2,1,2,796.07,4.17,48,3,0.386
15,40,6,30,FALSE,TRUE,0.25,1,1.5,0.5,6,4,3,8,2,1,2,796.07,4.17,48,3,0.386
15,40,6,30,FALSE,TRUE,0.25,1.5,1.25,0.5,6,5,3,6,2,1,2,752.46,4.17,44,3,0.353
10,20,4,20,TRUE,TRUE,0.25,1,1.25,0.5,6,6,3,7,2,1,2,576.17,4.16,74,1.497,0.194
10,20,4,20,TRUE,TRUE,0.25,1,1.25,0.5,6,6,3,8,2,1,2,576.17,4.16,74,1.497,0.194
10,20,4,20,TRUE,TRUE,0.25,1,1.5,0.5,6,6,3,7,2,1,2,576.17,4.16,74,1.497,0.194
10,20,4,20,TRUE,TRUE,0.25,1,1.5,0.5,6,6,3,8,2,1,2,576.17,4.16,74,1.497,0.194
10,20,4,30,TRUE,TRUE,0.25,1.25,1.5,0.5,6,5,3,7,2,1,2,548.08,4.16,68,1.497,0.152
10,20,4,30,TRUE,TRUE,0.25,1.25,1.5,0.5,6,5,3,8,2,1,2,548.08,4.16,68,1.497,0.152
10,20,4,30,TRUE,TRUE,0.25,1.25,1.5,0.5,6,6,3,7,2,1,2,548.08,4.16,68,1.497,0.152
10,20,4,30,TRUE,TRUE,0.25,1.25,1.5,0.5,6,6,3,8,2,1,2,548.08,4.16,68,1.497,0.152
10,20,4,30,TRUE,TRUE,0.25,1.5,1.5,0.5,6,5,3,6,2,1,2,509.49,4.16,63,1.497,0.087
10,20,4,30,FALSE,TRUE,0.25,1.25,1,0.5,6,5,3,6,2,1,2,1026.22,4.16,66,3,0.54
10,20,4,30,FALSE,TRUE,0.25,1.25,1.25,0.5,6,4,3,5,2,1,2,997.47,4.16,63,3,0.524
10,30,4,20,TRUE,TRUE,0.25,1,1,0.5,6,7,3,7,2,1,2,599.2,4.16,76,1.497,0.222
10,30,4,20,TRUE,TRUE,0.25,1,1,0.5,6,7,3,8,2,1,2,599.2,4.16,76,1.497,0.222
10,30,4,20,TRUE,TRUE,0.25,1,1.25,0.5,6,7,3,7,2,1,2,598.4,4.16,76,1.497,0.221
10,30,4,20,TRUE,TRUE,0.25,1,1.25,0.5,6,7,3,8,2,1,2,598.4,4.16,76,1.497,0.221
10,30,4,20,TRUE,TRUE,0.25,1,1.5,0.5,6,7,3,7,2,1,2,598.4,4.16,76,1.497,0.221
10,30,4,20,TRUE,TRUE,0.25,1,1.5,0.5,6,7,3,8,2,1,2,598.4,4.16,76,1.497,0.221
10,30,4,30,TRUE,TRUE,0.25,1,1,0.5,6,5,3,6,2,1,2,557.28,4.16,68,1.497,0.157
10,30,4,30,FALSE,TRUE,0.25,1.25,1,0.5,6,5,3,6,2,1,2,1026.22,4.16,66,3,0.54
10,30,4,30,FALSE,TRUE,0.25,1.25,1.25,0.5,6,4,3,5,2,1,2,997.47,4.16,63,3,0.524
10,40,4,20,FALSE,TRUE,0.25,1.25,1,0.5,6,7,3,6,2,1,2,1101.01,4.16,72,3,0.573
10,40,4,30,TRUE,TRUE,0.25,1,1.25,0.5,6,4,3,6,2,1,2,552.8,4.16,67,1.497,0.149
10,40,4,30,TRUE,TRUE,0.25,1,1.5,0.5,6,4,3,6,2,1,2,552.8,4.16,67,1.497,0.149
10,20,5,20,FALSE,TRUE,0.25,1,1.25,0.5,6,6,3,6,2,1,2,1045.67,4.16,65,3,0.541
10,20,5,20,FALSE,TRUE,0.25,1,1.5,0.5,6,6,3,6,2,1,2,1045.67,4.16,65,3,0.541
10,20,5,20,FALSE,TRUE,0.25,1.5,1,0.5,6,4,3,7,2,1,2,1053.63,4.16,62,3,0.545
10,20,5,20,FALSE,TRUE,0.25,1.5,1,0.5,6,4,3,8,2,1,2,1053.63,4.16,62,3,0.545
10,20,5,30,TRUE,TRUE,0.25,1.25,1,0.5,6,6,3,7,2,1,2,563.64,4.16,67,1.497,0.166
10,20,5,30,TRUE,TRUE,0.25,1.25,1,0.5,6,6,3,8,2,1,2,563.64,4.16,67,1.497,0.166
10,20,5,30,FALSE,TRUE,0.25,1,1.25,0.5,6,6,3,6,2,1,2,1045.67,4.16,65,3,0.541
10,20,5,30,FALSE,TRUE,0.25,1,1.5,0.5,6,6,3,6,2,1,2,1045.67,4.16,65,3,0.541
10,20,5,30,FALSE,TRUE,0.25,1.5,1,0.5,6,4,3,7,2,1,2,1053.63,4.16,62,3,0.545
10,20,5,30,FALSE,TRUE,0.25,1.5,1,0.5,6,4,3,8,2,1,2,1053.63,4.16,62,3,0.545
10,30,5,20,TRUE,TRUE,0.25,1.25,1,0.5,6,4,3,7,2,1,2,580.08,4.16,65,1.497,0.184
10,30,5,20,TRUE,TRUE,0.25,1.25,1,0.5,6,4,3,8,2,1,2,580.08,4.16,65,1.497,0.184
10,30,5,20,TRUE,TRUE,0.25,1.25,1.5,0.5,6,4,3,6,2,1,2,542.28,4.16,60,1.497,0.124
10,30,5,20,FALSE,TRUE,0.25,1,1.25,0.5,6,6,3,6,2,1,2,1045.67,4.16,65,3,0.541
10,30,5,20,FALSE,TRUE,0.25,1,1.5,0.5,6,6,3,6,2,1,2,1045.67,4.16,65,3,0.541
10,30,5,20,FALSE,TRUE,0.25,1.5,1,0.5,6,4,3,7,2,1,2,1053.63,4.16,62,3,0.545
10,30,5,20,FALSE,TRUE,0.25,1.5,1,0.5,6,4,3,8,2,1,2,1053.63,4.16,62,3,0.545
10,30,5,30,TRUE,TRUE,0.25,1.25,1.5,0.5,6,5,3,6,2,1,2,547.12,4.16,61,1.497,0.134
10,30,5,30,FALSE,TRUE,0.25,1,1.25,0.5,6,6,3,6,2,1,2,1045.67,4.16,65,3,0.541
10,30,5,30,FALSE,TRUE,0.25,1,1.5,0.5,6,6,3,6,2,1,2,1045.67,4.16,65,3,0.541
10,30,5,30,FALSE,TRUE,0.25,1.5,1,0.5,6,4,3,7,2,1,2,1053.63,4.16,62,3,0.545
10,30,5,30,FALSE,TRUE,0.25,1.5,1,0.5,6,4,3,8,2,1,2,1053.63,4.16,62,3,0.545
10,40,5,20,TRUE,TRUE,0.25,1,1,0.5,6,4,3,6,2,1,2,554.84,4.16,61,1.497,0.138
10,40,5,20,FALSE,TRUE,0.25,1.25,1,0.5,6,6,3,7,2,1,2,1078.22,4.16,66,3,0.56
10,40,5,20,FALSE,TRUE,0.25,1.25,1,0.5,6,6,3,8,2,1,2,1078.22,4.16,66,3,0.56
10,40,5,20,FALSE,TRUE,0.25,1.25,1.5,0.5,6,4,3,7,2,1,2,1051.67,4.16,61,3,0.544
10,40,5,20,FALSE,TRUE,0.25,1.25,1.5,0.5,6,4,3,8,2,1,2,1051.67,4.16,61,3,0.544
10,40,5,30,TRUE,TRUE,0.25,1,1,0.5,6,4,3,7,2,1,2,594.23,4.16,65,1.497,0.201
10,40,5,30,TRUE,TRUE,0.25,1,1,0.5,6,4,3,8,2,1,2,594.23,4.16,65,1.497,0.201
10,40,5,30,TRUE,TRUE,0.25,1,1.25,0.5,6,4,3,7,2,1,2,593.43,4.16,65,1.497,0.2
10,40,5,30,TRUE,TRUE,0.25,1,1.25,0.5,6,4,3,8,2,1,2,593.43,4.16,65,1.497,0.2
10,40,5,30,TRUE,TRUE,0.25,1,1.5,0.5,6,4,3,7,2,1,2,593.43,4.16,65,1.497,0.2
10,40,5,30,TRUE,TRUE,0.25,1,1.5,0.5,6,4,3,8,2,1,2,593.43,4.16,65,1.497,0.2
10,40,5,30,FALSE,TRUE,0.25,1.25,1,0.5,6,6,3,7,2,1,2,1078.22,4.16,66,3,0.56
10,40,5,30,FALSE,TRUE,0.25,1.25,1,0.5,6,6,3,8,2,1,2,1078.22,4.16,66,3,0.56
10,40,5,30,FALSE,TRUE,0.25,1.25,1.5,0.5,6,4,3,7,2,1,2,1051.67,4.16,61,3,0.544
10,40,5,30,FALSE,TRUE,0.25,1.25,1.5,0.5,6,4,3,8,2,1,2,1051.67,4.16,61,3,0.544
10,20,6,30,TRUE,TRUE,0.25,1,1,0.5,6,5,3,5,2,1,2,466.5,4.16,49,1.497,-0.012
10,40,6,20,TRUE,TRUE,0.25,1,1,0.5,6,5,3,5,2,1,2,464.6,4.16,48,1.497,-0.018
10,40,6,20,TRUE,TRUE,0.25,1,1.25,0.5,6,5,3,5,2,1,2,463.78,4.16,48,1.497,-0.019
10,40,6,20,TRUE,TRUE,0.25,1,1.5,0.5,6,5,3,5,2,1,2,463.78,4.16,48,1.497,-0.019
10,40,6,20,FALSE,TRUE,0.25,1.5,1.5,0.5,6,4,3,5,2,1,2,742.31,4.16,44,3,0.339
10,40,6,30,TRUE,TRUE,0.25,1.5,1,0.5,6,5,3,7,2,1,2,490.23,4.16,51,1.497,0.042
10,40,6,30,TRUE,TRUE,0.25,1.5,1,0.5,6,5,3,8,2,1,2,490.23,4.16,51,1.497,0.042
10,40,6,30,FALSE,TRUE,0.25,1.5,1.5,0.5,6,4,3,5,2,1,2,742.31,4.16,44,3,0.339
15,20,4,20,TRUE,TRUE,0.25,1,1,0.5,6,5,3,7,2,1,2,550.56,4.16,72,1.297,0.151
15,20,4,20,TRUE,TRUE,0.25,1,1,0.5,6,5,3,8,2,1,2,550.56,4.16,72,1.297,0.151
15,20,4,20,TRUE,TRUE,0.25,1,1.25,0.5,6,5,3,7,2,1,2,550.56,4.16,72,1.297,0.151
15,20,4,20,TRUE,TRUE,0.25,1,1.25,0.5,6,5,3,8,2,1,2,550.56,4.16,72,1.297,0.151
15,20,4,20,TRUE,TRUE,0.25,1,1.5,0.5,6,5,3,7,2,1,2,550.56,4.16,72,1.297,0.151
15,20,4,20,TRUE,TRUE,0.25,1,1.5,0.5,6,5,3,8,2,1,2,550.56,4.16,72,1.297,0.151
15,20,4,20,FALSE,TRUE,0.25,1,1,0.5,6,7,3,5,2,1,2,1077.84,4.16,73,3,0.566
15,20,4,20,FALSE,TRUE,0.25,1,1.25,0.5,6,7,3,5,2,1,2,1077.84,4.16,73,3,0.566
15,20,4,20,FALSE,TRUE,0.25,1,1.5,0.5,6,7,3,5,2,1,2,1077.84,4.16,73,3,0.566
15,20,4,30,TRUE,TRUE,0.25,1,1,0.5,6,4,3,5,2,1,2,539.54,4.16,68,1.297,0.13
15,20,4,30,TRUE,TRUE,0.25,1,1.25,0.5,6,4,3,5,2,1,2,539.54,4.16,68,1.297,0.13
15,20,4,30,TRUE,TRUE,0.25,1,1.5,0.5,6,4,3,5,2,1,2,539.54,4.16,68,1.297,0.13
15,30,4,20,FALSE,TRUE,0.25,1,1,0.5,6,7,3,5,2,1,2,1077.84,4.16,73,3,0.566
15,30,4,20,FALSE,TRUE,0.25,1,1.25,0.5,6,7,3,5,2,1,2,1077.84,4.16,73,3,0.566
15,30,4,20,FALSE,TRUE,0.25,1,1.5,0.5,6,7,3,5,2,1,2,1077.84,4.16,73,3,0.566
15,30,4,30,TRUE,TRUE,0.25,1.5,1,0.5,6,4,3,5,2,1,2,535.33,4.16,63,1.297,0.123
15,40,4,20,TRUE,TRUE,0.25,1.5,1.25,0.5,6,6,3,5,2,1,2,539.52,4.16,66,1.297,0.132
15,40,4,30,TRUE,TRUE,0.25,1,1,0.5,6,6,3,6,2,1,2,563.27,4.16,69,1.297,0.165
15,40,4,30,TRUE,TRUE,0.25,1,1.25,0.5,6,6,3,6,2,1,2,563.27,4.16,69,1.297,0.165
15,40,4,30,TRUE,TRUE,0.25,1,1.5,0.5,6,6,3,6,2,1,2,563.27,4.16,69,1.297,0.165
15,40,4,30,TRUE,TRUE,0.25,1.25,1.5,0.5,6,7,3,7,2,1,2,566.94,4.16,69,1.297,0.175
15,40,4,30,TRUE,TRUE,0.25,1.25,1.5,0.5,6,7,3,8,2,1,2,566.94,4.16,69,1.297,0.175
15,20,5,20,TRUE,TRUE,0.25,1,1,0.5,6,5,3,6,2,1,2,539.02,4.16,63,1.297,0.12
15,20,5,20,TRUE,TRUE,0.25,1,1.25,0.5,6,6,3,6,2,1,2,545.86,4.16,65,1.297,0.133
15,20,5,20,TRUE,TRUE,0.25,1,1.5,0.5,6,6,3,6,2,1,2,545.86,4.16,65,1.297,0.133
15,20,5,20,TRUE,TRUE,0.25,1.25,1,0.5,6,5,3,6,2,1,2,525.35,4.16,62,1.297,0.099
15,20,5,20,TRUE,TRUE,0.25,1.25,1.25,0.5,6,4,3,5,2,1,2,510.66,4.16,58,1.297,0.073
15,20,5,20,TRUE,TRUE,0.25,1.5,1,0.5,6,5,3,7,2,1,2,524.95,4.16,61,1.297,0.101
15,20,5,20,TRUE,TRUE,0.25,1.5,1,0.5,6,5,3,8,2,1,2,524.95,4.16,61,1.297,0.101
15,30,5,30,TRUE,TRUE,0.25,1,1,0.5,6,6,3,6,2,1,2,566.9,4.16,64,1.297,0.159
15,30,5,30,TRUE,TRUE,0.25,1.25,1,0.5,6,7,3,7,2,1,2,585.04,4.16,68,1.297,0.187
15,30,5,30,TRUE,TRUE,0.25,1.25,1,0.5,6,7,3,8,2,1,2,585.04,4.16,68,1.297,0.187
15,30,5,30,TRUE,TRUE,0.25,1.5,1.5,0.5,6,4,3,7,2,1,2,543.27,4.16,58,1.297,0.126
15,30,5,30,TRUE,TRUE,0.25,1.5,1.5,0.5,6,4,3,8,2,1,2,543.27,4.16,58,1.297,0.126
15,40,5,20,TRUE,TRUE,0.25,1.25,1.5,0.5,6,4,3,7,2,1,2,546.25,4.16,60,1.297,0.129
15,40,5,20,TRUE,TRUE,0.25,1.25,1.5,0.5,6,4,3,8,2,1,2,546.25,4.16,60,1.297,0.129
15,40,5,20,FALSE,TRUE,0.25,1,1,0.5,6,5,3,6,2,1,2,1032.42,4.16,62,3,0.52
15,40,5,20,FALSE,TRUE,0.25,1.25,1,0.5,6,5,3,6,2,1,2,1004.43,4.16,61,3,0.503
15,40,5,30,TRUE,TRUE,0.25,1.25,1.5,0.5,6,5,3,7,2,1,2,551.11,4.16,61,1.297,0.139
15,40,5,30,TRUE,TRUE,0.25,1.25,1.5,0.5,6,5,3,8,2,1,2,551.11,4.16,61,1.297,0.139
15,40,5,30,TRUE,TRUE,0.25,1.5,1,0.5,6,6,3,6,2,1,2,547.74,4.16,60,1.297,0.131
15,40,5,30,TRUE,TRUE,0.25,1.5,1.25,0.5,6,6,3,7,2,1,2,547.56,4.16,60,1.297,0.134
15,40,5,30,TRUE,TRUE,0.25,1.5,1.25,0.5,6,6,3,8,2,1,2,547.56,4.16,60,1.297,0.134
15,40,5,30,FALSE,TRUE,0.25,1,1,0.5,6,5,3,6,2,1,2,1032.42,4.16,62,3,0.52
15,40,5,30,FALSE,TRUE,0.25,1.25,1,0.5,6,5,3,6,2,1,2,1004.43,4.16,61,3,0.503
15,30,6,20,TRUE,TRUE,0.25,1.5,1,0.5,6,4,3,7,2,1,2,451.81,4.16,45,1.297,-0.036
15,30,6,20,TRUE,TRUE,0.25,1.5,1,0.5,6,4,3,8,2,1,2,451.81,4.16,45,1.297,-0.036
15,30,6,30,TRUE,TRUE,0.25,1.25,1.25,0.5,6,5,3,7,2,1,2,461.59,4.16,48,1.297,-0.015
15,30,6,30,TRUE,TRUE,0.25,1.25,1.25,0.5,6,5,3,8,2,1,2,461.59,4.16,48,1.297,-0.015
15,30,6,30,TRUE,TRUE,0.25,1.25,1.5,0.5,6,5,3,7,2,1,2,461.59,4.16,48,1.297,-0.015
15,30,6,30,TRUE,TRUE,0.25,1.25,1.5,0.5,6,5,3,8,2,1,2,461.59,4.16,48,1.297,-0.015
10,20,4,20,TRUE,TRUE,0.25,1.25,1,0.5,6,4,3,7,2,1,2,557.28,4.15,70,1.497,0.164
10,20,4,20,TRUE,TRUE,0.25,1.25,1,0.5,6,4,3,8,2,1,2,557.28,4.15,70,1.497,0.164
10,20,4,30,TRUE,TRUE,0.25,1,1,0.5,6,6,3,6,2,1,2,540.09,4.15,69,1.497,0.134
10,20,4,30,TRUE,TRUE,0.25,1,1.25,0.5,6,6,3,6,2,1,2,539.29,4.15,69,1.497,0.133
10,20,4,30,TRUE,TRUE,0.25,1,1.5,0.5,6,6,3,6,2,1,2,539.29,4.15,69,1.497,0.133
10,20,4,30,FALSE,TRUE,0.25,1,1,0.5,6,4,3,5,2,1,2,1049.09,4.15,67,3,0.551
10,20,4,30,FALSE,TRUE,0.25,1,1.25,0.5,6,4,3,5,2,1,2,1047.46,4.15,67,3,0.55
10,20,4,30,FALSE,TRUE,0.25,1,1.5,0.5,6,4,3,5,2,1,2,1047.46,4.15,67,3,0.55
10,20,4,30,FALSE,TRUE,0.25,1.5,1,0.5,6,5,3,6,2,1,2,1011.85,4.15,64,3,0.536
10,30,4,20,TRUE,TRUE,0.25,1.25,1.5,0.5,6,5,3,6,2,1,2,537.7,4.15,66,1.497,0.13
10,30,4,30,TRUE,TRUE,0.25,1,1.25,0.5,6,5,3,6,2,1,2,556.49,4.15,68,1.497,0.155
10,30,4,30,TRUE,TRUE,0.25,1,1.5,0.5,6,5,3,6,2,1,2,556.49,4.15,68,1.497,0.155
10,30,4,30,TRUE,TRUE,0.25,1.5,1,0.5,6,4,3,6,2,1,2,531.31,4.15,63,1.497,0.118
10,30,4,30,FALSE,TRUE,0.25,1,1,0.5,6,4,3,5,2,1,2,1049.09,4.15,67,3,0.551
10,30,4,30,FALSE,TRUE,0.25,1,1.25,0.5,6,4,3,5,2,1,2,1047.46,4.15,67,3,0.55
10,30,4,30,FALSE,TRUE,0.25,1,1.5,0.5,6,4,3,5,2,1,2,1047.46,4.15,67,3,0.55
10,30,4,30,FALSE,TRUE,0.25,1.5,1,0.5,6,5,3,6,2,1,2,1011.85,4.15,64,3,0.536
10,40,4,20,FALSE,TRUE,0.25,1,1,0.5,6,4,3,7,2,1,2,1126.1,4.15,72,3,0.598
10,40,4,20,FALSE,TRUE,0.25,1,1,0.5,6,4,3,8,2,1,2,1126.1,4.15,72,3,0.598
10,40,4,30,TRUE,TRUE,0.25,1.25,1.25,0.5,6,4,3,6,2,1,2,527.64,4.15,63,1.497,0.111
10,40,4,30,FALSE,TRUE,0.25,1,1,0.5,6,7,3,6,2,1,2,1064.99,4.15,70,3,0.562
10,40,4,30,FALSE,TRUE,0.25,1,1.25,0.5,6,7,3,6,2,1,2,1063.37,4.15,70,3,0.561
10,40,4,30,FALSE,TRUE,0.25,1,1.5,0.5,6,7,3,6,2,1,2,1063.37,4.15,70,3,0.561
10,40,4,30,FALSE,TRUE,0.25,1.25,1,0.5,6,4,3,6,2,1,2,1015.45,4.15,64,3,0.531
10,20,5,20,TRUE,TRUE,0.25,1.25,1.25,0.5,6,5,3,7,2,1,2,553.5,4.15,65,1.497,0.152
10,20,5,20,TRUE,TRUE,0.25,1.25,1.25,0.5,6,5,3,8,2,1,2,553.5,4.15,65,1.497,0.152
10,20,5,20,FALSE,TRUE,0.25,1.25,1.25,0.5,6,6,3,5,2,1,2,979.63,4.15,60,3,0.499
10,20,5,20,FALSE,TRUE,0.25,1.5,1.25,0.5,6,6,3,7,2,1,2,1055.55,4.15,63,3,0.552
10,20,5,20,FALSE,TRUE,0.25,1.5,1.25,0.5,6,6,3,8,2,1,2,1055.55,4.15,63,3,0.552
10,20,5,30,TRUE,TRUE,0.25,1,1,0.5,6,6,3,6,2,1,2,542.43,4.15,64,1.497,0.129
10,20,5,30,FALSE,TRUE,0.25,1.25,1.25,0.5,6,6,3,5,2,1,2,979.63,4.15,60,3,0.499
10,20,5,30,FALSE,TRUE,0.25,1.5,1.25,0.5,6,6,3,7,2,1,2,1055.55,4.15,63,3,0.552
10,20,5,30,FALSE,TRUE,0.25,1.5,1.25,0.5,6,6,3,8,2,1,2,1055.55,4.15,63,3,0.552
10,30,5,20,TRUE,TRUE,0.25,1.25,1.25,0.5,6,5,3,6,2,1,2,544.44,4.15,62,1.497,0.129
10,30,5,20,FALSE,TRUE,0.25,1.25,1.25,0.5,6,6,3,5,2,1,2,979.63,4.15,60,3,0.499
10,30,5,20,FALSE,TRUE,0.25,1.5,1.25,0.5,6,6,3,7,2,1,2,1055.55,4.15,63,3,0.552
10,30,5,20,FALSE,TRUE,0.25,1.5,1.25,0.5,6,6,3,8,2,1,2,1055.55,4.15,63,3,0.552
10,30,5,30,FALSE,TRUE,0.25,1.25,1.25,0.5,6,6,3,5,2,1,2,979.63,4.15,60,3,0.499
10,30,5,30,FALSE,TRUE,0.25,1.5,1.25,0.5,6,6,3,7,2,1,2,1055.55,4.15,63,3,0.552
10,30,5,30,FALSE,TRUE,0.25,1.5,1.25,0.5,6,6,3,8,2,1,2,1055.55,4.15,63,3,0.552
10,40,5,20,TRUE,TRUE,0.25,1.25,1,0.5,6,4,3,6,2,1,2,537.89,4.15,59,1.497,0.113
10,40,5,30,TRUE,TRUE,0.25,1.25,1,0.5,6,4,3,7,2,1,2,577.09,4.15,63,1.497,0.178
10,40,5,30,TRUE,TRUE,0.25,1.25,1,0.5,6,4,3,8,2,1,2,577.09,4.15,63,1.497,0.178
10,40,5,30,TRUE,TRUE,0.25,1.25,1.5,0.5,6,4,3,6,2,1,2,539.14,4.15,58,1.497,0.117
10,20,6,20,TRUE,TRUE,0.25,1.5,1.5,0.5,6,4,3,7,2,1,2,480.98,4.15,50,1.497,0.027
10,20,6,20,TRUE,TRUE,0.25,1.5,1.5,0.5,6,4,3,8,2,1,2,480.98,4.15,50,1.497,0.027
10,20,6,30,TRUE,TRUE,0.25,1,1.25,0.5,6,5,3,5,2,1,2,465.67,4.15,49,1.497,-0.014
10,20,6,30,TRUE,TRUE,0.25,1,1.5,0.5,6,5,3,5,2,1,2,465.67,4.15,49,1.497,-0.014
10,30,6,20,TRUE,TRUE,0.25,1.25,1,0.5,6,5,3,5,2,1,2,454.47,4.15,48,1.497,-0.035
10,30,6,20,TRUE,TRUE,0.25,1.5,1.5,0.5,6,5,3,7,2,1,2,487.07,4.15,51,1.497,0.04
10,30,6,20,TRUE,TRUE,0.25,1.5,1.5,0.5,6,5,3,8,2,1,2,487.07,4.15,51,1.497,0.04
10,40,6,30,TRUE,TRUE,0.25,1.5,1.5,0.5,6,5,3,7,2,1,2,484.72,4.15,50,1.497,0.034
10,40,6,30,TRUE,TRUE,0.25,1.5,1.5,0.5,6,5,3,8,2,1,2,484.72,4.15,50,1.497,0.034
15,20,4,20,TRUE,TRUE,0.25,1.25,1.25,0.5,6,4,3,5,2,1,2,520.87,4.15,66,1.297,0.103
15,20,4,20,TRUE,TRUE,0.25,1.5,1,0.5,6,4,3,5,2,1,2,521.08,4.15,65,1.297,0.104
15,20,4,20,TRUE,TRUE,0.25,1.5,1.5,0.5,6,7,3,6,2,1,2,591.59,4.15,71,1.297,0.203
15,30,4,20,TRUE,TRUE,0.25,1.25,1,0.5,6,6,3,6,2,1,2,553.15,4.15,70,1.297,0.152
15,30,4,20,TRUE,TRUE,0.25,1.5,1.25,0.5,6,5,3,5,2,1,2,538.99,4.15,66,1.297,0.131
15,30,4,30,TRUE,TRUE,0.25,1,1,0.5,6,5,3,7,2,1,2,565.63,4.15,71,1.297,0.17
15,30,4,30,TRUE,TRUE,0.25,1,1,0.5,6,5,3,8,2,1,2,565.63,4.15,71,1.297,0.17
15,30,4,30,TRUE,TRUE,0.25,1,1,0.5,6,6,3,7,2,1,2,565.63,4.15,71,1.297,0.17
15,30,4,30,TRUE,TRUE,0.25,1,1,0.5,6,6,3,8,2,1,2,565.63,4.15,71,1.297,0.17
15,30,4,30,TRUE,TRUE,0.25,1,1.25,0.5,6,5,3,7,2,1,2,565.63,4.15,71,1.297,0.17
15,30,4,30,TRUE,TRUE,0.25,1,1.25,0.5,6,5,3,8,2,1,2,565.63,4.15,71,1.297,0.17
15,30,4,30,TRUE,TRUE,0.25,1,1.25,0.5,6,6,3,7,2,1,2,565.63,4.15,71,1.297,0.17
15,30,4,30,TRUE,TRUE,0.25,1,1.25,0.5,6,6,3,8,2,1,2,565.63,4.15,71,1.297,0.17
15,30,4,30,TRUE,TRUE,0.25,1,1.5,0.5,6,5,3,7,2,1,2,565.63,4.15,71,1.297,0.17
15,30,4,30,TRUE,TRUE,0.25,1,1.5,0.5,6,5,3,8,2,1,2,565.63,4.15,71,1.297,0.17
15,30,4,30,TRUE,TRUE,0.25,1,1.5,0.5,6,6,3,7,2,1,2,565.63,4.15,71,1.297,0.17
15,30,4,30,TRUE,TRUE,0.25,1,1.5,0.5,6,6,3,8,2,1,2,565.63,4.15,71,1.297,0.17
15,40,4,20,TRUE,TRUE,0.25,1,1,0.5,6,6,3,7,2,1,2,569.6,4.15,72,1.297,0.176
15,40,4,20,TRUE,TRUE,0.25,1,1,0.5,6,6,3,8,2,1,2,569.6,4.15,72,1.297,0.176
15,40,4,20,TRUE,TRUE,0.25,1,1.25,0.5,6,6,3,7,2,1,2,569.6,4.15,72,1.297,0.176
15,40,4,20,TRUE,TRUE,0.25,1,1.25,0.5,6,6,3,8,2,1,2,569.6,4.15,72,1.297,0.176
15,40,4,20,TRUE,TRUE,0.25,1,1.5,0.5,6,6,3,7,2,1,2,569.6,4.15,72,1.297,0.176
15,40,4,20,TRUE,TRUE,0.25,1,1.5,0.5,6,6,3,8,2,1,2,569.6,4.15,72,1.297,0.176
15,40,4,30,FALSE,TRUE,0.25,1.25,1,0.5,6,6,3,6,2,1,2,1034.79,4.15,67,3,0.542
15,40,4,30,FALSE,TRUE,0.25,1.5,1.25,0.5,6,7,3,7,2,1,2,1143.18,4.15,70,3,0.585
15,40,4,30,FALSE,TRUE,0.25,1.5,1.25,0.5,6,7,3,8,2,1,2,1143.18,4.15,70,3,0.585
15,20,5,20,TRUE,TRUE,0.25,1.5,1.5,0.5,6,4,3,7,2,1,2,517.53,4.15,58,1.297,0.089
15,20,5,20,TRUE,TRUE,0.25,1.5,1.5,0.5,6,4,3,8,2,1,2,517.53,4.15,58,1.297,0.089
15,20,5,30,TRUE,TRUE,0.25,1,1,0.5,6,4,3,5,2,1,2,532.2,4.15,61,1.297,0.106
15,20,5,30,TRUE,TRUE,0.25,1,1.25,0.5,6,4,3,5,2,1,2,532.2,4.15,61,1.297,0.106
15,20,5,30,TRUE,TRUE,0.25,1,1.5,0.5,6,4,3,5,2,1,2,532.2,4.15,61,1.297,0.106
15,20,5,30,TRUE,TRUE,0.25,1.25,1.25,0.5,6,5,3,5,2,1,2,513.91,4.15,59,1.297,0.081
15,30,5,20,TRUE,TRUE,0.25,1.25,1.5,0.5,6,7,3,7,2,1,2,575.13,4.15,66,1.297,0.176
15,30,5,20,TRUE,TRUE,0.25,1.25,1.5,0.5,6,7,3,8,2,1,2,575.13,4.15,66,1.297,0.176
15,30,5,20,TRUE,TRUE,0.25,1.5,1.5,0.5,6,6,3,6,2,1,2,540.95,4.15,59,1.297,0.124
15,30,5,30,TRUE,TRUE,0.25,1.25,1.25,0.5,6,4,3,5,2,1,2,534.89,4.15,58,1.297,0.108
15,30,5,30,TRUE,TRUE,0.25,1.5,1,0.5,6,5,3,6,2,1,2,547.38,4.15,60,1.297,0.131
15,30,5,30,TRUE,TRUE,0.25,1.5,1.25,0.5,6,5,3,7,2,1,2,546.99,4.15,60,1.297,0.133
15,30,5,30,TRUE,TRUE,0.25,1.5,1.25,0.5,6,5,3,8,2,1,2,546.99,4.15,60,1.297,0.133
15,40,5,20,TRUE,TRUE,0.25,1.25,1.25,0.5,6,5,3,7,2,1,2,548.41,4.15,62,1.297,0.135
15,40,5,20,TRUE,TRUE,0.25,1.25,1.25,0.5,6,5,3,8,2,1,2,548.41,4.15,62,1.297,0.135
15,40,5,20,FALSE,TRUE,0.25,1.25,1,0.5,6,7,3,7,2,1,2,1081.2,4.15,67,3,0.543
15,40,5,20,FALSE,TRUE,0.25,1.25,1,0.5,6,7,3,8,2,1,2,1081.2,4.15,67,3,0.543
15,40,5,20,FALSE,TRUE,0.25,1.5,1.25,0.5,6,5,3,6,2,1,2,990.17,4.15,58,3,0.501
15,40,5,30,FALSE,TRUE,0.25,1.25,1,0.5,6,7,3,7,2,1,2,1081.2,4.15,67,3,0.543
15,40,5,30,FALSE,TRUE,0.25,1.25,1,0.5,6,7,3,8,2,1,2,1081.2,4.15,67,3,0.543
15,40,5,30,FALSE,TRUE,0.25,1.5,1.25,0.5,6,5,3,6,2,1,2,990.17,4.15,58,3,0.501
15,20,6,20,FALSE,TRUE,0.25,1,1.25,0.5,6,4,3,6,2,1,2,790.38,4.15,47,3,0.378
15,20,6,20,FALSE,TRUE,0.25,1,1.5,0.5,6,4,3,6,2,1,2,790.38,4.15,47,3,0.378
15,20,6,20,FALSE,TRUE,0.25,1.5,1.5,0.5,6,5,3,6,2,1,2,749.88,4.15,44,3,0.352
15,20,6,30,FALSE,TRUE,0.25,1,1.25,0.5,6,4,3,6,2,1,2,790.38,4.15,47,3,0.378
15,20,6,30,FALSE,TRUE,0.25,1,1.5,0.5,6,4,3,6,2,1,2,790.38,4.15,47,3,0.378
15,20,6,30,FALSE,TRUE,0.25,1.5,1.5,0.5,6,5,3,6,2,1,2,749.88,4.15,44,3,0.352
15,30,6,20,FALSE,TRUE,0.25,1,1.25,0.5,6,4,3,6,2,1,2,790.38,4.15,47,3,0.378
15,30,6,20,FALSE,TRUE,0.25,1,1.5,0.5,6,4,3,6,2,1,2,790.38,4.15,47,3,0.378
15,30,6,20,FALSE,TRUE,0.25,1.5,1.5,0.5,6,5,3,6,2,1,2,749.88,4.15,44,3,0.352
15,30,6,30,TRUE,TRUE,0.25,1,1,0.5,6,4,3,6,2,1,2,467.71,4.15,46,1.297,-0.009
15,30,6,30,FALSE,TRUE,0.25,1,1.25,0.5,6,4,3,6,2,1,2,790.38,4.15,47,3,0.378
15,30,6,30,FALSE,TRUE,0.25,1,1.5,0.5,6,4,3,6,2,1,2,790.38,4.15,47,3,0.378
15,30,6,30,FALSE,TRUE,0.25,1.5,1.5,0.5,6,5,3,6,2,1,2,749.88,4.15,44,3,0.352
15,40,6,20,FALSE,TRUE,0.25,1,1.25,0.5,6,4,3,6,2,1,2,790.38,4.15,47,3,0.378
15,40,6,20,FALSE,TRUE,0.25,1,1.5,0.5,6,4,3,6,2,1,2,790.38,4.15,47,3,0.378
15,40,6,20,FALSE,TRUE,0.25,1.5,1.5,0.5,6,5,3,6,2,1,2,749.88,4.15,44,3,0.352
15,40,6,30,TRUE,TRUE,0.25,1.25,1.25,0.5,6,5,3,7,2,1,2,461.15,4.15,48,1.297,-0.016
15,40,6,30,TRUE,TRUE,0.25,1.25,1.25,0.5,6,5,3,8,2,1,2,461.15,4.15,48,1.297,-0.016
15,40,6,30,TRUE,TRUE,0.25,1.25,1.5,0.5,6,5,3,7,2,1,2,461.15,4.15,48,1.297,-0.016
15,40,6,30,TRUE,TRUE,0.25,1.25,1.5,0.5,6,5,3,8,2,1,2,461.15,4.15,48,1.297,-0.016
15,40,6,30,FALSE,TRUE,0.25,1,1.25,0.5,6,4,3,6,2,1,2,790.38,4.15,47,3,0.378
15,40,6,30,FALSE,TRUE,0.25,1,1.5,0.5,6,4,3,6,2,1,2,790.38,4.15,47,3,0.378
15,40,6,30,FALSE,TRUE,0.25,1.5,1.5,0.5,6,5,3,6,2,1,2,749.88,4.15,44,3,0.352
10,20,4,20,TRUE,TRUE,0.25,1.25,1,0.5,6,7,3,7,2,1,2,587.6,4.14,76,1.497,0.209
10,20,4,20,TRUE,TRUE,0.25,1.25,1,0.5,6,7,3,8,2,1,2,587.6,4.14,76,1.497,0.209
10,20,4,20,FALSE,TRUE,0.25,1.25,1.25,0.5,6,7,3,5,2,1,2,1074.69,4.14,70,3,0.559
10,20,4,30,TRUE,TRUE,0.25,1,1,0.5,6,5,3,6,2,1,2,537.29,4.14,68,1.497,0.129
10,20,4,30,TRUE,TRUE,0.25,1.25,1,0.5,6,4,3,7,2,1,2,553.16,4.14,69,1.497,0.158
10,20,4,30,TRUE,TRUE,0.25,1.25,1,0.5,6,4,3,8,2,1,2,553.16,4.14,69,1.497,0.158
10,30,4,20,TRUE,TRUE,0.25,1,1,0.5,6,6,3,6,2,1,2,562.47,4.14,71,1.497,0.166
10,30,4,20,TRUE,TRUE,0.25,1,1.25,0.5,6,6,3,6,2,1,2,561.67,4.14,71,1.497,0.164
10,30,4,20,TRUE,TRUE,0.25,1,1.5,0.5,6,6,3,6,2,1,2,561.67,4.14,71,1.497,0.164
10,30,4,20,TRUE,TRUE,0.25,1.5,1.25,0.5,6,5,3,6,2,1,2,534.17,4.14,66,1.497,0.124
10,30,4,20,FALSE,TRUE,0.25,1.25,1.25,0.5,6,7,3,5,2,1,2,1074.69,4.14,70,3,0.559
10,30,4,30,TRUE,TRUE,0.25,1.25,1,0.5,6,4,3,7,2,1,2,572.59,4.14,69,1.497,0.184
10,30,4,30,TRUE,TRUE,0.25,1.25,1,0.5,6,4,3,8,2,1,2,572.59,4.14,69,1.497,0.184
10,40,4,20,TRUE,TRUE,0.25,1.25,1.25,0.5,6,6,3,6,2,1,2,535.96,4.14,67,1.497,0.128
10,40,4,20,TRUE,TRUE,0.25,1.25,1.5,0.5,6,7,3,6,2,1,2,561.22,4.14,70,1.497,0.167
10,40,4,20,FALSE,TRUE,0.25,1,1,0.5,6,6,3,6,2,1,2,1065.32,4.14,70,3,0.565
10,40,4,20,FALSE,TRUE,0.25,1,1.25,0.5,6,4,3,7,2,1,2,1124.47,4.14,72,3,0.596
10,40,4,20,FALSE,TRUE,0.25,1,1.25,0.5,6,4,3,8,2,1,2,1124.47,4.14,72,3,0.596
10,40,4,20,FALSE,TRUE,0.25,1,1.25,0.5,6,6,3,6,2,1,2,1063.69,4.14,70,3,0.564
10,40,4,20,FALSE,TRUE,0.25,1,1.5,0.5,6,4,3,7,2,1,2,1124.47,4.14,72,3,0.596
10,40,4,20,FALSE,TRUE,0.25,1,1.5,0.5,6,4,3,8,2,1,2,1124.47,4.14,72,3,0.596
10,40,4,20,FALSE,TRUE,0.25,1,1.5,0.5,6,6,3,6,2,1,2,1063.69,4.14,70,3,0.564
10,40,4,20,FALSE,TRUE,0.25,1.5,1.25,0.5,6,7,3,7,2,1,2,1203.24,4.14,74,3,0.619
10,40,4,20,FALSE,TRUE,0.25,1.5,1.25,0.5,6,7,3,8,2,1,2,1203.24,4.14,74,3,0.619
10,20,5,20,TRUE,TRUE,0.25,1.25,1,0.5,6,6,3,6,2,1,2,524.09,4.14,63,1.497,0.098
10,20,5,20,TRUE,TRUE,0.25,1.25,1,0.5,6,7,3,7,2,1,2,588.04,4.14,71,1.497,0.2
10,20,5,20,TRUE,TRUE,0.25,1.25,1,0.5,6,7,3,8,2,1,2,588.04,4.14,71,1.497,0.2
10,20,5,20,FALSE,TRUE,0.25,1.25,1.5,0.5,6,5,3,6,2,1,2,994.82,4.14,61,3,0.511
10,20,5,30,TRUE,TRUE,0.25,1.5,1,0.5,6,4,3,6,2,1,2,516.98,4.14,59,1.497,0.088
10,20,5,30,FALSE,TRUE,0.25,1.25,1.5,0.5,6,5,3,6,2,1,2,994.82,4.14,61,3,0.511
10,30,5,20,FALSE,TRUE,0.25,1.25,1.5,0.5,6,5,3,6,2,1,2,994.82,4.14,61,3,0.511
10,30,5,30,FALSE,TRUE,0.25,1.25,1.5,0.5,6,5,3,6,2,1,2,994.82,4.14,61,3,0.511
10,40,5,20,TRUE,TRUE,0.25,1.25,1.25,0.5,6,4,3,6,2,1,2,536.64,4.14,59,1.497,0.113
10,20,6,30,TRUE,TRUE,0.25,1.5,1,0.5,6,5,3,6,2,1,2,457.74,4.14,49,1.497,-0.024
10,20,6,30,TRUE,TRUE,0.25,1.5,1.25,0.5,6,5,3,6,2,1,2,454.04,4.14,48,1.497,-0.03
10,30,6,20,TRUE,TRUE,0.25,1.5,1,0.5,6,4,3,5,2,1,2,448.01,4.14,46,1.497,-0.046
10,40,6,20,TRUE,TRUE,0.25,1.5,1,0.5,6,5,3,6,2,1,2,454.81,4.14,48,1.497,-0.032
15,20,4,20,TRUE,TRUE,0.25,1,1,0.5,6,5,3,6,2,1,2,547.12,4.14,71,1.297,0.144
15,20,4,20,TRUE,TRUE,0.25,1,1.25,0.5,6,5,3,6,2,1,2,547.12,4.14,71,1.297,0.144
15,20,4,20,TRUE,TRUE,0.25,1,1.5,0.5,6,5,3,6,2,1,2,547.12,4.14,71,1.297,0.144
15,20,4,20,TRUE,TRUE,0.25,1.25,1,0.5,6,7,3,7,2,1,2,561.1,4.14,74,1.297,0.168
15,20,4,20,TRUE,TRUE,0.25,1.25,1,0.5,6,7,3,8,2,1,2,561.1,4.14,74,1.297,0.168
15,20,4,20,TRUE,TRUE,0.25,1.5,1.5,0.5,6,4,3,5,2,1,2,515.9,4.14,64,1.297,0.095
15,20,4,30,TRUE,TRUE,0.25,1.5,1,0.5,6,4,3,5,2,1,2,515.57,4.14,63,1.297,0.094
15,20,4,30,FALSE,TRUE,0.25,1.25,1.25,0.5,6,6,3,5,2,1,2,1010.58,4.14,66,3,0.532
15,30,4,30,TRUE,TRUE,0.25,1.5,1.5,0.5,6,4,3,5,2,1,2,529.7,4.14,62,1.297,0.114
15,30,4,30,FALSE,TRUE,0.25,1.25,1.25,0.5,6,6,3,5,2,1,2,1010.58,4.14,66,3,0.532
15,40,4,20,TRUE,TRUE,0.25,1.25,1.5,0.5,6,5,3,7,2,1,2,544.65,4.14,67,1.297,0.141
15,40,4,20,TRUE,TRUE,0.25,1.25,1.5,0.5,6,5,3,8,2,1,2,544.65,4.14,67,1.297,0.141
15,40,4,20,TRUE,TRUE,0.25,1.5,1,0.5,6,6,3,7,2,1,2,548.07,4.14,68,1.297,0.146
15,40,4,20,TRUE,TRUE,0.25,1.5,1,0.5,6,6,3,8,2,1,2,548.07,4.14,68,1.297,0.146
15,40,4,30,TRUE,TRUE,0.25,1,1,0.5,6,5,3,6,2,1,2,560.47,4.14,68,1.297,0.16
15,40,4,30,TRUE,TRUE,0.25,1,1.25,0.5,6,5,3,6,2,1,2,560.47,4.14,68,1.297,0.16
15,40,4,30,TRUE,TRUE,0.25,1,1.5,0.5,6,5,3,6,2,1,2,560.47,4.14,68,1.297,0.16
15,40,4,30,TRUE,TRUE,0.25,1.25,1.5,0.5,6,7,3,6,2,1,2,562.98,4.14,68,1.297,0.167
15,40,4,30,FALSE,TRUE,0.25,1.5,1.25,0.5,6,6,3,5,2,1,2,1007.23,4.14,64,3,0.527
15,40,4,30,FALSE,TRUE,0.25,1.5,1.25,0.5,6,7,3,6,2,1,2,1137.5,4.14,69,3,0.579
15,20,5,20,TRUE,TRUE,0.25,1.25,1,0.5,6,7,3,7,2,1,2,558.37,4.14,68,1.297,0.153
15,20,5,20,TRUE,TRUE,0.25,1.25,1,0.5,6,7,3,8,2,1,2,558.37,4.14,68,1.297,0.153
15,20,5,20,TRUE,TRUE,0.25,1.5,1,0.5,6,5,3,6,2,1,2,521.51,4.14,60,1.297,0.094
15,20,5,20,FALSE,TRUE,0.25,1,1,0.5,6,5,3,7,2,1,2,1043.38,4.14,65,3,0.531
15,20,5,20,FALSE,TRUE,0.25,1,1,0.5,6,5,3,8,2,1,2,1043.38,4.14,65,3,0.531
15,20,5,20,FALSE,TRUE,0.25,1,1.25,0.5,6,5,3,7,2,1,2,1043.38,4.14,65,3,0.531
15,20,5,20,FALSE,TRUE,0.25,1,1.25,0.5,6,5,3,8,2,1,2,1043.38,4.14,65,3,0.531
15,20,5,20,FALSE,TRUE,0.25,1,1.5,0.5,6,5,3,7,2,1,2,1043.38,4.14,65,3,0.531
15,20,5,20,FALSE,TRUE,0.25,1,1.5,0.5,6,5,3,8,2,1,2,1043.38,4.14,65,3,0.531
15,20,5,20,FALSE,TRUE,0.25,1.25,1,0.5,6,5,3,7,2,1,2,1015.39,4.14,64,3,0.514
15,20,5,20,FALSE,TRUE,0.25,1.25,1,0.5,6,5,3,8,2,1,2,1015.39,4.14,64,3,0.514
15,20,5,30,TRUE,TRUE,0.25,1,1,0.5,6,5,3,7,2,1,2,546.94,4.14,65,1.297,0.134
15,20,5,30,TRUE,TRUE,0.25,1,1,0.5,6,5,3,8,2,1,2,546.94,4.14,65,1.297,0.134
15,20,5,30,TRUE,TRUE,0.25,1,1.25,0.5,6,5,3,7,2,1,2,546.94,4.14,65,1.297,0.134
15,20,5,30,TRUE,TRUE,0.25,1,1.25,0.5,6,5,3,8,2,1,2,546.94,4.14,65,1.297,0.134
15,20,5,30,TRUE,TRUE,0.25,1,1.5,0.5,6,5,3,7,2,1,2,546.94,4.14,65,1.297,0.134
15,20,5,30,TRUE,TRUE,0.25,1,1.5,0.5,6,5,3,8,2,1,2,546.94,4.14,65,1.297,0.134
15,20,5,30,FALSE,TRUE,0.25,1,1,0.5,6,5,3,7,2,1,2,1043.38,4.14,65,3,0.531
15,20,5,30,FALSE,TRUE,0.25,1,1,0.5,6,5,3,8,2,1,2,1043.38,4.14,65,3,0.531
15,20,5,30,FALSE,TRUE,0.25,1,1.25,0.5,6,5,3,7,2,1,2,1043.38,4.14,65,3,0.531
15,20,5,30,FALSE,TRUE,0.25,1,1.25,0.5,6,5,3,8,2,1,2,1043.38,4.14,65,3,0.531
15,20,5,30,FALSE,TRUE,0.25,1,1.5,0.5,6,5,3,7,2,1,2,1043.38,4.14,65,3,0.531
15,20,5,30,FALSE,TRUE,0.25,1,1.5,0.5,6,5,3,8,2,1,2,1043.38,4.14,65,3,0.531
15,20,5,30,FALSE,TRUE,0.25,1.25,1,0.5,6,5,3,7,2,1,2,1015.39,4.14,64,3,0.514
15,20,5,30,FALSE,TRUE,0.25,1.25,1,0.5,6,5,3,8,2,1,2,1015.39,4.14,64,3,0.514
15,30,5,20,TRUE,TRUE,0.25,1.25,1,0.5,6,6,3,6,2,1,2,548.14,4.14,63,1.297,0.13
15,30,5,20,FALSE,TRUE,0.25,1,1,0.5,6,5,3,7,2,1,2,1043.38,4.14,65,3,0.531
15,30,5,20,FALSE,TRUE,0.25,1,1,0.5,6,5,3,8,2,1,2,1043.38,4.14,65,3,0.531
15,30,5,20,FALSE,TRUE,0.25,1,1.25,0.5,6,5,3,7,2,1,2,1043.38,4.14,65,3,0.531
15,30,5,20,FALSE,TRUE,0.25,1,1.25,0.5,6,5,3,8,2,1,2,1043.38,4.14,65,3,0.531
15,30,5,20,FALSE,TRUE,0.25,1,1.5,0.5,6,5,3,7,2,1,2,1043.38,4.14,65,3,0.531
15,30,5,20,FALSE,TRUE,0.25,1,1.5,0.5,6,5,3,8,2,1,2,1043.38,4.14,65,3,0.531
15,30,5,20,FALSE,TRUE,0.25,1.25,1,0.5,6,5,3,7,2,1,2,1015.39,4.14,64,3,0.514
15,30,5,20,FALSE,TRUE,0.25,1.25,1,0.5,6,5,3,8,2,1,2,1015.39,4.14,64,3,0.514
15,30,5,30,TRUE,TRUE,0.25,1.5,1.5,0.5,6,4,3,6,2,1,2,539.53,4.14,57,1.297,0.119
15,30,5,30,FALSE,TRUE,0.25,1,1,0.5,6,5,3,7,2,1,2,1043.38,4.14,65,3,0.531
15,30,5,30,FALSE,TRUE,0.25,1,1,0.5,6,5,3,8,2,1,2,1043.38,4.14,65,3,0.531
15,30,5,30,FALSE,TRUE,0.25,1,1.25,0.5,6,5,3,7,2,1,2,1043.38,4.14,65,3,0.531
15,30,5,30,FALSE,TRUE,0.25,1,1.25,0.5,6,5,3,8,2,1,2,1043.38,4.14,65,3,0.531
15,30,5,30,FALSE,TRUE,0.25,1,1.5,0.5,6,5,3,7,2,1,2,1043.38,4.14,65,3,0.531
15,30,5,30,FALSE,TRUE,0.25,1,1.5,0.5,6,5,3,8,2,1,2,1043.38,4.14,65,3,0.531
15,30,5,30,FALSE,TRUE,0.25,1.25,1,0.5,6,5,3,7,2,1,2,1015.39,4.14,64,3,0.514
15,30,5,30,FALSE,TRUE,0.25,1.25,1,0.5,6,5,3,8,2,1,2,1015.39,4.14,64,3,0.514
15,40,5,20,TRUE,TRUE,0.25,1.25,1.5,0.5,6,4,3,6,2,1,2,542.48,4.14,59,1.297,0.122
15,40,5,30,TRUE,TRUE,0.25,1.25,1,0.5,6,7,3,6,2,1,2,576.3,4.14,65,1.297,0.172
15,40,5,30,TRUE,TRUE,0.25,1.25,1.25,0.5,6,6,3,5,2,1,2,537.32,4.14,59,1.297,0.115
15,40,5,30,TRUE,TRUE,0.25,1.25,1.5,0.5,6,5,3,6,2,1,2,547.15,4.14,60,1.297,0.132
15,40,5,30,TRUE,TRUE,0.25,1.5,1.25,0.5,6,6,3,6,2,1,2,543.6,4.14,59,1.297,0.127
15,20,6,20,FALSE,TRUE,0.25,1,1,0.5,6,6,3,6,2,1,2,786.41,4.14,47,3,0.379
15,20,6,30,FALSE,TRUE,0.25,1,1,0.5,6,6,3,6,2,1,2,786.41,4.14,47,3,0.379
15,30,6,20,FALSE,TRUE,0.25,1,1,0.5,6,6,3,6,2,1,2,786.41,4.14,47,3,0.379
15,30,6,30,TRUE,TRUE,0.25,1.25,1,0.5,6,6,3,6,2,1,2,455.9,4.14,47,1.297,-0.029
15,30,6,30,TRUE,TRUE,0.25,1.25,1.25,0.5,6,5,3,6,2,1,2,457.99,4.14,47,1.297,-0.022
15,30,6,30,TRUE,TRUE,0.25,1.25,1.5,0.5,6,5,3,6,2,1,2,457.99,4.14,47,1.297,-0.022
15,30,6,30,FALSE,TRUE,0.25,1,1,0.5,6,6,3,6,2,1,2,786.41,4.14,47,3,0.379
15,40,6,20,TRUE,TRUE,0.25,1.5,1,0.5,6,4,3,7,2,1,2,451.37,4.14,45,1.297,-0.037
15,40,6,20,TRUE,TRUE,0.25,1.5,1,0.5,6,4,3,8,2,1,2,451.37,4.14,45,1.297,-0.037
15,40,6,20,FALSE,TRUE,0.25,1,1,0.5,6,6,3,6,2,1,2,786.41,4.14,47,3,0.379
15,40,6,30,FALSE,TRUE,0.25,1,1,0.5,6,6,3,6,2,1,2,786.41,4.14,47,3,0.379
10,20,4,20,TRUE,TRUE,0.25,1,1,0.5,6,7,3,7,2,1,2,578.28,4.13,76,1.497,0.196
10,20,4,20,TRUE,TRUE,0.25,1,1,0.5,6,7,3,8,2,1,2,578.28,4.13,76,1.497,0.196
10,20,4,20,TRUE,TRUE,0.25,1.5,1.25,0.5,6,5,3,7,2,1,2,547.12,4.13,69,1.497,0.151
10,20,4,20,TRUE,TRUE,0.25,1.5,1.25,0.5,6,5,3,8,2,1,2,547.12,4.13,69,1.497,0.151
10,20,4,20,FALSE,TRUE,0.25,1,1,0.5,6,5,3,7,2,1,2,1129.05,4.13,73,3,0.601
10,20,4,20,FALSE,TRUE,0.25,1,1,0.5,6,5,3,8,2,1,2,1129.05,4.13,73,3,0.601
10,20,4,20,FALSE,TRUE,0.25,1,1.25,0.5,6,5,3,7,2,1,2,1127.43,4.13,73,3,0.599
10,20,4,20,FALSE,TRUE,0.25,1,1.25,0.5,6,5,3,8,2,1,2,1127.43,4.13,73,3,0.599
10,20,4,20,FALSE,TRUE,0.25,1,1.5,0.5,6,5,3,7,2,1,2,1127.43,4.13,73,3,0.599
10,20,4,20,FALSE,TRUE,0.25,1,1.5,0.5,6,5,3,8,2,1,2,1127.43,4.13,73,3,0.599
10,20,4,30,TRUE,TRUE,0.25,1,1.25,0.5,6,5,3,6,2,1,2,536.49,4.13,68,1.497,0.128
10,20,4,30,TRUE,TRUE,0.25,1,1.5,0.5,6,5,3,6,2,1,2,536.49,4.13,68,1.497,0.128
10,20,4,30,FALSE,TRUE,0.25,1.25,1,0.5,6,7,3,7,2,1,2,1154.82,4.13,74,3,0.6
10,20,4,30,FALSE,TRUE,0.25,1.25,1,0.5,6,7,3,8,2,1,2,1154.82,4.13,74,3,0.6
10,30,4,20,TRUE,TRUE,0.25,1.25,1.5,0.5,6,4,3,7,2,1,2,567.23,4.13,68,1.497,0.177
10,30,4,20,TRUE,TRUE,0.25,1.25,1.5,0.5,6,4,3,8,2,1,2,567.23,4.13,68,1.497,0.177
10,30,4,20,TRUE,TRUE,0.25,1.5,1.25,0.5,6,4,3,7,2,1,2,563.71,4.13,68,1.497,0.171
10,30,4,20,TRUE,TRUE,0.25,1.5,1.25,0.5,6,4,3,8,2,1,2,563.71,4.13,68,1.497,0.171
10,30,4,20,FALSE,TRUE,0.25,1,1,0.5,6,5,3,7,2,1,2,1129.05,4.13,73,3,0.601
10,30,4,20,FALSE,TRUE,0.25,1,1,0.5,6,5,3,8,2,1,2,1129.05,4.13,73,3,0.601
10,30,4,20,FALSE,TRUE,0.25,1,1.25,0.5,6,5,3,7,2,1,2,1127.43,4.13,73,3,0.599
10,30,4,20,FALSE,TRUE,0.25,1,1.25,0.5,6,5,3,8,2,1,2,1127.43,4.13,73,3,0.599
10,30,4,20,FALSE,TRUE,0.25,1,1.5,0.5,6,5,3,7,2,1,2,1127.43,4.13,73,3,0.599
10,30,4,20,FALSE,TRUE,0.25,1,1.5,0.5,6,5,3,8,2,1,2,1127.43,4.13,73,3,0.599
10,30,4,30,TRUE,TRUE,0.25,1,1,0.5,6,7,3,6,2,1,2,561.4,4.13,71,1.497,0.162
10,30,4,30,TRUE,TRUE,0.25,1.5,1.5,0.5,6,4,3,6,2,1,2,524.88,4.13,62,1.497,0.107
10,30,4,30,FALSE,TRUE,0.25,1.25,1,0.5,6,7,3,7,2,1,2,1154.82,4.13,74,3,0.6
10,30,4,30,FALSE,TRUE,0.25,1.25,1,0.5,6,7,3,8,2,1,2,1154.82,4.13,74,3,0.6
10,40,4,20,FALSE,TRUE,0.25,1.5,1.25,0.5,6,5,3,7,2,1,2,1071.51,4.13,68,3,0.57
10,40,4,20,FALSE,TRUE,0.25,1.5,1.25,0.5,6,5,3,8,2,1,2,1071.51,4.13,68,3,0.57
10,40,4,30,TRUE,TRUE,0.25,1.25,1.25,0.5,6,7,3,6,2,1,2,556.92,4.13,69,1.497,0.159
10,40,4,30,FALSE,TRUE,0.25,1.25,1.5,0.5,6,7,3,7,2,1,2,1131.22,4.13,71,3,0.592
10,40,4,30,FALSE,TRUE,0.25,1.25,1.5,0.5,6,7,3,8,2,1,2,1131.22,4.13,71,3,0.592
10,40,4,30,FALSE,TRUE,0.25,1.5,1,0.5,6,4,3,6,2,1,2,999.76,4.13,62,3,0.524
10,40,4,30,FALSE,TRUE,0.25,1.5,1.5,0.5,6,4,3,6,2,1,2,989.84,4.13,61,3,0.52
10,20,5,20,TRUE,TRUE,0.25,1,1,0.5,6,4,3,7,2,1,2,571.4,4.13,67,1.497,0.175
10,20,5,20,TRUE,TRUE,0.25,1,1,0.5,6,4,3,8,2,1,2,571.4,4.13,67,1.497,0.175
10,20,5,20,TRUE,TRUE,0.25,1,1.25,0.5,6,4,3,7,2,1,2,570.6,4.13,67,1.497,0.174
10,20,5,20,TRUE,TRUE,0.25,1,1.25,0.5,6,4,3,8,2,1,2,570.6,4.13,67,1.497,0.174
10,20,5,20,TRUE,TRUE,0.25,1,1.5,0.5,6,4,3,7,2,1,2,570.6,4.13,67,1.497,0.174
10,20,5,20,TRUE,TRUE,0.25,1,1.5,0.5,6,4,3,8,2,1,2,570.6,4.13,67,1.497,0.174
10,20,5,20,TRUE,TRUE,0.25,1.25,1.5,0.5,6,6,3,7,2,1,2,552.38,4.13,65,1.497,0.151
10,20,5,20,TRUE,TRUE,0.25,1.25,1.5,0.5,6,6,3,8,2,1,2,552.38,4.13,65,1.497,0.151
10,20,5,20,FALSE,TRUE,0.25,1,1,0.5,6,6,3,6,2,1,2,1037.08,4.13,64,3,0.534
10,20,5,20,FALSE,TRUE,0.25,1.5,1,0.5,6,4,3,6,2,1,2,986.6,4.13,59,3,0.501
10,20,5,30,TRUE,TRUE,0.25,1.25,1.25,0.5,6,6,3,5,2,1,2,511.85,4.13,60,1.497,0.079
10,20,5,30,FALSE,TRUE,0.25,1,1,0.5,6,6,3,6,2,1,2,1037.08,4.13,64,3,0.534
10,20,5,30,FALSE,TRUE,0.25,1.5,1,0.5,6,4,3,6,2,1,2,986.6,4.13,59,3,0.501
10,30,5,20,FALSE,TRUE,0.25,1,1,0.5,6,6,3,6,2,1,2,1037.08,4.13,64,3,0.534
10,30,5,20,FALSE,TRUE,0.25,1.5,1,0.5,6,4,3,6,2,1,2,986.6,4.13,59,3,0.501
10,30,5,30,TRUE,TRUE,0.25,1.25,1.5,0.5,6,4,3,7,2,1,2,575.84,4.13,63,1.497,0.18
10,30,5,30,TRUE,TRUE,0.25,1.25,1.5,0.5,6,4,3,8,2,1,2,575.84,4.13,63,1.497,0.18
10,30,5,30,FALSE,TRUE,0.25,1,1,0.5,6,6,3,6,2,1,2,1037.08,4.13,64,3,0.534
10,30,5,30,FALSE,TRUE,0.25,1.5,1,0.5,6,4,3,6,2,1,2,986.6,4.13,59,3,0.501
10,40,5,20,FALSE,TRUE,0.25,1.25,1.5,0.5,6,4,3,6,2,1,2,984.64,4.13,58,3,0.499
10,40,5,30,TRUE,TRUE,0.25,1.25,1.25,0.5,6,5,3,6,2,1,2,541.06,4.13,60,1.497,0.122
10,40,5,30,TRUE,TRUE,0.25,1.25,1.5,0.5,6,6,3,6,2,1,2,543.51,4.13,61,1.497,0.128
10,40,5,30,FALSE,TRUE,0.25,1.25,1.5,0.5,6,4,3,6,2,1,2,984.64,4.13,58,3,0.499
10,20,6,30,TRUE,TRUE,0.25,1.5,1.25,0.5,6,4,3,7,2,1,2,483.39,4.13,50,1.497,0.032
10,20,6,30,TRUE,TRUE,0.25,1.5,1.25,0.5,6,4,3,8,2,1,2,483.39,4.13,50,1.497,0.032
10,20,6,30,TRUE,TRUE,0.25,1.5,1.5,0.5,6,5,3,6,2,1,2,452.24,4.13,48,1.497,-0.034
10,30,6,20,TRUE,TRUE,0.25,1,1,0.5,6,5,3,5,2,1,2,467.73,4.13,49,1.497,-0.01
10,30,6,30,TRUE,TRUE,0.25,1.5,1.25,0.5,6,5,3,7,2,1,2,489.48,4.13,51,1.497,0.045
10,30,6,30,TRUE,TRUE,0.25,1.5,1.25,0.5,6,5,3,8,2,1,2,489.48,4.13,51,1.497,0.045
10,40,6,20,TRUE,TRUE,0.25,1.5,1.25,0.5,6,5,3,6,2,1,2,450.33,4.13,47,1.497,-0.039
15,20,4,20,FALSE,TRUE,0.25,1.25,1,0.5,6,5,3,7,2,1,2,1045.47,4.13,70,3,0.55
15,20,4,20,FALSE,TRUE,0.25,1.25,1,0.5,6,5,3,8,2,1,2,1045.47,4.13,70,3,0.55
15,20,4,20,FALSE,TRUE,0.25,1.25,1.5,0.5,6,6,3,5,2,1,2,1017.21,4.13,67,3,0.538
15,30,4,20,FALSE,TRUE,0.25,1.25,1,0.5,6,5,3,7,2,1,2,1045.47,4.13,70,3,0.55
15,30,4,20,FALSE,TRUE,0.25,1.25,1,0.5,6,5,3,8,2,1,2,1045.47,4.13,70,3,0.55
15,30,4,20,FALSE,TRUE,0.25,1.25,1.5,0.5,6,6,3,5,2,1,2,1017.21,4.13,67,3,0.538
15,30,4,30,TRUE,TRUE,0.25,1.25,1.5,0.5,6,7,3,7,2,1,2,565.35,4.13,70,1.297,0.172
15,30,4,30,TRUE,TRUE,0.25,1.25,1.5,0.5,6,7,3,8,2,1,2,565.35,4.13,70,1.297,0.172
15,30,4,30,TRUE,TRUE,0.25,1.5,1.25,0.5,6,6,3,5,2,1,2,535.1,4.13,65,1.297,0.124
15,40,4,20,TRUE,TRUE,0.25,1,1,0.5,6,6,3,6,2,1,2,565.84,4.13,71,1.297,0.169
15,40,4,20,TRUE,TRUE,0.25,1,1.25,0.5,6,6,3,6,2,1,2,565.84,4.13,71,1.297,0.169
15,40,4,20,TRUE,TRUE,0.25,1,1.5,0.5,6,6,3,6,2,1,2,565.84,4.13,71,1.297,0.169
15,40,4,20,FALSE,TRUE,0.25,1.5,1.5,0.5,6,7,3,7,2,1,2,1145.34,4.13,71,3,0.591
15,40,4,20,FALSE,TRUE,0.25,1.5,1.5,0.5,6,7,3,8,2,1,2,1145.34,4.13,71,3,0.591
15,40,4,30,TRUE,TRUE,0.25,1,1,0.5,6,7,3,7,2,1,2,567.82,4.13,72,1.297,0.172
15,40,4,30,TRUE,TRUE,0.25,1,1,0.5,6,7,3,8,2,1,2,567.82,4.13,72,1.297,0.172
15,40,4,30,TRUE,TRUE,0.25,1,1.25,0.5,6,7,3,7,2,1,2,567.82,4.13,72,1.297,0.172
15,40,4,30,TRUE,TRUE,0.25,1,1.25,0.5,6,7,3,8,2,1,2,567.82,4.13,72,1.297,0.172
15,40,4,30,TRUE,TRUE,0.25,1,1.5,0.5,6,7,3,7,2,1,2,567.82,4.13,72,1.297,0.172
15,40,4,30,TRUE,TRUE,0.25,1,1.5,0.5,6,7,3,8,2,1,2,567.82,4.13,72,1.297,0.172
15,40,4,30,FALSE,TRUE,0.25,1.25,1,0.5,6,5,3,6,2,1,2,1028.09,4.13,66,3,0.536
15,40,4,30,FALSE,TRUE,0.25,1.25,1.25,0.5,6,4,3,5,2,1,2,1000.96,4.13,63,3,0.521
15,20,5,20,TRUE,TRUE,0.25,1.5,1.5,0.5,6,4,3,6,2,1,2,514.1,4.13,57,1.297,0.082
15,20,5,20,FALSE,TRUE,0.25,1,1.25,0.5,6,5,3,6,2,1,2,1037.7,4.13,64,3,0.525
15,20,5,20,FALSE,TRUE,0.25,1,1.5,0.5,6,5,3,6,2,1,2,1037.7,4.13,64,3,0.525
15,20,5,20,FALSE,TRUE,0.25,1.5,1,0.5,6,4,3,5,2,1,2,976.39,4.13,57,3,0.486
15,20,5,20,FALSE,TRUE,0.25,1.5,1.25,0.5,6,6,3,5,2,1,2,979.94,4.13,58,3,0.496
15,20,5,30,TRUE,TRUE,0.25,1.25,1,0.5,6,5,3,7,2,1,2,533.09,4.13,64,1.297,0.113
15,20,5,30,TRUE,TRUE,0.25,1.25,1,0.5,6,5,3,8,2,1,2,533.09,4.13,64,1.297,0.113
15,20,5,30,TRUE,TRUE,0.25,1.25,1.5,0.5,6,6,3,5,2,1,2,513.04,4.13,59,1.297,0.08
15,20,5,30,FALSE,TRUE,0.25,1,1.25,0.5,6,5,3,6,2,1,2,1037.7,4.13,64,3,0.525
15,20,5,30,FALSE,TRUE,0.25,1,1.5,0.5,6,5,3,6,2,1,2,1037.7,4.13,64,3,0.525
15,20,5,30,FALSE,TRUE,0.25,1.5,1,0.5,6,4,3,5,2,1,2,976.39,4.13,57,3,0.486
15,20,5,30,FALSE,TRUE,0.25,1.5,1.25,0.5,6,6,3,5,2,1,2,979.94,4.13,58,3,0.496
15,30,5,20,TRUE,TRUE,0.25,1.25,1.5,0.5,6,7,3,6,2,1,2,571.53,4.13,65,1.297,0.169
15,30,5,20,FALSE,TRUE,0.25,1,1.25,0.5,6,5,3,6,2,1,2,1037.7,4.13,64,3,0.525
15,30,5,20,FALSE,TRUE,0.25,1,1.5,0.5,6,5,3,6,2,1,2,1037.7,4.13,64,3,0.525
15,30,5,20,FALSE,TRUE,0.25,1.5,1,0.5,6,4,3,5,2,1,2,976.39,4.13,57,3,0.486
15,30,5,20,FALSE,TRUE,0.25,1.5,1.25,0.5,6,6,3,5,2,1,2,979.94,4.13,58,3,0.496
15,30,5,30,TRUE,TRUE,0.25,1.25,1.5,0.5,6,5,3,7,2,1,2,549.51,4.13,62,1.297,0.137
15,30,5,30,TRUE,TRUE,0.25,1.25,1.5,0.5,6,5,3,8,2,1,2,549.51,4.13,62,1.297,0.137
15,30,5,30,TRUE,TRUE,0.25,1.5,1.25,0.5,6,5,3,6,2,1,2,543.25,4.13,59,1.297,0.126
15,30,5,30,FALSE,TRUE,0.25,1,1.25,0.5,6,5,3,6,2,1,2,1037.7,4.13,64,3,0.525
15,30,5,30,FALSE,TRUE,0.25,1,1.5,0.5,6,5,3,6,2,1,2,1037.7,4.13,64,3,0.525
15,30,5,30,FALSE,TRUE,0.25,1.5,1,0.5,6,4,3,5,2,1,2,976.39,4.13,57,3,0.486
15,30,5,30,FALSE,TRUE,0.25,1.5,1.25,0.5,6,6,3,5,2,1,2,979.94,4.13,58,3,0.496
15,40,5,20,TRUE,TRUE,0.25,1,1,0.5,6,4,3,7,2,1,2,565.77,4.13,64,1.297,0.155
15,40,5,20,TRUE,TRUE,0.25,1,1,0.5,6,4,3,8,2,1,2,565.77,4.13,64,1.297,0.155
15,40,5,20,TRUE,TRUE,0.25,1,1.25,0.5,6,4,3,7,2,1,2,565.77,4.13,64,1.297,0.155
15,40,5,20,TRUE,TRUE,0.25,1,1.25,0.5,6,4,3,8,2,1,2,565.77,4.13,64,1.297,0.155
15,40,5,20,TRUE,TRUE,0.25,1,1.5,0.5,6,4,3,7,2,1,2,565.77,4.13,64,1.297,0.155
15,40,5,20,TRUE,TRUE,0.25,1,1.5,0.5,6,4,3,8,2,1,2,565.77,4.13,64,1.297,0.155
15,40,5,20,TRUE,TRUE,0.25,1.25,1.25,0.5,6,5,3,6,2,1,2,544.65,4.13,61,1.297,0.128
15,40,5,30,TRUE,TRUE,0.25,1.25,1,0.5,6,6,3,7,2,1,2,557.08,4.13,64,1.297,0.146
15,40,5,30,TRUE,TRUE,0.25,1.25,1,0.5,6,6,3,8,2,1,2,557.08,4.13,64,1.297,0.146
15,20,6,20,TRUE,TRUE,0.25,1.25,1,0.5,6,4,3,6,2,1,2,444.96,4.13,45,1.297,-0.052
15,20,6,20,FALSE,TRUE,0.25,1,1,0.5,6,7,3,7,2,1,2,802.54,4.13,51,3,0.399
15,20,6,20,FALSE,TRUE,0.25,1,1,0.5,6,7,3,8,2,1,2,802.54,4.13,51,3,0.399
15,20,6,20,FALSE,TRUE,0.25,1,1.25,0.5,6,7,3,7,2,1,2,802.54,4.13,51,3,0.399
15,20,6,20,FALSE,TRUE,0.25,1,1.25,0.5,6,7,3,8,2,1,2,802.54,4.13,51,3,0.399
15,20,6,20,FALSE,TRUE,0.25,1,1.5,0.5,6,7,3,7,2,1,2,802.54,4.13,51,3,0.399
15,20,6,20,FALSE,TRUE,0.25,1,1.5,0.5,6,7,3,8,2,1,2,802.54,4.13,51,3,0.399
15,20,6,20,FALSE,TRUE,0.25,1.5,1.25,0.5,6,4,3,7,2,1,2,750.29,4.13,44,3,0.348
15,20,6,20,FALSE,TRUE,0.25,1.5,1.25,0.5,6,4,3,8,2,1,2,750.29,4.13,44,3,0.348
15,20,6,30,FALSE,TRUE,0.25,1,1,0.5,6,7,3,7,2,1,2,802.54,4.13,51,3,0.399
15,20,6,30,FALSE,TRUE,0.25,1,1,0.5,6,7,3,8,2,1,2,802.54,4.13,51,3,0.399
15,20,6,30,FALSE,TRUE,0.25,1,1.25,0.5,6,7,3,7,2,1,2,802.54,4.13,51,3,0.399
15,20,6,30,FALSE,TRUE,0.25,1,1.25,0.5,6,7,3,8,2,1,2,802.54,4.13,51,3,0.399
15,20,6,30,FALSE,TRUE,0.25,1,1.5,0.5,6,7,3,7,2,1,2,802.54,4.13,51,3,0.399
15,20,6,30,FALSE,TRUE,0.25,1,1.5,0.5,6,7,3,8,2,1,2,802.54,4.13,51,3,0.399
15,20,6,30,FALSE,TRUE,0.25,1.5,1.25,0.5,6,4,3,7,2,1,2,750.29,4.13,44,3,0.348
15,20,6,30,FALSE,TRUE,0.25,1.5,1.25,0.5,6,4,3,8,2,1,2,750.29,4.13,44,3,0.348
15,30,6,20,TRUE,TRUE,0.25,1.25,1,0.5,6,4,3,7,2,1,2,455.89,4.13,47,1.297,-0.029
15,30,6,20,TRUE,TRUE,0.25,1.25,1,0.5,6,4,3,8,2,1,2,455.89,4.13,47,1.297,-0.029
15,30,6,20,TRUE,TRUE,0.25,1.25,1.25,0.5,6,4,3,7,2,1,2,455.53,4.13,47,1.297,-0.03
15,30,6,20,TRUE,TRUE,0.25,1.25,1.25,0.5,6,4,3,8,2,1,2,455.53,4.13,47,1.297,-0.03
15,30,6,20,TRUE,TRUE,0.25,1.25,1.5,0.5,6,4,3,7,2,1,2,455.53,4.13,47,1.297,-0.03
15,30,6,20,TRUE,TRUE,0.25,1.25,1.5,0.5,6,4,3,8,2,1,2,455.53,4.13,47,1.297,-0.03
15,30,6,20,TRUE,TRUE,0.25,1.5,1,0.5,6,4,3,6,2,1,2,448.21,4.13,44,1.297,-0.044
15,30,6,20,FALSE,TRUE,0.25,1,1,0.5,6,7,3,7,2,1,2,802.54,4.13,51,3,0.399
15,30,6,20,FALSE,TRUE,0.25,1,1,0.5,6,7,3,8,2,1,2,802.54,4.13,51,3,0.399
15,30,6,20,FALSE,TRUE,0.25,1,1.25,0.5,6,7,3,7,2,1,2,802.54,4.13,51,3,0.399
15,30,6,20,FALSE,TRUE,0.25,1,1.25,0.5,6,7,3,8,2,1,2,802.54,4.13,51,3,0.399
15,30,6,20,FALSE,TRUE,0.25,1,1.5,0.5,6,7,3,7,2,1,2,802.54,4.13,51,3,0.399
15,30,6,20,FALSE,TRUE,0.25,1,1.5,0.5,6,7,3,8,2,1,2,802.54,4.13,51,3,0.399
15,30,6,20,FALSE,TRUE,0.25,1.5,1.25,0.5,6,4,3,7,2,1,2,750.29,4.13,44,3,0.348
15,30,6,20,FALSE,TRUE,0.25,1.5,1.25,0.5,6,4,3,8,2,1,2,750.29,4.13,44,3,0.348
15,30,6,30,FALSE,TRUE,0.25,1,1,0.5,6,7,3,7,2,1,2,802.54,4.13,51,3,0.399
15,30,6,30,FALSE,TRUE,0.25,1,1,0.5,6,7,3,8,2,1,2,802.54,4.13,51,3,0.399
15,30,6,30,FALSE,TRUE,0.25,1,1.25,0.5,6,7,3,7,2,1,2,802.54,4.13,51,3,0.399
15,30,6,30,FALSE,TRUE,0.25,1,1.25,0.5,6,7,3,8,2,1,2,802.54,4.13,51,3,0.399
15,30,6,30,FALSE,TRUE,0.25,1,1.5,0.5,6,7,3,7,2,1,2,802.54,4.13,51,3,0.399
15,30,6,30,FALSE,TRUE,0.25,1,1.5,0.5,6,7,3,8,2,1,2,802.54,4.13,51,3,0.399
15,30,6,30,FALSE,TRUE,0.25,1.5,1.25,0.5,6,4,3,7,2,1,2,750.29,4.13,44,3,0.348
15,30,6,30,FALSE,TRUE,0.25,1.5,1.25,0.5,6,4,3,8,2,1,2,750.29,4.13,44,3,0.348
15,40,6,20,FALSE,TRUE,0.25,1,1,0.5,6,7,3,7,2,1,2,802.54,4.13,51,3,0.399
15,40,6,20,FALSE,TRUE,0.25,1,1,0.5,6,7,3,8,2,1,2,802.54,4.13,51,3,0.399
15,40,6,20,FALSE,TRUE,0.25,1,1.25,0.5,6,7,3,7,2,1,2,802.54,4.13,51,3,0.399
15,40,6,20,FALSE,TRUE,0.25,1,1.25,0.5,6,7,3,8,2,1,2,802.54,4.13,51,3,0.399
15,40,6,20,FALSE,TRUE,0.25,1,1.5,0.5,6,7,3,7,2,1,2,802.54,4.13,51,3,0.399
15,40,6,20,FALSE,TRUE,0.25,1,1.5,0.5,6,7,3,8,2,1,2,802.54,4.13,51,3,0.399
15,40,6,20,FALSE,TRUE,0.25,1.5,1.25,0.5,6,4,3,7,2,1,2,750.29,4.13,44,3,0.348
15,40,6,20,FALSE,TRUE,0.25,1.5,1.25,0.5,6,4,3,8,2,1,2,750.29,4.13,44,3,0.348
15,40,6,30,TRUE,TRUE,0.25,1,1,0.5,6,4,3,6,2,1,2,467.1,4.13,46,1.297,-0.01
15,40,6,30,FALSE,TRUE,0.25,1,1,0.5,6,7,3,7,2,1,2,802.54,4.13,51,3,0.399
15,40,6,30,FALSE,TRUE,0.25,1,1,0.5,6,7,3,8,2,1,2,802.54,4.13,51,3,0.399
15,40,6,30,FALSE,TRUE,0.25,1,1.25,0.5,6,7,3,7,2,1,2,802.54,4.13,51,3,0.399
15,40,6,30,FALSE,TRUE,0.25,1,1.25,0.5,6,7,3,8,2,1,2,802.54,4.13,51,3,0.399
15,40,6,30,FALSE,TRUE,0.25,1,1.5,0.5,6,7,3,7,2,1,2,802.54,4.13,51,3,0.399
15,40,6,30,FALSE,TRUE,0.25,1,1.5,0.5,6,7,3,8,2,1,2,802.54,4.13,51,3,0.399
15,40,6,30,FALSE,TRUE,0.25,1.5,1.25,0.5,6,4,3,7,2,1,2,750.29,4.13,44,3,0.348
15,40,6,30,FALSE,TRUE,0.25,1.5,1.25,0.5,6,4,3,8,2,1,2,750.29,4.13,44,3,0.348
10,20,4,20,TRUE,TRUE,0.25,1,1.25,0.5,6,7,3,7,2,1,2,577.48,4.12,76,1.497,0.194
10,20,4,20,TRUE,TRUE,0.25,1,1.25,0.5,6,7,3,8,2,1,2,577.48,4.12,76,1.497,0.194
10,20,4,20,TRUE,TRUE,0.25,1,1.5,0.5,6,7,3,7,2,1,2,577.48,4.12,76,1.497,0.194
10,20,4,20,TRUE,TRUE,0.25,1,1.5,0.5,6,7,3,8,2,1,2,577.48,4.12,76,1.497,0.194
10,20,4,20,TRUE,TRUE,0.25,1.5,1,0.5,6,4,3,6,2,1,2,516.03,4.12,65,1.497,0.097
10,20,4,30,TRUE,TRUE,0.25,1.5,1.25,0.5,6,5,3,7,2,1,2,543.92,4.12,68,1.497,0.145
10,20,4,30,TRUE,TRUE,0.25,1.5,1.25,0.5,6,5,3,8,2,1,2,543.92,4.12,68,1.497,0.145
10,20,4,30,TRUE,TRUE,0.25,1.5,1.25,0.5,6,6,3,7,2,1,2,543.92,4.12,68,1.497,0.145
10,20,4,30,TRUE,TRUE,0.25,1.5,1.25,0.5,6,6,3,8,2,1,2,543.92,4.12,68,1.497,0.145
10,30,4,20,TRUE,TRUE,0.25,1,1,0.5,6,4,3,7,2,1,2,591.45,4.12,73,1.497,0.21
10,30,4,20,TRUE,TRUE,0.25,1,1,0.5,6,4,3,8,2,1,2,591.45,4.12,73,1.497,0.21
10,30,4,30,TRUE,TRUE,0.25,1,1.25,0.5,6,7,3,6,2,1,2,560.6,4.12,71,1.497,0.16
10,30,4,30,TRUE,TRUE,0.25,1,1.5,0.5,6,7,3,6,2,1,2,560.6,4.12,71,1.497,0.16
10,30,4,30,TRUE,TRUE,0.25,1.25,1.5,0.5,6,6,3,6,2,1,2,532.71,4.12,65,1.497,0.121
10,30,4,30,TRUE,TRUE,0.25,1.5,1.25,0.5,6,6,3,6,2,1,2,530.28,4.12,65,1.497,0.117
10,40,4,20,FALSE,TRUE,0.25,1,1,0.5,6,4,3,6,2,1,2,1059.07,4.12,69,3,0.556
10,40,4,20,FALSE,TRUE,0.25,1,1,0.5,6,7,3,7,2,1,2,1134.7,4.12,75,3,0.604
10,40,4,20,FALSE,TRUE,0.25,1,1,0.5,6,7,3,8,2,1,2,1134.7,4.12,75,3,0.604
10,40,4,20,FALSE,TRUE,0.25,1,1.25,0.5,6,7,3,7,2,1,2,1133.07,4.12,75,3,0.602
10,40,4,20,FALSE,TRUE,0.25,1,1.25,0.5,6,7,3,8,2,1,2,1133.07,4.12,75,3,0.602
10,40,4,20,FALSE,TRUE,0.25,1,1.5,0.5,6,7,3,7,2,1,2,1133.07,4.12,75,3,0.602
10,40,4,20,FALSE,TRUE,0.25,1,1.5,0.5,6,7,3,8,2,1,2,1133.07,4.12,75,3,0.602
10,40,4,20,FALSE,TRUE,0.25,1.25,1.25,0.5,6,5,3,7,2,1,2,1075.74,4.12,69,3,0.575
10,40,4,20,FALSE,TRUE,0.25,1.25,1.25,0.5,6,5,3,8,2,1,2,1075.74,4.12,69,3,0.575
10,40,4,30,FALSE,TRUE,0.25,1.25,1.5,0.5,6,4,3,6,2,1,2,994.76,4.12,62,3,0.522
10,20,5,20,TRUE,TRUE,0.25,1.25,1,0.5,6,4,3,7,2,1,2,554.66,4.12,65,1.497,0.15
10,20,5,20,TRUE,TRUE,0.25,1.25,1,0.5,6,4,3,8,2,1,2,554.66,4.12,65,1.497,0.15
10,20,5,20,TRUE,TRUE,0.25,1.25,1.5,0.5,6,4,3,6,2,1,2,517.02,4.12,60,1.497,0.088
10,20,5,20,FALSE,TRUE,0.25,1.25,1.5,0.5,6,4,3,7,2,1,2,1053.99,4.12,63,3,0.547
10,20,5,20,FALSE,TRUE,0.25,1.25,1.5,0.5,6,4,3,8,2,1,2,1053.99,4.12,63,3,0.547
10,20,5,20,FALSE,TRUE,0.25,1.5,1.25,0.5,6,6,3,6,2,1,2,988.52,4.12,60,3,0.508
10,20,5,30,TRUE,TRUE,0.25,1.25,1.5,0.5,6,5,3,6,2,1,2,521.69,4.12,61,1.497,0.098
10,20,5,30,FALSE,TRUE,0.25,1.25,1.5,0.5,6,4,3,7,2,1,2,1053.99,4.12,63,3,0.547
10,20,5,30,FALSE,TRUE,0.25,1.25,1.5,0.5,6,4,3,8,2,1,2,1053.99,4.12,63,3,0.547
10,20,5,30,FALSE,TRUE,0.25,1.5,1.25,0.5,6,6,3,6,2,1,2,988.52,4.12,60,3,0.508
10,30,5,20,TRUE,TRUE,0.25,1.25,1.25,0.5,6,4,3,7,2,1,2,573.02,4.12,64,1.497,0.175
10,30,5,20,TRUE,TRUE,0.25,1.25,1.25,0.5,6,4,3,8,2,1,2,573.02,4.12,64,1.497,0.175
10,30,5,20,TRUE,TRUE,0.25,1.25,1.5,0.5,6,6,3,6,2,1,2,543.32,4.12,62,1.497,0.128
10,30,5,20,FALSE,TRUE,0.25,1.25,1.5,0.5,6,4,3,7,2,1,2,1053.99,4.12,63,3,0.547
10,30,5,20,FALSE,TRUE,0.25,1.25,1.5,0.5,6,4,3,8,2,1,2,1053.99,4.12,63,3,0.547
10,30,5,20,FALSE,TRUE,0.25,1.5,1.25,0.5,6,6,3,6,2,1,2,988.52,4.12,60,3,0.508
10,30,5,30,FALSE,TRUE,0.25,1.25,1.5,0.5,6,4,3,7,2,1,2,1053.99,4.12,63,3,0.547
10,30,5,30,FALSE,TRUE,0.25,1.25,1.5,0.5,6,4,3,8,2,1,2,1053.99,4.12,63,3,0.547
10,30,5,30,FALSE,TRUE,0.25,1.5,1.25,0.5,6,6,3,6,2,1,2,988.52,4.12,60,3,0.508
10,40,5,20,TRUE,TRUE,0.25,1.25,1.5,0.5,6,7,3,6,2,1,2,568.56,4.12,65,1.497,0.166
10,40,5,20,FALSE,TRUE,0.25,1,1,0.5,6,4,3,7,2,1,2,1093.79,4.12,65,3,0.561
10,40,5,20,FALSE,TRUE,0.25,1,1,0.5,6,4,3,8,2,1,2,1093.79,4.12,65,3,0.561
10,40,5,20,FALSE,TRUE,0.25,1,1.25,0.5,6,4,3,7,2,1,2,1092.17,4.12,65,3,0.56
10,40,5,20,FALSE,TRUE,0.25,1,1.25,0.5,6,4,3,8,2,1,2,1092.17,4.12,65,3,0.56
10,40,5,20,FALSE,TRUE,0.25,1,1.5,0.5,6,4,3,7,2,1,2,1092.17,4.12,65,3,0.56
10,40,5,20,FALSE,TRUE,0.25,1,1.5,0.5,6,4,3,8,2,1,2,1092.17,4.12,65,3,0.56
10,40,5,30,FALSE,TRUE,0.25,1,1,0.5,6,4,3,7,2,1,2,1093.79,4.12,65,3,0.561
10,40,5,30,FALSE,TRUE,0.25,1,1,0.5,6,4,3,8,2,1,2,1093.79,4.12,65,3,0.561
10,40,5,30,FALSE,TRUE,0.25,1,1.25,0.5,6,4,3,7,2,1,2,1092.17,4.12,65,3,0.56
10,40,5,30,FALSE,TRUE,0.25,1,1.25,0.5,6,4,3,8,2,1,2,1092.17,4.12,65,3,0.56
10,40,5,30,FALSE,TRUE,0.25,1,1.5,0.5,6,4,3,7,2,1,2,1092.17,4.12,65,3,0.56
10,40,5,30,FALSE,TRUE,0.25,1,1.5,0.5,6,4,3,8,2,1,2,1092.17,4.12,65,3,0.56
10,20,6,20,FALSE,TRUE,0.25,1.5,1.25,0.5,6,7,3,5,2,1,2,835.53,4.12,52,3,0.405
10,20,6,30,TRUE,TRUE,0.25,1.5,1.5,0.5,6,4,3,7,2,1,2,481.59,4.12,50,1.497,0.029
10,20,6,30,TRUE,TRUE,0.25,1.5,1.5,0.5,6,4,3,8,2,1,2,481.59,4.12,50,1.497,0.029
10,20,6,30,FALSE,TRUE,0.25,1.5,1.25,0.5,6,7,3,5,2,1,2,835.53,4.12,52,3,0.405
10,30,6,20,TRUE,TRUE,0.25,1,1.25,0.5,6,5,3,5,2,1,2,466.9,4.12,49,1.497,-0.012
10,30,6,20,TRUE,TRUE,0.25,1,1.5,0.5,6,5,3,5,2,1,2,466.9,4.12,49,1.497,-0.012
10,30,6,20,FALSE,TRUE,0.25,1.5,1.25,0.5,6,7,3,5,2,1,2,835.53,4.12,52,3,0.405
10,30,6,30,TRUE,TRUE,0.25,1.5,1,0.5,6,5,3,7,2,1,2,493.19,4.12,52,1.497,0.049
10,30,6,30,TRUE,TRUE,0.25,1.5,1,0.5,6,5,3,8,2,1,2,493.19,4.12,52,1.497,0.049
10,30,6,30,TRUE,TRUE,0.25,1.5,1.5,0.5,6,5,3,7,2,1,2,487.68,4.12,51,1.497,0.041
10,30,6,30,TRUE,TRUE,0.25,1.5,1.5,0.5,6,5,3,8,2,1,2,487.68,4.12,51,1.497,0.041
10,30,6,30,FALSE,TRUE,0.25,1.5,1.25,0.5,6,7,3,5,2,1,2,835.53,4.12,52,3,0.405
10,40,6,20,TRUE,TRUE,0.25,1.5,1.5,0.5,6,5,3,6,2,1,2,448.53,4.12,47,1.497,-0.043
10,40,6,20,FALSE,TRUE,0.25,1.5,1.25,0.5,6,7,3,5,2,1,2,834.44,4.12,52,3,0.404
10,40,6,30,FALSE,TRUE,0.25,1.5,1.25,0.5,6,7,3,5,2,1,2,834.44,4.12,52,3,0.404
15,20,4,20,TRUE,TRUE,0.25,1.25,1,0.5,6,7,3,6,2,1,2,557.66,4.12,73,1.297,0.162
15,20,4,20,FALSE,TRUE,0.25,1.25,1,0.5,6,5,3,6,2,1,2,1039.78,4.12,69,3,0.544
15,20,4,20,FALSE,TRUE,0.25,1.25,1.25,0.5,6,4,3,5,2,1,2,1012.66,4.12,66,3,0.529
15,20,4,30,TRUE,TRUE,0.25,1.25,1.25,0.5,6,4,3,5,2,1,2,513.6,4.12,64,1.297,0.09
15,20,4,30,TRUE,TRUE,0.25,1.5,1.5,0.5,6,4,3,5,2,1,2,510.22,4.12,62,1.297,0.085
15,20,4,30,FALSE,TRUE,0.25,1.25,1.25,0.5,6,5,3,5,2,1,2,1003.87,4.12,65,3,0.527
15,30,4,20,TRUE,TRUE,0.25,1,1,0.5,6,6,3,7,2,1,2,567.88,4.12,73,1.297,0.174
15,30,4,20,TRUE,TRUE,0.25,1,1,0.5,6,6,3,8,2,1,2,567.88,4.12,73,1.297,0.174
15,30,4,20,TRUE,TRUE,0.25,1,1.25,0.5,6,6,3,7,2,1,2,567.88,4.12,73,1.297,0.174
15,30,4,20,TRUE,TRUE,0.25,1,1.25,0.5,6,6,3,8,2,1,2,567.88,4.12,73,1.297,0.174
15,30,4,20,TRUE,TRUE,0.25,1,1.5,0.5,6,6,3,7,2,1,2,567.88,4.12,73,1.297,0.174
15,30,4,20,TRUE,TRUE,0.25,1,1.5,0.5,6,6,3,8,2,1,2,567.88,4.12,73,1.297,0.174
15,30,4,20,TRUE,TRUE,0.25,1.5,1,0.5,6,5,3,7,2,1,2,547.36,4.12,68,1.297,0.145
15,30,4,20,TRUE,TRUE,0.25,1.5,1,0.5,6,5,3,8,2,1,2,547.36,4.12,68,1.297,0.145
15,30,4,20,TRUE,TRUE,0.25,1.5,1.25,0.5,6,7,3,7,2,1,2,613.15,4.12,73,1.297,0.227
15,30,4,20,TRUE,TRUE,0.25,1.5,1.25,0.5,6,7,3,8,2,1,2,613.15,4.12,73,1.297,0.227
15,30,4,20,FALSE,TRUE,0.25,1.25,1,0.5,6,5,3,6,2,1,2,1039.78,4.12,69,3,0.544
15,30,4,20,FALSE,TRUE,0.25,1.25,1.25,0.5,6,4,3,5,2,1,2,1012.66,4.12,66,3,0.529
15,30,4,30,TRUE,TRUE,0.25,1,1,0.5,6,6,3,6,2,1,2,561.89,4.12,70,1.297,0.163
15,30,4,30,TRUE,TRUE,0.25,1,1.25,0.5,6,6,3,6,2,1,2,561.89,4.12,70,1.297,0.163
15,30,4,30,TRUE,TRUE,0.25,1,1.5,0.5,6,6,3,6,2,1,2,561.89,4.12,70,1.297,0.163
15,30,4,30,FALSE,TRUE,0.25,1.25,1.25,0.5,6,5,3,5,2,1,2,1003.87,4.12,65,3,0.527
15,40,4,20,TRUE,TRUE,0.25,1.25,1.5,0.5,6,5,3,6,2,1,2,540.89,4.12,66,1.297,0.134
15,40,4,20,TRUE,TRUE,0.25,1.5,1,0.5,6,6,3,6,2,1,2,544.3,4.12,67,1.297,0.139
15,40,4,20,FALSE,TRUE,0.25,1.25,1,0.5,6,7,3,7,2,1,2,1106.51,4.12,73,3,0.573
15,40,4,20,FALSE,TRUE,0.25,1.25,1,0.5,6,7,3,8,2,1,2,1106.51,4.12,73,3,0.573
15,40,4,20,FALSE,TRUE,0.25,1.5,1.25,0.5,6,4,3,5,2,1,2,1007.42,4.12,64,3,0.523
15,40,4,20,FALSE,TRUE,0.25,1.5,1.5,0.5,6,6,3,5,2,1,2,1009.38,4.12,65,3,0.533
15,40,4,30,FALSE,TRUE,0.25,1,1,0.5,6,4,3,5,2,1,2,1050.96,4.12,67,3,0.546
15,40,4,30,FALSE,TRUE,0.25,1,1.25,0.5,6,4,3,5,2,1,2,1050.96,4.12,67,3,0.546
15,40,4,30,FALSE,TRUE,0.25,1,1.5,0.5,6,4,3,5,2,1,2,1050.96,4.12,67,3,0.546
15,40,4,30,FALSE,TRUE,0.25,1.5,1.25,0.5,6,5,3,5,2,1,2,1000.52,4.12,63,3,0.522
15,20,5,20,TRUE,TRUE,0.25,1,1,0.5,6,6,3,6,2,1,2,540.05,4.12,64,1.297,0.123
15,20,5,20,TRUE,TRUE,0.25,1.5,1.25,0.5,6,5,3,7,2,1,2,520.21,4.12,60,1.297,0.095
15,20,5,20,TRUE,TRUE,0.25,1.5,1.25,0.5,6,5,3,8,2,1,2,520.21,4.12,60,1.297,0.095
15,20,5,30,TRUE,TRUE,0.25,1,1.25,0.5,6,5,3,6,2,1,2,543.57,4.12,64,1.297,0.128
15,20,5,30,TRUE,TRUE,0.25,1,1.5,0.5,6,5,3,6,2,1,2,543.57,4.12,64,1.297,0.128
15,20,5,30,TRUE,TRUE,0.25,1.5,1,0.5,6,4,3,5,2,1,2,512.01,4.12,57,1.297,0.076
15,30,5,20,TRUE,TRUE,0.25,1.25,1.5,0.5,6,4,3,7,2,1,2,544.52,4.12,61,1.297,0.127
15,30,5,20,TRUE,TRUE,0.25,1.25,1.5,0.5,6,4,3,8,2,1,2,544.52,4.12,61,1.297,0.127
15,30,5,30,TRUE,TRUE,0.25,1.5,1.5,0.5,6,6,3,7,2,1,2,544.32,4.12,60,1.297,0.131
15,30,5,30,TRUE,TRUE,0.25,1.5,1.5,0.5,6,6,3,8,2,1,2,544.32,4.12,60,1.297,0.131
15,40,5,20,TRUE,TRUE,0.25,1.25,1.5,0.5,6,6,3,7,2,1,2,547.3,4.12,62,1.297,0.134
15,40,5,20,TRUE,TRUE,0.25,1.25,1.5,0.5,6,6,3,8,2,1,2,547.3,4.12,62,1.297,0.134
15,40,5,20,TRUE,TRUE,0.25,1.5,1,0.5,6,4,3,7,2,1,2,541.48,4.12,59,1.297,0.12
15,40,5,20,TRUE,TRUE,0.25,1.5,1,0.5,6,4,3,8,2,1,2,541.48,4.12,59,1.297,0.12
15,40,5,20,FALSE,TRUE,0.25,1,1,0.5,6,6,3,7,2,1,2,1046.45,4.12,65,3,0.537
15,40,5,20,FALSE,TRUE,0.25,1,1,0.5,6,6,3,8,2,1,2,1046.45,4.12,65,3,0.537
15,40,5,20,FALSE,TRUE,0.25,1,1.25,0.5,6,6,3,7,2,1,2,1046.45,4.12,65,3,0.537
15,40,5,20,FALSE,TRUE,0.25,1,1.25,0.5,6,6,3,8,2,1,2,1046.45,4.12,65,3,0.537
15,40,5,20,FALSE,TRUE,0.25,1,1.5,0.5,6,6,3,7,2,1,2,1046.45,4.12,65,3,0.537
15,40,5,20,FALSE,TRUE,0.25,1,1.5,0.5,6,6,3,8,2,1,2,1046.45,4.12,65,3,0.537
15,40,5,20,FALSE,TRUE,0.25,1.5,1.25,0.5,6,4,3,7,2,1,2,988,4.12,58,3,0.498
15,40,5,20,FALSE,TRUE,0.25,1.5,1.25,0.5,6,4,3,8,2,1,2,988,4.12,58,3,0.498
15,40,5,20,FALSE,TRUE,0.25,1.5,1.5,0.5,6,6,3,7,2,1,2,989.97,4.12,59,3,0.508
15,40,5,20,FALSE,TRUE,0.25,1.5,1.5,0.5,6,6,3,8,2,1,2,989.97,4.12,59,3,0.508
15,40,5,30,FALSE,TRUE,0.25,1,1,0.5,6,6,3,7,2,1,2,1046.45,4.12,65,3,0.537
15,40,5,30,FALSE,TRUE,0.25,1,1,0.5,6,6,3,8,2,1,2,1046.45,4.12,65,3,0.537
15,40,5,30,FALSE,TRUE,0.25,1,1.25,0.5,6,6,3,7,2,1,2,1046.45,4.12,65,3,0.537
15,40,5,30,FALSE,TRUE,0.25,1,1.25,0.5,6,6,3,8,2,1,2,1046.45,4.12,65,3,0.537
15,40,5,30,FALSE,TRUE,0.25,1,1.5,0.5,6,6,3,7,2,1,2,1046.45,4.12,65,3,0.537
15,40,5,30,FALSE,TRUE,0.25,1,1.5,0.5,6,6,3,8,2,1,2,1046.45,4.12,65,3,0.537
15,40,5,30,FALSE,TRUE,0.25,1.5,1.25,0.5,6,4,3,7,2,1,2,988,4.12,58,3,0.498
15,40,5,30,FALSE,TRUE,0.25,1.5,1.25,0.5,6,4,3,8,2,1,2,988,4.12,58,3,0.498
15,40,5,30,FALSE,TRUE,0.25,1.5,1.5,0.5,6,6,3,7,2,1,2,989.97,4.12,59,3,0.508
15,40,5,30,FALSE,TRUE,0.25,1.5,1.5,0.5,6,6,3,8,2,1,2,989.97,4.12,59,3,0.508
15,20,6,20,TRUE,TRUE,0.25,1.25,1.25,0.5,6,6,3,7,2,1,2,454.5,4.12,49,1.297,-0.028
15,20,6,20,TRUE,TRUE,0.25,1.25,1.25,0.5,6,6,3,8,2,1,2,454.5,4.12,49,1.297,-0.028
15,20,6,20,TRUE,TRUE,0.25,1.25,1.5,0.5,6,6,3,7,2,1,2,454.5,4.12,49,1.297,-0.028
15,20,6,20,TRUE,TRUE,0.25,1.25,1.5,0.5,6,6,3,8,2,1,2,454.5,4.12,49,1.297,-0.028
15,20,6,20,FALSE,TRUE,0.25,1.25,1.25,0.5,6,7,3,5,2,1,2,751.21,4.12,47,3,0.349
15,20,6,20,FALSE,TRUE,0.25,1.25,1.5,0.5,6,7,3,5,2,1,2,751.21,4.12,47,3,0.349
15,20,6,20,FALSE,TRUE,0.25,1.5,1.5,0.5,6,4,3,7,2,1,2,747.71,4.12,44,3,0.348
15,20,6,20,FALSE,TRUE,0.25,1.5,1.5,0.5,6,4,3,8,2,1,2,747.71,4.12,44,3,0.348
15,20,6,30,FALSE,TRUE,0.25,1.25,1.25,0.5,6,7,3,5,2,1,2,751.21,4.12,47,3,0.349
15,20,6,30,FALSE,TRUE,0.25,1.25,1.5,0.5,6,7,3,5,2,1,2,751.21,4.12,47,3,0.349
15,20,6,30,FALSE,TRUE,0.25,1.5,1.5,0.5,6,4,3,7,2,1,2,747.71,4.12,44,3,0.348
15,20,6,30,FALSE,TRUE,0.25,1.5,1.5,0.5,6,4,3,8,2,1,2,747.71,4.12,44,3,0.348
15,30,6,20,FALSE,TRUE,0.25,1.25,1.25,0.5,6,7,3,5,2,1,2,751.21,4.12,47,3,0.349
15,30,6,20,FALSE,TRUE,0.25,1.25,1.5,0.5,6,7,3,5,2,1,2,751.21,4.12,47,3,0.349
15,30,6,20,FALSE,TRUE,0.25,1.5,1.5,0.5,6,4,3,7,2,1,2,747.71,4.12,44,3,0.348
15,30,6,20,FALSE,TRUE,0.25,1.5,1.5,0.5,6,4,3,8,2,1,2,747.71,4.12,44,3,0.348
15,30,6,30,FALSE,TRUE,0.25,1.25,1.25,0.5,6,7,3,5,2,1,2,751.21,4.12,47,3,0.349
15,30,6,30,FALSE,TRUE,0.25,1.25,1.5,0.5,6,7,3,5,2,1,2,751.21,4.12,47,3,0.349
15,30,6,30,FALSE,TRUE,0.25,1.5,1.5,0.5,6,4,3,7,2,1,2,747.71,4.12,44,3,0.348
15,30,6,30,FALSE,TRUE,0.25,1.5,1.5,0.5,6,4,3,8,2,1,2,747.71,4.12,44,3,0.348
15,40,6,20,TRUE,TRUE,0.25,1.25,1,0.5,6,4,3,7,2,1,2,455.46,4.12,47,1.297,-0.03
15,40,6,20,TRUE,TRUE,0.25,1.25,1,0.5,6,4,3,8,2,1,2,455.46,4.12,47,1.297,-0.03
15,40,6,20,TRUE,TRUE,0.25,1.25,1.25,0.5,6,4,3,7,2,1,2,455.1,4.12,47,1.297,-0.03
15,40,6,20,TRUE,TRUE,0.25,1.25,1.25,0.5,6,4,3,8,2,1,2,455.1,4.12,47,1.297,-0.03
15,40,6,20,TRUE,TRUE,0.25,1.25,1.5,0.5,6,4,3,7,2,1,2,455.1,4.12,47,1.297,-0.03
15,40,6,20,TRUE,TRUE,0.25,1.25,1.5,0.5,6,4,3,8,2,1,2,455.1,4.12,47,1.297,-0.03
15,40,6,20,FALSE,TRUE,0.25,1.25,1.25,0.5,6,7,3,5,2,1,2,751.21,4.12,47,3,0.349
15,40,6,20,FALSE,TRUE,0.25,1.25,1.5,0.5,6,7,3,5,2,1,2,751.21,4.12,47,3,0.349
15,40,6,20,FALSE,TRUE,0.25,1.5,1.5,0.5,6,4,3,7,2,1,2,747.71,4.12,44,3,0.348
15,40,6,20,FALSE,TRUE,0.25,1.5,1.5,0.5,6,4,3,8,2,1,2,747.71,4.12,44,3,0.348
15,40,6,30,TRUE,TRUE,0.25,1.25,1,0.5,6,6,3,6,2,1,2,455.3,4.12,47,1.297,-0.03
15,40,6,30,TRUE,TRUE,0.25,1.25,1.25,0.5,6,5,3,6,2,1,2,457.38,4.12,47,1.297,-0.024
15,40,6,30,TRUE,TRUE,0.25,1.25,1.5,0.5,6,5,3,6,2,1,2,457.38,4.12,47,1.297,-0.024
15,40,6,30,FALSE,TRUE,0.25,1.25,1.25,0.5,6,7,3,5,2,1,2,751.21,4.12,47,3,0.349
15,40,6,30,FALSE,TRUE,0.25,1.25,1.5,0.5,6,7,3,5,2,1,2,751.21,4.12,47,3,0.349
15,40,6,30,FALSE,TRUE,0.25,1.5,1.5,0.5,6,4,3,7,2,1,2,747.71,4.12,44,3,0.348
15,40,6,30,FALSE,TRUE,0.25,1.5,1.5,0.5,6,4,3,8,2,1,2,747.71,4.12,44,3,0.348
10,20,4,20,TRUE,TRUE,0.25,1,1,0.5,6,6,3,6,2,1,2,541.72,4.11,71,1.497,0.137
10,20,4,20,TRUE,TRUE,0.25,1.25,1.5,0.5,6,4,3,7,2,1,2,547.26,4.11,68,1.497,0.149
10,20,4,20,TRUE,TRUE,0.25,1.25,1.5,0.5,6,4,3,8,2,1,2,547.26,4.11,68,1.497,0.149
10,20,4,20,TRUE,TRUE,0.25,1.25,1.5,0.5,6,5,3,6,2,1,2,517.13,4.11,66,1.497,0.099
10,20,4,20,FALSE,TRUE,0.25,1.5,1.25,0.5,6,6,3,5,2,1,2,1005.22,4.11,66,3,0.532
10,20,4,30,TRUE,TRUE,0.25,1,1,0.5,6,7,3,6,2,1,2,541.4,4.11,71,1.497,0.135
10,20,4,30,TRUE,TRUE,0.25,1.5,1,0.5,6,4,3,6,2,1,2,510.52,4.11,63,1.497,0.087
10,30,4,20,TRUE,TRUE,0.25,1,1.25,0.5,6,4,3,7,2,1,2,590.66,4.11,73,1.497,0.209
10,30,4,20,TRUE,TRUE,0.25,1,1.25,0.5,6,4,3,8,2,1,2,590.66,4.11,73,1.497,0.209
10,30,4,20,TRUE,TRUE,0.25,1,1.5,0.5,6,4,3,7,2,1,2,590.66,4.11,73,1.497,0.209
10,30,4,20,TRUE,TRUE,0.25,1,1.5,0.5,6,4,3,8,2,1,2,590.66,4.11,73,1.497,0.209
10,30,4,20,TRUE,TRUE,0.25,1.25,1,0.5,6,4,3,6,2,1,2,541.84,4.11,67,1.497,0.134
10,30,4,20,TRUE,TRUE,0.25,1.25,1,0.5,6,7,3,6,2,1,2,572.91,4.11,73,1.497,0.182
10,30,4,20,FALSE,TRUE,0.25,1.5,1.25,0.5,6,6,3,5,2,1,2,1005.22,4.11,66,3,0.532
10,30,4,30,TRUE,TRUE,0.25,1.25,1.5,0.5,6,4,3,7,2,1,2,562.39,4.11,67,1.497,0.169
10,30,4,30,TRUE,TRUE,0.25,1.25,1.5,0.5,6,4,3,8,2,1,2,562.39,4.11,67,1.497,0.169
10,30,4,30,TRUE,TRUE,0.25,1.5,1.25,0.5,6,4,3,7,2,1,2,559.96,4.11,67,1.497,0.165
10,30,4,30,TRUE,TRUE,0.25,1.5,1.25,0.5,6,4,3,8,2,1,2,559.96,4.11,67,1.497,0.165
10,40,4,20,FALSE,TRUE,0.25,1,1.25,0.5,6,4,3,6,2,1,2,1057.44,4.11,69,3,0.555
10,40,4,20,FALSE,TRUE,0.25,1,1.5,0.5,6,4,3,6,2,1,2,1057.44,4.11,69,3,0.555
10,40,4,20,FALSE,TRUE,0.25,1.5,1.25,0.5,6,7,3,6,2,1,2,1136.21,4.11,71,3,0.583
10,40,4,30,FALSE,TRUE,0.25,1.5,1.25,0.5,6,5,3,7,2,1,2,1063.47,4.11,67,3,0.564
10,40,4,30,FALSE,TRUE,0.25,1.5,1.25,0.5,6,5,3,8,2,1,2,1063.47,4.11,67,3,0.564
10,40,4,30,FALSE,TRUE,0.25,1.5,1.25,0.5,6,6,3,7,2,1,2,1063.47,4.11,67,3,0.564
10,40,4,30,FALSE,TRUE,0.25,1.5,1.25,0.5,6,6,3,8,2,1,2,1063.47,4.11,67,3,0.564
10,20,5,30,TRUE,TRUE,0.25,1.25,1.5,0.5,6,4,3,7,2,1,2,550.97,4.11,63,1.497,0.147
10,20,5,30,TRUE,TRUE,0.25,1.25,1.5,0.5,6,4,3,8,2,1,2,550.97,4.11,63,1.497,0.147
10,30,5,20,TRUE,TRUE,0.25,1,1.25,0.5,6,4,3,6,2,1,2,560.82,4.11,64,1.497,0.149
10,30,5,20,TRUE,TRUE,0.25,1,1.5,0.5,6,4,3,6,2,1,2,560.82,4.11,64,1.497,0.149
10,30,5,30,TRUE,TRUE,0.25,1.25,1.25,0.5,6,5,3,7,2,1,2,577.76,4.11,65,1.497,0.184
10,30,5,30,TRUE,TRUE,0.25,1.25,1.25,0.5,6,5,3,8,2,1,2,577.76,4.11,65,1.497,0.184
10,40,5,20,TRUE,TRUE,0.25,1.25,1.25,0.5,6,6,3,6,2,1,2,541.01,4.11,62,1.497,0.124
10,20,6,20,TRUE,TRUE,0.25,1,1,0.5,6,7,3,5,2,1,2,475.05,4.11,54,1.497,0.005
10,20,6,20,TRUE,TRUE,0.25,1.25,1,0.5,6,6,3,5,2,1,2,449.68,4.11,49,1.497,-0.044
10,20,6,20,TRUE,TRUE,0.25,1.5,1,0.5,6,6,3,7,2,1,2,487.38,4.11,53,1.497,0.039
10,20,6,20,TRUE,TRUE,0.25,1.5,1,0.5,6,6,3,8,2,1,2,487.38,4.11,53,1.497,0.039
10,20,6,20,TRUE,TRUE,0.25,1.5,1,0.5,6,7,3,7,2,1,2,538.22,4.11,58,1.497,0.115
10,20,6,20,TRUE,TRUE,0.25,1.5,1,0.5,6,7,3,8,2,1,2,538.22,4.11,58,1.497,0.115
10,20,6,20,FALSE,TRUE,0.25,1.5,1.5,0.5,6,7,3,5,2,1,2,832.95,4.11,52,3,0.405
10,20,6,30,FALSE,TRUE,0.25,1.5,1.5,0.5,6,7,3,5,2,1,2,832.95,4.11,52,3,0.405
10,30,6,20,TRUE,TRUE,0.25,1.5,1,0.5,6,5,3,6,2,1,2,457.94,4.11,49,1.497,-0.025
10,30,6,20,FALSE,TRUE,0.25,1.5,1.5,0.5,6,7,3,5,2,1,2,832.95,4.11,52,3,0.405
10,30,6,30,FALSE,TRUE,0.25,1.5,1.5,0.5,6,7,3,5,2,1,2,832.95,4.11,52,3,0.405
10,40,6,20,FALSE,TRUE,0.25,1.5,1.5,0.5,6,7,3,5,2,1,2,831.86,4.11,52,3,0.404
10,40,6,30,TRUE,TRUE,0.25,1.5,1,0.5,6,4,3,5,2,1,2,443.96,4.11,45,1.497,-0.055
10,40,6,30,FALSE,TRUE,0.25,1.5,1.5,0.5,6,7,3,5,2,1,2,831.86,4.11,52,3,0.404
15,30,4,20,TRUE,TRUE,0.25,1.5,1.5,0.5,6,6,3,5,2,1,2,536.24,4.11,66,1.297,0.128
15,30,4,30,TRUE,TRUE,0.25,1,1,0.5,6,5,3,6,2,1,2,559.09,4.11,69,1.297,0.158
15,30,4,30,TRUE,TRUE,0.25,1,1.25,0.5,6,5,3,6,2,1,2,559.09,4.11,69,1.297,0.158
15,30,4,30,TRUE,TRUE,0.25,1,1.5,0.5,6,5,3,6,2,1,2,559.09,4.11,69,1.297,0.158
15,30,4,30,TRUE,TRUE,0.25,1.25,1.5,0.5,6,7,3,6,2,1,2,561.6,4.11,69,1.297,0.165
15,30,4,30,TRUE,TRUE,0.25,1.5,1,0.5,6,5,3,7,2,1,2,544.04,4.11,67,1.297,0.139
15,30,4,30,TRUE,TRUE,0.25,1.5,1,0.5,6,5,3,8,2,1,2,544.04,4.11,67,1.297,0.139
15,30,4,30,TRUE,TRUE,0.25,1.5,1,0.5,6,6,3,7,2,1,2,544.04,4.11,67,1.297,0.139
15,30,4,30,TRUE,TRUE,0.25,1.5,1,0.5,6,6,3,8,2,1,2,544.04,4.11,67,1.297,0.139
15,30,4,30,TRUE,TRUE,0.25,1.5,1.25,0.5,6,5,3,5,2,1,2,532.29,4.11,64,1.297,0.12
15,40,4,20,TRUE,TRUE,0.25,1,1,0.5,6,7,3,7,2,1,2,570.2,4.11,74,1.297,0.176
15,40,4,20,TRUE,TRUE,0.25,1,1,0.5,6,7,3,8,2,1,2,570.2,4.11,74,1.297,0.176
15,40,4,20,TRUE,TRUE,0.25,1,1.25,0.5,6,7,3,7,2,1,2,570.2,4.11,74,1.297,0.176
15,40,4,20,TRUE,TRUE,0.25,1,1.25,0.5,6,7,3,8,2,1,2,570.2,4.11,74,1.297,0.176
15,40,4,20,TRUE,TRUE,0.25,1,1.5,0.5,6,7,3,7,2,1,2,570.2,4.11,74,1.297,0.176
15,40,4,20,TRUE,TRUE,0.25,1,1.5,0.5,6,7,3,8,2,1,2,570.2,4.11,74,1.297,0.176
15,40,4,20,FALSE,TRUE,0.25,1.25,1,0.5,6,7,3,6,2,1,2,1100.83,4.11,72,3,0.568
15,40,4,20,FALSE,TRUE,0.25,1.5,1.5,0.5,6,7,3,6,2,1,2,1139.66,4.11,70,3,0.586
15,40,4,30,TRUE,TRUE,0.25,1,1,0.5,6,7,3,6,2,1,2,563.86,4.11,71,1.297,0.164
15,40,4,30,TRUE,TRUE,0.25,1,1.25,0.5,6,7,3,6,2,1,2,563.86,4.11,71,1.297,0.164
15,40,4,30,TRUE,TRUE,0.25,1,1.5,0.5,6,7,3,6,2,1,2,563.86,4.11,71,1.297,0.164
15,40,4,30,TRUE,TRUE,0.25,1.25,1.5,0.5,6,5,3,7,2,1,2,539.68,4.11,66,1.297,0.133
15,40,4,30,TRUE,TRUE,0.25,1.25,1.5,0.5,6,5,3,8,2,1,2,539.68,4.11,66,1.297,0.133
15,40,4,30,TRUE,TRUE,0.25,1.25,1.5,0.5,6,6,3,7,2,1,2,539.68,4.11,66,1.297,0.133
15,40,4,30,TRUE,TRUE,0.25,1.25,1.5,0.5,6,6,3,8,2,1,2,539.68,4.11,66,1.297,0.133
15,20,5,30,TRUE,TRUE,0.25,1,1,0.5,6,6,3,7,2,1,2,548.63,4.11,66,1.297,0.139
15,20,5,30,TRUE,TRUE,0.25,1,1,0.5,6,6,3,8,2,1,2,548.63,4.11,66,1.297,0.139
15,20,5,30,TRUE,TRUE,0.25,1,1.25,0.5,6,6,3,7,2,1,2,548.63,4.11,66,1.297,0.139
15,20,5,30,TRUE,TRUE,0.25,1,1.25,0.5,6,6,3,8,2,1,2,548.63,4.11,66,1.297,0.139
15,20,5,30,TRUE,TRUE,0.25,1,1.5,0.5,6,6,3,7,2,1,2,548.63,4.11,66,1.297,0.139
15,20,5,30,TRUE,TRUE,0.25,1,1.5,0.5,6,6,3,8,2,1,2,548.63,4.11,66,1.297,0.139
15,20,5,30,TRUE,TRUE,0.25,1.25,1,0.5,6,4,3,5,2,1,2,514.31,4.11,59,1.297,0.078
15,20,5,30,TRUE,TRUE,0.25,1.5,1.5,0.5,6,4,3,7,2,1,2,517.85,4.11,58,1.297,0.089
15,20,5,30,TRUE,TRUE,0.25,1.5,1.5,0.5,6,4,3,8,2,1,2,517.85,4.11,58,1.297,0.089
15,30,5,20,TRUE,TRUE,0.25,1.25,1.25,0.5,6,5,3,7,2,1,2,546.69,4.11,63,1.297,0.132
15,30,5,20,TRUE,TRUE,0.25,1.25,1.25,0.5,6,5,3,8,2,1,2,546.69,4.11,63,1.297,0.132
15,30,5,20,TRUE,TRUE,0.25,1.5,1.25,0.5,6,4,3,7,2,1,2,540.63,4.11,59,1.297,0.12
15,30,5,20,TRUE,TRUE,0.25,1.5,1.25,0.5,6,4,3,8,2,1,2,540.63,4.11,59,1.297,0.12
15,30,5,30,TRUE,TRUE,0.25,1.25,1,0.5,6,7,3,6,2,1,2,574.92,4.11,66,1.297,0.17
15,30,5,30,TRUE,TRUE,0.25,1.25,1.25,0.5,6,6,3,5,2,1,2,535.94,4.11,60,1.297,0.113
15,30,5,30,TRUE,TRUE,0.25,1.25,1.5,0.5,6,5,3,6,2,1,2,545.77,4.11,61,1.297,0.13
15,40,5,20,TRUE,TRUE,0.25,1,1.25,0.5,6,4,3,6,2,1,2,562,4.11,63,1.297,0.148
15,40,5,20,TRUE,TRUE,0.25,1,1.5,0.5,6,4,3,6,2,1,2,562,4.11,63,1.297,0.148
15,40,5,20,FALSE,TRUE,0.25,1,1.25,0.5,6,6,3,6,2,1,2,1040.76,4.11,64,3,0.53
15,40,5,20,FALSE,TRUE,0.25,1,1.5,0.5,6,6,3,6,2,1,2,1040.76,4.11,64,3,0.53
15,40,5,20,FALSE,TRUE,0.25,1.5,1.25,0.5,6,4,3,6,2,1,2,982.32,4.11,57,3,0.491
15,40,5,30,FALSE,TRUE,0.25,1,1.25,0.5,6,6,3,6,2,1,2,1040.76,4.11,64,3,0.53
15,40,5,30,FALSE,TRUE,0.25,1,1.5,0.5,6,6,3,6,2,1,2,1040.76,4.11,64,3,0.53
15,40,5,30,FALSE,TRUE,0.25,1.5,1.25,0.5,6,4,3,6,2,1,2,982.32,4.11,57,3,0.491
15,20,6,20,FALSE,TRUE,0.25,1,1,0.5,6,4,3,6,2,1,2,780.17,4.11,46,3,0.367
15,20,6,30,TRUE,TRUE,0.25,1.25,1,0.5,6,4,3,7,2,1,2,453.97,4.11,47,1.297,-0.032
15,20,6,30,TRUE,TRUE,0.25,1.25,1,0.5,6,4,3,8,2,1,2,453.97,4.11,47,1.297,-0.032
15,20,6,30,TRUE,TRUE,0.25,1.25,1.25,0.5,6,4,3,7,2,1,2,453.61,4.11,47,1.297,-0.033
15,20,6,30,TRUE,TRUE,0.25,1.25,1.25,0.5,6,4,3,8,2,1,2,453.61,4.11,47,1.297,-0.033
15,20,6,30,TRUE,TRUE,0.25,1.25,1.5,0.5,6,4,3,7,2,1,2,453.61,4.11,47,1.297,-0.033
15,20,6,30,TRUE,TRUE,0.25,1.25,1.5,0.5,6,4,3,8,2,1,2,453.61,4.11,47,1.297,-0.033
15,20,6,30,FALSE,TRUE,0.25,1,1,0.5,6,4,3,6,2,1,2,780.17,4.11,46,3,0.367
15,30,6,20,TRUE,TRUE,0.25,1.25,1.25,0.5,6,4,3,6,2,1,2,451.93,4.11,46,1.297,-0.037
15,30,6,20,TRUE,TRUE,0.25,1.25,1.5,0.5,6,4,3,6,2,1,2,451.93,4.11,46,1.297,-0.037
15,30,6,20,FALSE,TRUE,0.25,1,1,0.5,6,4,3,6,2,1,2,780.17,4.11,46,3,0.367
15,30,6,30,FALSE,TRUE,0.25,1,1,0.5,6,4,3,6,2,1,2,780.17,4.11,46,3,0.367
15,40,6,20,TRUE,TRUE,0.25,1.5,1,0.5,6,4,3,6,2,1,2,447.61,4.11,44,1.297,-0.045
15,40,6,20,FALSE,TRUE,0.25,1,1,0.5,6,4,3,6,2,1,2,780.17,4.11,46,3,0.367
15,40,6,30,FALSE,TRUE,0.25,1,1,0.5,6,4,3,6,2,1,2,780.17,4.11,46,3,0.367
10,20,4,20,TRUE,TRUE,0.25,1,1.25,0.5,6,6,3,6,2,1,2,540.92,4.1,71,1.497,0.136
10,20,4,20,TRUE,TRUE,0.25,1,1.5,0.5,6,6,3,6,2,1,2,540.92,4.1,71,1.497,0.136
10,20,4,20,TRUE,TRUE,0.25,1.5,1.5,0.5,6,4,3,6,2,1,2,510.06,4.1,64,1.497,0.086
10,20,4,20,FALSE,TRUE,0.25,1,1,0.5,6,5,3,6,2,1,2,1062.02,4.1,70,3,0.56
10,20,4,20,FALSE,TRUE,0.25,1,1.25,0.5,6,5,3,6,2,1,2,1060.4,4.1,70,3,0.558
10,20,4,20,FALSE,TRUE,0.25,1,1.5,0.5,6,5,3,6,2,1,2,1060.4,4.1,70,3,0.558
10,20,4,30,TRUE,TRUE,0.25,1,1.25,0.5,6,7,3,6,2,1,2,540.61,4.1,71,1.497,0.133
10,20,4,30,TRUE,TRUE,0.25,1,1.5,0.5,6,7,3,6,2,1,2,540.61,4.1,71,1.497,0.133
10,20,4,30,TRUE,TRUE,0.25,1.25,1.5,0.5,6,4,3,7,2,1,2,542.96,4.1,67,1.497,0.142
10,20,4,30,TRUE,TRUE,0.25,1.25,1.5,0.5,6,4,3,8,2,1,2,542.96,4.1,67,1.497,0.142
10,20,4,30,TRUE,TRUE,0.25,1.25,1.5,0.5,6,6,3,6,2,1,2,512.9,4.1,65,1.497,0.092
10,20,4,30,FALSE,TRUE,0.25,1.5,1.25,0.5,6,7,3,7,2,1,2,1193.24,4.1,73,3,0.612
10,20,4,30,FALSE,TRUE,0.25,1.5,1.25,0.5,6,7,3,8,2,1,2,1193.24,4.1,73,3,0.612
10,30,4,20,TRUE,TRUE,0.25,1,1,0.5,6,7,3,6,2,1,2,563.78,4.1,73,1.497,0.166
10,30,4,20,TRUE,TRUE,0.25,1,1.25,0.5,6,7,3,6,2,1,2,562.99,4.1,73,1.497,0.164
10,30,4,20,TRUE,TRUE,0.25,1,1.5,0.5,6,7,3,6,2,1,2,562.99,4.1,73,1.497,0.164
10,30,4,20,TRUE,TRUE,0.25,1.25,1.25,0.5,6,5,3,7,2,1,2,568.44,4.1,70,1.497,0.18
10,30,4,20,TRUE,TRUE,0.25,1.25,1.25,0.5,6,5,3,8,2,1,2,568.44,4.1,70,1.497,0.18
10,30,4,20,TRUE,TRUE,0.25,1.5,1.5,0.5,6,6,3,6,2,1,2,531.42,4.1,66,1.497,0.121
10,30,4,20,FALSE,TRUE,0.25,1,1,0.5,6,5,3,6,2,1,2,1062.02,4.1,70,3,0.56
10,30,4,20,FALSE,TRUE,0.25,1,1.25,0.5,6,5,3,6,2,1,2,1060.4,4.1,70,3,0.558
10,30,4,20,FALSE,TRUE,0.25,1,1.5,0.5,6,5,3,6,2,1,2,1060.4,4.1,70,3,0.558
10,30,4,30,TRUE,TRUE,0.25,1.25,1.5,0.5,6,5,3,6,2,1,2,529.9,4.1,64,1.497,0.116
10,30,4,30,TRUE,TRUE,0.25,1.5,1.25,0.5,6,5,3,6,2,1,2,527.48,4.1,64,1.497,0.113
10,30,4,30,FALSE,TRUE,0.25,1.5,1.25,0.5,6,7,3,7,2,1,2,1193.24,4.1,73,3,0.612
10,30,4,30,FALSE,TRUE,0.25,1.5,1.25,0.5,6,7,3,8,2,1,2,1193.24,4.1,73,3,0.612
10,40,4,20,TRUE,TRUE,0.25,1.25,1.25,0.5,6,7,3,7,2,1,2,592.13,4.1,74,1.497,0.214
10,40,4,20,TRUE,TRUE,0.25,1.25,1.25,0.5,6,7,3,8,2,1,2,592.13,4.1,74,1.497,0.214
10,40,4,20,FALSE,TRUE,0.25,1.5,1.25,0.5,6,5,3,6,2,1,2,1004.49,4.1,65,3,0.528
10,40,4,30,FALSE,TRUE,0.25,1.25,1.5,0.5,6,7,3,6,2,1,2,1064.19,4.1,68,3,0.553
10,20,5,20,FALSE,TRUE,0.25,1.25,1,0.5,6,6,3,7,2,1,2,1074.37,4.1,67,3,0.556
10,20,5,20,FALSE,TRUE,0.25,1.25,1,0.5,6,6,3,8,2,1,2,1074.37,4.1,67,3,0.556
10,20,5,30,FALSE,TRUE,0.25,1.25,1,0.5,6,6,3,7,2,1,2,1074.37,4.1,67,3,0.556
10,20,5,30,FALSE,TRUE,0.25,1.25,1,0.5,6,6,3,8,2,1,2,1074.37,4.1,67,3,0.556
10,30,5,20,TRUE,TRUE,0.25,1.25,1,0.5,6,7,3,6,2,1,2,573.17,4.1,67,1.497,0.17
10,30,5,20,FALSE,TRUE,0.25,1.25,1,0.5,6,6,3,7,2,1,2,1074.37,4.1,67,3,0.556
10,30,5,20,FALSE,TRUE,0.25,1.25,1,0.5,6,6,3,8,2,1,2,1074.37,4.1,67,3,0.556
10,30,5,30,TRUE,TRUE,0.25,1.25,1,0.5,6,6,3,6,2,1,2,547.52,4.1,63,1.497,0.131
10,30,5,30,TRUE,TRUE,0.25,1.25,1,0.5,6,7,3,7,2,1,2,612.33,4.1,71,1.497,0.229
10,30,5,30,TRUE,TRUE,0.25,1.25,1,0.5,6,7,3,8,2,1,2,612.33,4.1,71,1.497,0.229
10,30,5,30,TRUE,TRUE,0.25,1.25,1.5,0.5,6,6,3,7,2,1,2,576.89,4.1,65,1.497,0.183
10,30,5,30,TRUE,TRUE,0.25,1.25,1.5,0.5,6,6,3,8,2,1,2,576.89,4.1,65,1.497,0.183
10,30,5,30,FALSE,TRUE,0.25,1.25,1,0.5,6,6,3,7,2,1,2,1074.37,4.1,67,3,0.556
10,30,5,30,FALSE,TRUE,0.25,1.25,1,0.5,6,6,3,8,2,1,2,1074.37,4.1,67,3,0.556
10,40,5,20,FALSE,TRUE,0.25,1.25,1,0.5,6,4,3,7,2,1,2,1057.99,4.1,63,3,0.54
10,40,5,20,FALSE,TRUE,0.25,1.25,1,0.5,6,4,3,8,2,1,2,1057.99,4.1,63,3,0.54
10,40,5,20,FALSE,TRUE,0.25,1.25,1,0.5,6,6,3,6,2,1,2,1000.97,4.1,62,3,0.506
10,40,5,30,TRUE,TRUE,0.25,1.25,1,0.5,6,7,3,6,2,1,2,572.57,4.1,66,1.497,0.168
10,40,5,30,TRUE,TRUE,0.25,1.25,1.25,0.5,6,4,3,7,2,1,2,570,4.1,62,1.497,0.169
10,40,5,30,TRUE,TRUE,0.25,1.25,1.25,0.5,6,4,3,8,2,1,2,570,4.1,62,1.497,0.169
10,40,5,30,TRUE,TRUE,0.25,1.25,1.5,0.5,6,7,3,7,2,1,2,602.17,4.1,68,1.497,0.217
10,40,5,30,TRUE,TRUE,0.25,1.25,1.5,0.5,6,7,3,8,2,1,2,602.17,4.1,68,1.497,0.217
10,40,5,30,FALSE,TRUE,0.25,1.25,1,0.5,6,4,3,7,2,1,2,1057.99,4.1,63,3,0.54
10,40,5,30,FALSE,TRUE,0.25,1.25,1,0.5,6,4,3,8,2,1,2,1057.99,4.1,63,3,0.54
10,40,5,30,FALSE,TRUE,0.25,1.25,1,0.5,6,6,3,6,2,1,2,1000.97,4.1,62,3,0.506
10,20,6,20,TRUE,TRUE,0.25,1,1.25,0.5,6,7,3,5,2,1,2,474.23,4.1,54,1.497,0.004
10,20,6,20,TRUE,TRUE,0.25,1,1.5,0.5,6,7,3,5,2,1,2,474.23,4.1,54,1.497,0.004
10,20,6,20,TRUE,TRUE,0.25,1.5,1.25,0.5,6,6,3,7,2,1,2,482.89,4.1,52,1.497,0.032
10,20,6,20,TRUE,TRUE,0.25,1.5,1.25,0.5,6,6,3,8,2,1,2,482.89,4.1,52,1.497,0.032
10,40,6,20,TRUE,TRUE,0.25,1.5,1.25,0.5,6,4,3,7,2,1,2,479.08,4.1,49,1.497,0.022
10,40,6,20,TRUE,TRUE,0.25,1.5,1.25,0.5,6,4,3,8,2,1,2,479.08,4.1,49,1.497,0.022
10,40,6,30,TRUE,TRUE,0.25,1.25,1,0.5,6,5,3,5,2,1,2,449.11,4.1,47,1.497,-0.047
15,20,4,20,TRUE,TRUE,0.25,1.5,1.25,0.5,6,5,3,5,2,1,2,517.71,4.1,66,1.297,0.1
15,20,4,20,FALSE,TRUE,0.25,1.5,1,0.5,6,7,3,7,2,1,2,1157.87,4.1,73,3,0.594
15,20,4,20,FALSE,TRUE,0.25,1.5,1,0.5,6,7,3,8,2,1,2,1157.87,4.1,73,3,0.594
15,20,4,30,FALSE,TRUE,0.25,1.25,1,0.5,6,5,3,7,2,1,2,1035.54,4.1,69,3,0.544
15,20,4,30,FALSE,TRUE,0.25,1.25,1,0.5,6,5,3,8,2,1,2,1035.54,4.1,69,3,0.544
15,20,4,30,FALSE,TRUE,0.25,1.25,1,0.5,6,6,3,7,2,1,2,1035.54,4.1,69,3,0.544
15,20,4,30,FALSE,TRUE,0.25,1.25,1,0.5,6,6,3,8,2,1,2,1035.54,4.1,69,3,0.544
15,30,4,20,TRUE,TRUE,0.25,1,1,0.5,6,6,3,6,2,1,2,564.28,4.1,72,1.297,0.167
15,30,4,20,TRUE,TRUE,0.25,1,1.25,0.5,6,6,3,6,2,1,2,564.28,4.1,72,1.297,0.167
15,30,4,20,TRUE,TRUE,0.25,1,1.5,0.5,6,6,3,6,2,1,2,564.28,4.1,72,1.297,0.167
15,30,4,20,TRUE,TRUE,0.25,1.25,1.5,0.5,6,5,3,7,2,1,2,542.93,4.1,68,1.297,0.138
15,30,4,20,TRUE,TRUE,0.25,1.25,1.5,0.5,6,5,3,8,2,1,2,542.93,4.1,68,1.297,0.138
15,30,4,20,TRUE,TRUE,0.25,1.5,1,0.5,6,5,3,6,2,1,2,543.77,4.1,67,1.297,0.138
15,30,4,20,TRUE,TRUE,0.25,1.5,1.25,0.5,6,7,3,6,2,1,2,609.55,4.1,72,1.297,0.221
15,30,4,20,FALSE,TRUE,0.25,1.5,1,0.5,6,7,3,7,2,1,2,1157.87,4.1,73,3,0.594
15,30,4,20,FALSE,TRUE,0.25,1.5,1,0.5,6,7,3,8,2,1,2,1157.87,4.1,73,3,0.594
15,30,4,30,TRUE,TRUE,0.25,1,1,0.5,6,7,3,7,2,1,2,566.23,4.1,73,1.297,0.169
15,30,4,30,TRUE,TRUE,0.25,1,1,0.5,6,7,3,8,2,1,2,566.23,4.1,73,1.297,0.169
15,30,4,30,TRUE,TRUE,0.25,1,1.25,0.5,6,7,3,7,2,1,2,566.23,4.1,73,1.297,0.169
15,30,4,30,TRUE,TRUE,0.25,1,1.25,0.5,6,7,3,8,2,1,2,566.23,4.1,73,1.297,0.169
15,30,4,30,TRUE,TRUE,0.25,1,1.5,0.5,6,7,3,7,2,1,2,566.23,4.1,73,1.297,0.169
15,30,4,30,TRUE,TRUE,0.25,1,1.5,0.5,6,7,3,8,2,1,2,566.23,4.1,73,1.297,0.169
15,30,4,30,FALSE,TRUE,0.25,1.25,1,0.5,6,5,3,7,2,1,2,1035.54,4.1,69,3,0.544
15,30,4,30,FALSE,TRUE,0.25,1.25,1,0.5,6,5,3,8,2,1,2,1035.54,4.1,69,3,0.544
15,30,4,30,FALSE,TRUE,0.25,1.25,1,0.5,6,6,3,7,2,1,2,1035.54,4.1,69,3,0.544
15,30,4,30,FALSE,TRUE,0.25,1.25,1,0.5,6,6,3,8,2,1,2,1035.54,4.1,69,3,0.544
15,40,4,20,TRUE,TRUE,0.25,1.25,1,0.5,6,4,3,7,2,1,2,548,4.1,68,1.297,0.143
15,40,4,20,TRUE,TRUE,0.25,1.25,1,0.5,6,4,3,8,2,1,2,548,4.1,68,1.297,0.143
15,20,5,20,TRUE,TRUE,0.25,1.25,1.25,0.5,6,6,3,5,2,1,2,510.77,4.1,60,1.297,0.076
15,20,5,20,TRUE,TRUE,0.25,1.25,1.5,0.5,6,5,3,7,2,1,2,522.62,4.1,62,1.297,0.099
15,20,5,20,TRUE,TRUE,0.25,1.25,1.5,0.5,6,5,3,8,2,1,2,522.62,4.1,62,1.297,0.099
15,20,5,20,TRUE,TRUE,0.25,1.5,1.25,0.5,6,5,3,6,2,1,2,516.77,4.1,59,1.297,0.088
15,20,5,20,FALSE,TRUE,0.25,1,1,0.5,6,5,3,6,2,1,2,1027.48,4.1,63,3,0.516
15,20,5,30,TRUE,TRUE,0.25,1.5,1,0.5,6,5,3,7,2,1,2,524.42,4.1,61,1.297,0.1
15,20,5,30,TRUE,TRUE,0.25,1.5,1,0.5,6,5,3,8,2,1,2,524.42,4.1,61,1.297,0.1
15,20,5,30,FALSE,TRUE,0.25,1,1,0.5,6,5,3,6,2,1,2,1027.48,4.1,63,3,0.516
15,30,5,20,TRUE,TRUE,0.25,1.25,1.5,0.5,6,4,3,6,2,1,2,540.92,4.1,60,1.297,0.12
15,30,5,20,TRUE,TRUE,0.25,1.5,1,0.5,6,6,3,7,2,1,2,546.42,4.1,62,1.297,0.131
15,30,5,20,TRUE,TRUE,0.25,1.5,1,0.5,6,6,3,8,2,1,2,546.42,4.1,62,1.297,0.131
15,30,5,20,FALSE,TRUE,0.25,1,1,0.5,6,5,3,6,2,1,2,1027.48,4.1,63,3,0.516
15,30,5,30,TRUE,TRUE,0.25,1.5,1.5,0.5,6,6,3,6,2,1,2,540.57,4.1,59,1.297,0.123
15,30,5,30,FALSE,TRUE,0.25,1,1,0.5,6,5,3,6,2,1,2,1027.48,4.1,63,3,0.516
15,40,5,20,TRUE,TRUE,0.25,1.25,1,0.5,6,4,3,7,2,1,2,547.85,4.1,62,1.297,0.129
15,40,5,20,TRUE,TRUE,0.25,1.25,1,0.5,6,4,3,8,2,1,2,547.85,4.1,62,1.297,0.129
15,40,5,20,TRUE,TRUE,0.25,1.25,1.5,0.5,6,6,3,6,2,1,2,543.53,4.1,61,1.297,0.127
15,40,5,20,TRUE,TRUE,0.25,1.5,1,0.5,6,4,3,6,2,1,2,537.71,4.1,58,1.297,0.113
15,40,5,20,FALSE,TRUE,0.25,1.25,1,0.5,6,7,3,6,2,1,2,1065.3,4.1,65,3,0.529
15,40,5,20,FALSE,TRUE,0.25,1.25,1.5,0.5,6,5,3,7,2,1,2,995.59,4.1,61,3,0.508
15,40,5,20,FALSE,TRUE,0.25,1.25,1.5,0.5,6,5,3,8,2,1,2,995.59,4.1,61,3,0.508
15,40,5,20,FALSE,TRUE,0.25,1.5,1.5,0.5,6,6,3,6,2,1,2,984.29,4.1,58,3,0.501
15,40,5,30,TRUE,TRUE,0.25,1.25,1.5,0.5,6,7,3,7,2,1,2,574.88,4.1,65,1.297,0.175
15,40,5,30,TRUE,TRUE,0.25,1.25,1.5,0.5,6,7,3,8,2,1,2,574.88,4.1,65,1.297,0.175
15,40,5,30,FALSE,TRUE,0.25,1.25,1,0.5,6,7,3,6,2,1,2,1065.3,4.1,65,3,0.529
15,40,5,30,FALSE,TRUE,0.25,1.25,1.5,0.5,6,5,3,7,2,1,2,995.59,4.1,61,3,0.508
15,40,5,30,FALSE,TRUE,0.25,1.25,1.5,0.5,6,5,3,8,2,1,2,995.59,4.1,61,3,0.508
15,40,5,30,FALSE,TRUE,0.25,1.5,1.5,0.5,6,6,3,6,2,1,2,984.29,4.1,58,3,0.501
15,20,6,20,TRUE,TRUE,0.25,1.25,1.25,0.5,6,6,3,6,2,1,2,451.06,4.1,48,1.297,-0.036
15,20,6,20,TRUE,TRUE,0.25,1.25,1.5,0.5,6,6,3,6,2,1,2,451.06,4.1,48,1.297,-0.036
15,20,6,20,FALSE,TRUE,0.25,1,1.25,0.5,6,7,3,6,2,1,2,796.85,4.1,50,3,0.391
15,20,6,20,FALSE,TRUE,0.25,1,1.5,0.5,6,7,3,6,2,1,2,796.85,4.1,50,3,0.391
15,20,6,20,FALSE,TRUE,0.25,1.5,1.25,0.5,6,4,3,6,2,1,2,744.61,4.1,43,3,0.34
15,20,6,30,FALSE,TRUE,0.25,1,1.25,0.5,6,7,3,6,2,1,2,796.85,4.1,50,3,0.391
15,20,6,30,FALSE,TRUE,0.25,1,1.5,0.5,6,7,3,6,2,1,2,796.85,4.1,50,3,0.391
15,20,6,30,FALSE,TRUE,0.25,1.5,1.25,0.5,6,4,3,6,2,1,2,744.61,4.1,43,3,0.34
15,30,6,20,FALSE,TRUE,0.25,1,1.25,0.5,6,7,3,6,2,1,2,796.85,4.1,50,3,0.391
15,30,6,20,FALSE,TRUE,0.25,1,1.5,0.5,6,7,3,6,2,1,2,796.85,4.1,50,3,0.391
15,30,6,20,FALSE,TRUE,0.25,1.5,1.25,0.5,6,4,3,6,2,1,2,744.61,4.1,43,3,0.34
15,30,6,30,FALSE,TRUE,0.25,1,1.25,0.5,6,7,3,6,2,1,2,796.85,4.1,50,3,0.391
15,30,6,30,FALSE,TRUE,0.25,1,1.5,0.5,6,7,3,6,2,1,2,796.85,4.1,50,3,0.391
15,30,6,30,FALSE,TRUE,0.25,1.5,1.25,0.5,6,4,3,6,2,1,2,744.61,4.1,43,3,0.34
15,40,6,20,FALSE,TRUE,0.25,1,1.25,0.5,6,7,3,6,2,1,2,796.85,4.1,50,3,0.391
15,40,6,20,FALSE,TRUE,0.25,1,1.5,0.5,6,7,3,6,2,1,2,796.85,4.1,50,3,0.391
15,40,6,20,FALSE,TRUE,0.25,1.5,1.25,0.5,6,4,3,6,2,1,2,744.61,4.1,43,3,0.34
15,40,6,30,FALSE,TRUE,0.25,1,1.25,0.5,6,7,3,6,2,1,2,796.85,4.1,50,3,0.391
15,40,6,30,FALSE,TRUE,0.25,1,1.5,0.5,6,7,3,6,2,1,2,796.85,4.1,50,3,0.391
15,40,6,30,FALSE,TRUE,0.25,1.5,1.25,0.5,6,4,3,6,2,1,2,744.61,4.1,43,3,0.34
10,20,4,20,TRUE,TRUE,0.25,1,1,0.5,6,4,3,7,2,1,2,571.29,4.09,73,1.497,0.184
10,20,4,20,TRUE,TRUE,0.25,1,1,0.5,6,4,3,8,2,1,2,571.29,4.09,73,1.497,0.184
10,20,4,20,TRUE,TRUE,0.25,1,1.25,0.5,6,4,3,7,2,1,2,570.5,4.09,73,1.497,0.183
10,20,4,20,TRUE,TRUE,0.25,1,1.25,0.5,6,4,3,8,2,1,2,570.5,4.09,73,1.497,0.183
10,20,4,20,TRUE,TRUE,0.25,1,1.5,0.5,6,4,3,7,2,1,2,570.5,4.09,73,1.497,0.183
10,20,4,20,TRUE,TRUE,0.25,1,1.5,0.5,6,4,3,8,2,1,2,570.5,4.09,73,1.497,0.183
10,20,4,20,TRUE,TRUE,0.25,1.5,1.5,0.5,6,6,3,7,2,1,2,544.65,4.09,69,1.497,0.148
10,20,4,20,TRUE,TRUE,0.25,1.5,1.5,0.5,6,6,3,8,2,1,2,544.65,4.09,69,1.497,0.148
10,20,4,30,TRUE,TRUE,0.25,1.5,1.5,0.5,6,4,3,6,2,1,2,504.37,4.09,62,1.497,0.076
10,20,4,30,FALSE,TRUE,0.25,1.25,1,0.5,6,7,3,6,2,1,2,1087.79,4.09,71,3,0.561
10,30,4,30,FALSE,TRUE,0.25,1.25,1,0.5,6,7,3,6,2,1,2,1087.79,4.09,71,3,0.561
10,40,4,20,FALSE,TRUE,0.25,1,1,0.5,6,7,3,6,2,1,2,1067.67,4.09,72,3,0.563
10,40,4,20,FALSE,TRUE,0.25,1,1.25,0.5,6,7,3,6,2,1,2,1066.04,4.09,72,3,0.561
10,40,4,20,FALSE,TRUE,0.25,1,1.5,0.5,6,7,3,6,2,1,2,1066.04,4.09,72,3,0.561
10,40,4,20,FALSE,TRUE,0.25,1.25,1.25,0.5,6,5,3,6,2,1,2,1008.71,4.09,66,3,0.533
10,40,4,20,FALSE,TRUE,0.25,1.5,1.25,0.5,6,4,3,7,2,1,2,1063.66,4.09,67,3,0.561
10,40,4,20,FALSE,TRUE,0.25,1.5,1.25,0.5,6,4,3,8,2,1,2,1063.66,4.09,67,3,0.561
10,40,4,30,FALSE,TRUE,0.25,1.25,1.25,0.5,6,5,3,7,2,1,2,1065.81,4.09,68,3,0.569
10,40,4,30,FALSE,TRUE,0.25,1.25,1.25,0.5,6,5,3,8,2,1,2,1065.81,4.09,68,3,0.569
10,40,4,30,FALSE,TRUE,0.25,1.25,1.25,0.5,6,6,3,7,2,1,2,1065.81,4.09,68,3,0.569
10,40,4,30,FALSE,TRUE,0.25,1.25,1.25,0.5,6,6,3,8,2,1,2,1065.81,4.09,68,3,0.569
10,20,5,20,TRUE,TRUE,0.25,1.25,1.25,0.5,6,5,3,6,2,1,2,518.25,4.09,62,1.497,0.091
10,20,5,20,FALSE,TRUE,0.25,1.25,1.5,0.5,6,4,3,6,2,1,2,986.96,4.09,60,3,0.502
10,20,5,30,FALSE,TRUE,0.25,1.25,1.5,0.5,6,4,3,6,2,1,2,986.96,4.09,60,3,0.502
10,30,5,20,TRUE,TRUE,0.25,1.25,1.5,0.5,6,7,3,7,2,1,2,601.62,4.09,69,1.497,0.217
10,30,5,20,TRUE,TRUE,0.25,1.25,1.5,0.5,6,7,3,8,2,1,2,601.62,4.09,69,1.497,0.217
10,30,5,20,FALSE,TRUE,0.25,1.25,1.5,0.5,6,4,3,6,2,1,2,986.96,4.09,60,3,0.502
10,30,5,30,TRUE,TRUE,0.25,1,1,0.5,6,4,3,7,2,1,2,595.15,4.09,67,1.497,0.204
10,30,5,30,TRUE,TRUE,0.25,1,1,0.5,6,4,3,8,2,1,2,595.15,4.09,67,1.497,0.204
10,30,5,30,FALSE,TRUE,0.25,1.25,1.5,0.5,6,4,3,6,2,1,2,986.96,4.09,60,3,0.502
10,40,5,20,FALSE,TRUE,0.25,1.25,1,0.5,6,7,3,7,2,1,2,1137.84,4.09,70,3,0.579
10,40,5,20,FALSE,TRUE,0.25,1.25,1,0.5,6,7,3,8,2,1,2,1137.84,4.09,70,3,0.579
10,40,5,30,TRUE,TRUE,0.25,1,1.25,0.5,6,4,3,6,2,1,2,557.65,4.09,62,1.497,0.142
10,40,5,30,TRUE,TRUE,0.25,1,1.5,0.5,6,4,3,6,2,1,2,557.65,4.09,62,1.497,0.142
10,40,5,30,FALSE,TRUE,0.25,1.25,1,0.5,6,7,3,7,2,1,2,1137.84,4.09,70,3,0.579
10,40,5,30,FALSE,TRUE,0.25,1.25,1,0.5,6,7,3,8,2,1,2,1137.84,4.09,70,3,0.579
10,20,6,20,TRUE,TRUE,0.25,1,1,0.5,6,6,3,5,2,1,2,462.84,4.09,50,1.497,-0.019
10,20,6,20,TRUE,TRUE,0.25,1.5,1.25,0.5,6,4,3,6,2,1,2,447.53,4.09,47,1.497,-0.044
10,20,6,20,TRUE,TRUE,0.25,1.5,1.25,0.5,6,7,3,7,2,1,2,533.74,4.09,57,1.497,0.11
10,20,6,20,TRUE,TRUE,0.25,1.5,1.25,0.5,6,7,3,8,2,1,2,533.74,4.09,57,1.497,0.11
10,20,6,20,TRUE,TRUE,0.25,1.5,1.5,0.5,6,6,3,7,2,1,2,481.09,4.09,52,1.497,0.029
10,20,6,20,TRUE,TRUE,0.25,1.5,1.5,0.5,6,6,3,8,2,1,2,481.09,4.09,52,1.497,0.029
10,30,6,20,TRUE,TRUE,0.25,1.5,1.25,0.5,6,5,3,6,2,1,2,453.46,4.09,48,1.497,-0.031
10,40,6,20,TRUE,TRUE,0.25,1.5,1,0.5,6,6,3,7,2,1,2,487.93,4.09,53,1.497,0.039
10,40,6,20,TRUE,TRUE,0.25,1.5,1,0.5,6,6,3,8,2,1,2,487.93,4.09,53,1.497,0.039
10,40,6,30,TRUE,TRUE,0.25,1.5,1.25,0.5,6,5,3,6,2,1,2,450.94,4.09,47,1.497,-0.037
15,20,4,20,FALSE,TRUE,0.25,1.5,1,0.5,6,7,3,6,2,1,2,1152.19,4.09,72,3,0.589
15,20,4,20,FALSE,TRUE,0.25,1.5,1.5,0.5,6,5,3,5,2,1,2,1007.42,4.09,65,3,0.531
15,20,4,30,TRUE,TRUE,0.25,1.5,1.25,0.5,6,6,3,5,2,1,2,514.58,4.09,65,1.297,0.094
15,20,4,30,FALSE,TRUE,0.25,1.25,1,0.5,6,6,3,6,2,1,2,1029.86,4.09,68,3,0.537
15,30,4,20,FALSE,TRUE,0.25,1.5,1,0.5,6,7,3,6,2,1,2,1152.19,4.09,72,3,0.589
15,30,4,20,FALSE,TRUE,0.25,1.5,1.5,0.5,6,5,3,5,2,1,2,1007.42,4.09,65,3,0.531
15,30,4,30,TRUE,TRUE,0.25,1.5,1,0.5,6,6,3,6,2,1,2,540.3,4.09,66,1.297,0.132
15,30,4,30,FALSE,TRUE,0.25,1.25,1,0.5,6,6,3,6,2,1,2,1029.86,4.09,68,3,0.537
15,40,4,20,TRUE,TRUE,0.25,1,1,0.5,6,7,3,6,2,1,2,566.43,4.09,73,1.297,0.169
15,40,4,20,TRUE,TRUE,0.25,1,1.25,0.5,6,7,3,6,2,1,2,566.43,4.09,73,1.297,0.169
15,40,4,20,TRUE,TRUE,0.25,1,1.5,0.5,6,7,3,6,2,1,2,566.43,4.09,73,1.297,0.169
15,40,4,20,TRUE,TRUE,0.25,1.5,1.5,0.5,6,5,3,7,2,1,2,538.02,4.09,66,1.297,0.131
15,40,4,20,TRUE,TRUE,0.25,1.5,1.5,0.5,6,5,3,8,2,1,2,538.02,4.09,66,1.297,0.131
15,40,4,20,FALSE,TRUE,0.25,1,1,0.5,6,5,3,7,2,1,2,1069.58,4.09,71,3,0.562
15,40,4,20,FALSE,TRUE,0.25,1,1,0.5,6,5,3,8,2,1,2,1069.58,4.09,71,3,0.562
15,40,4,20,FALSE,TRUE,0.25,1,1.25,0.5,6,5,3,7,2,1,2,1069.58,4.09,71,3,0.562
15,40,4,20,FALSE,TRUE,0.25,1,1.25,0.5,6,5,3,8,2,1,2,1069.58,4.09,71,3,0.562
15,40,4,20,FALSE,TRUE,0.25,1,1.5,0.5,6,5,3,7,2,1,2,1069.58,4.09,71,3,0.562
15,40,4,20,FALSE,TRUE,0.25,1,1.5,0.5,6,5,3,8,2,1,2,1069.58,4.09,71,3,0.562
15,40,4,20,FALSE,TRUE,0.25,1.5,1,0.5,6,5,3,7,2,1,2,1026.87,4.09,67,3,0.541
15,40,4,20,FALSE,TRUE,0.25,1.5,1,0.5,6,5,3,8,2,1,2,1026.87,4.09,67,3,0.541
15,20,5,20,TRUE,TRUE,0.25,1.25,1,0.5,6,7,3,6,2,1,2,549.12,4.09,66,1.297,0.137
15,20,5,20,TRUE,TRUE,0.25,1.5,1.5,0.5,6,6,3,7,2,1,2,517.65,4.09,60,1.297,0.092
15,20,5,20,TRUE,TRUE,0.25,1.5,1.5,0.5,6,6,3,8,2,1,2,517.65,4.09,60,1.297,0.092
15,20,5,20,FALSE,TRUE,0.25,1.25,1,0.5,6,5,3,6,2,1,2,999.49,4.09,62,3,0.499
15,20,5,20,FALSE,TRUE,0.25,1.25,1,0.5,6,7,3,7,2,1,2,1076.26,4.09,68,3,0.539
15,20,5,20,FALSE,TRUE,0.25,1.25,1,0.5,6,7,3,8,2,1,2,1076.26,4.09,68,3,0.539
15,20,5,20,FALSE,TRUE,0.25,1.5,1.5,0.5,6,5,3,7,2,1,2,988.01,4.09,59,3,0.506
15,20,5,20,FALSE,TRUE,0.25,1.5,1.5,0.5,6,5,3,8,2,1,2,988.01,4.09,59,3,0.506
15,20,5,30,TRUE,TRUE,0.25,1,1.25,0.5,6,6,3,6,2,1,2,545.26,4.09,65,1.297,0.132
15,20,5,30,TRUE,TRUE,0.25,1,1.5,0.5,6,6,3,6,2,1,2,545.26,4.09,65,1.297,0.132
15,20,5,30,TRUE,TRUE,0.25,1.5,1.5,0.5,6,4,3,6,2,1,2,514.49,4.09,57,1.297,0.083
15,20,5,30,FALSE,TRUE,0.25,1.25,1,0.5,6,5,3,6,2,1,2,999.49,4.09,62,3,0.499
15,20,5,30,FALSE,TRUE,0.25,1.25,1,0.5,6,7,3,7,2,1,2,1076.26,4.09,68,3,0.539
15,20,5,30,FALSE,TRUE,0.25,1.25,1,0.5,6,7,3,8,2,1,2,1076.26,4.09,68,3,0.539
15,20,5,30,FALSE,TRUE,0.25,1.5,1.5,0.5,6,5,3,7,2,1,2,988.01,4.09,59,3,0.506
15,20,5,30,FALSE,TRUE,0.25,1.5,1.5,0.5,6,5,3,8,2,1,2,988.01,4.09,59,3,0.506
15,30,5,20,TRUE,TRUE,0.25,1,1,0.5,6,4,3,7,2,1,2,564.04,4.09,65,1.297,0.152
15,30,5,20,TRUE,TRUE,0.25,1,1,0.5,6,4,3,8,2,1,2,564.04,4.09,65,1.297,0.152
15,30,5,20,TRUE,TRUE,0.25,1,1.25,0.5,6,4,3,7,2,1,2,564.04,4.09,65,1.297,0.152
15,30,5,20,TRUE,TRUE,0.25,1,1.25,0.5,6,4,3,8,2,1,2,564.04,4.09,65,1.297,0.152
15,30,5,20,TRUE,TRUE,0.25,1,1.5,0.5,6,4,3,7,2,1,2,564.04,4.09,65,1.297,0.152
15,30,5,20,TRUE,TRUE,0.25,1,1.5,0.5,6,4,3,8,2,1,2,564.04,4.09,65,1.297,0.152
15,30,5,20,TRUE,TRUE,0.25,1.25,1.25,0.5,6,5,3,6,2,1,2,543.09,4.09,62,1.297,0.126
15,30,5,20,TRUE,TRUE,0.25,1.5,1.25,0.5,6,4,3,6,2,1,2,537.03,4.09,58,1.297,0.114
15,30,5,20,FALSE,TRUE,0.25,1.25,1,0.5,6,5,3,6,2,1,2,999.49,4.09,62,3,0.499
15,30,5,20,FALSE,TRUE,0.25,1.25,1,0.5,6,7,3,7,2,1,2,1076.26,4.09,68,3,0.539
15,30,5,20,FALSE,TRUE,0.25,1.25,1,0.5,6,7,3,8,2,1,2,1076.26,4.09,68,3,0.539
15,30,5,20,FALSE,TRUE,0.25,1.5,1.5,0.5,6,5,3,7,2,1,2,988.01,4.09,59,3,0.506
15,30,5,20,FALSE,TRUE,0.25,1.5,1.5,0.5,6,5,3,8,2,1,2,988.01,4.09,59,3,0.506
15,30,5,30,TRUE,TRUE,0.25,1.25,1,0.5,6,6,3,7,2,1,2,555.49,4.09,65,1.297,0.143
15,30,5,30,TRUE,TRUE,0.25,1.25,1,0.5,6,6,3,8,2,1,2,555.49,4.09,65,1.297,0.143
15,30,5,30,FALSE,TRUE,0.25,1.25,1,0.5,6,5,3,6,2,1,2,999.49,4.09,62,3,0.499
15,30,5,30,FALSE,TRUE,0.25,1.25,1,0.5,6,7,3,7,2,1,2,1076.26,4.09,68,3,0.539
15,30,5,30,FALSE,TRUE,0.25,1.25,1,0.5,6,7,3,8,2,1,2,1076.26,4.09,68,3,0.539
15,30,5,30,FALSE,TRUE,0.25,1.5,1.5,0.5,6,5,3,7,2,1,2,988.01,4.09,59,3,0.506
15,30,5,30,FALSE,TRUE,0.25,1.5,1.5,0.5,6,5,3,8,2,1,2,988.01,4.09,59,3,0.506
15,40,5,20,FALSE,TRUE,0.25,1.25,1.25,0.5,6,6,3,5,2,1,2,974.72,4.09,59,3,0.49
15,40,5,30,FALSE,TRUE,0.25,1.25,1.25,0.5,6,6,3,5,2,1,2,974.72,4.09,59,3,0.49
15,20,6,20,FALSE,TRUE,0.25,1.5,1.5,0.5,6,4,3,6,2,1,2,742.02,4.09,43,3,0.34
15,20,6,30,TRUE,TRUE,0.25,1.25,1.25,0.5,6,4,3,6,2,1,2,450.17,4.09,46,1.297,-0.04
15,20,6,30,TRUE,TRUE,0.25,1.25,1.5,0.5,6,4,3,6,2,1,2,450.17,4.09,46,1.297,-0.04
15,20,6,30,FALSE,TRUE,0.25,1.5,1.5,0.5,6,4,3,6,2,1,2,742.02,4.09,43,3,0.34
15,30,6,20,FALSE,TRUE,0.25,1.5,1.5,0.5,6,4,3,6,2,1,2,742.02,4.09,43,3,0.34
15,30,6,30,TRUE,TRUE,0.25,1.5,1,0.5,6,4,3,7,2,1,2,451.64,4.09,45,1.297,-0.036
15,30,6,30,TRUE,TRUE,0.25,1.5,1,0.5,6,4,3,8,2,1,2,451.64,4.09,45,1.297,-0.036
15,30,6,30,FALSE,TRUE,0.25,1.5,1.5,0.5,6,4,3,6,2,1,2,742.02,4.09,43,3,0.34
15,40,6,20,TRUE,TRUE,0.25,1.25,1.25,0.5,6,4,3,6,2,1,2,451.33,4.09,46,1.297,-0.039
15,40,6,20,TRUE,TRUE,0.25,1.25,1.5,0.5,6,4,3,6,2,1,2,451.33,4.09,46,1.297,-0.039
15,40,6,20,FALSE,TRUE,0.25,1.5,1.5,0.5,6,4,3,6,2,1,2,742.02,4.09,43,3,0.34
15,40,6,30,FALSE,TRUE,0.25,1.5,1.5,0.5,6,4,3,6,2,1,2,742.02,4.09,43,3,0.34
10,20,4,20,TRUE,TRUE,0.25,1.25,1,0.5,6,4,3,6,2,1,2,522.03,4.08,67,1.497,0.105
10,20,4,20,FALSE,TRUE,0.25,1.25,1.25,0.5,6,6,3,5,2,1,2,1008.11,4.08,67,3,0.534
10,20,4,20,FALSE,TRUE,0.25,1.5,1.5,0.5,6,7,3,7,2,1,2,1195.39,4.08,74,3,0.619
10,20,4,20,FALSE,TRUE,0.25,1.5,1.5,0.5,6,7,3,8,2,1,2,1195.39,4.08,74,3,0.619
10,20,4,30,TRUE,TRUE,0.25,1.25,1.5,0.5,6,5,3,6,2,1,2,510.1,4.08,64,1.497,0.087
10,30,4,20,TRUE,TRUE,0.25,1.25,1.5,0.5,6,6,3,7,2,1,2,567.33,4.08,70,1.497,0.179
10,30,4,20,TRUE,TRUE,0.25,1.25,1.5,0.5,6,6,3,8,2,1,2,567.33,4.08,70,1.497,0.179
10,30,4,20,FALSE,TRUE,0.25,1.25,1.25,0.5,6,6,3,5,2,1,2,1008.11,4.08,67,3,0.534
10,30,4,20,FALSE,TRUE,0.25,1.5,1.5,0.5,6,7,3,7,2,1,2,1195.39,4.08,74,3,0.619
10,30,4,20,FALSE,TRUE,0.25,1.5,1.5,0.5,6,7,3,8,2,1,2,1195.39,4.08,74,3,0.619
10,40,4,20,FALSE,TRUE,0.25,1.25,1.25,0.5,6,4,3,7,2,1,2,1067.89,4.08,68,3,0.567
10,40,4,20,FALSE,TRUE,0.25,1.25,1.25,0.5,6,4,3,8,2,1,2,1067.89,4.08,68,3,0.567
10,40,4,20,FALSE,TRUE,0.25,1.25,1.5,0.5,6,6,3,7,2,1,2,1072.44,4.08,69,3,0.574
10,40,4,20,FALSE,TRUE,0.25,1.25,1.5,0.5,6,6,3,8,2,1,2,1072.44,4.08,69,3,0.574
10,40,4,20,FALSE,TRUE,0.25,1.5,1.5,0.5,6,6,3,7,2,1,2,1065.63,4.08,68,3,0.571
10,40,4,20,FALSE,TRUE,0.25,1.5,1.5,0.5,6,6,3,8,2,1,2,1065.63,4.08,68,3,0.571
10,20,5,20,TRUE,TRUE,0.25,1.25,1.25,0.5,6,4,3,7,2,1,2,547.6,4.08,64,1.497,0.141
10,20,5,20,TRUE,TRUE,0.25,1.25,1.25,0.5,6,4,3,8,2,1,2,547.6,4.08,64,1.497,0.141
10,20,5,20,FALSE,TRUE,0.25,1,1,0.5,6,4,3,7,2,1,2,1096.11,4.08,67,3,0.565
10,20,5,20,FALSE,TRUE,0.25,1,1,0.5,6,4,3,8,2,1,2,1096.11,4.08,67,3,0.565
10,20,5,20,FALSE,TRUE,0.25,1,1.25,0.5,6,4,3,7,2,1,2,1094.49,4.08,67,3,0.564
10,20,5,20,FALSE,TRUE,0.25,1,1.25,0.5,6,4,3,8,2,1,2,1094.49,4.08,67,3,0.564
10,20,5,20,FALSE,TRUE,0.25,1,1.5,0.5,6,4,3,7,2,1,2,1094.49,4.08,67,3,0.564
10,20,5,20,FALSE,TRUE,0.25,1,1.5,0.5,6,4,3,8,2,1,2,1094.49,4.08,67,3,0.564
10,20,5,30,FALSE,TRUE,0.25,1,1,0.5,6,4,3,7,2,1,2,1096.11,4.08,67,3,0.565
10,20,5,30,FALSE,TRUE,0.25,1,1,0.5,6,4,3,8,2,1,2,1096.11,4.08,67,3,0.565
10,20,5,30,FALSE,TRUE,0.25,1,1.25,0.5,6,4,3,7,2,1,2,1094.49,4.08,67,3,0.564
10,20,5,30,FALSE,TRUE,0.25,1,1.25,0.5,6,4,3,8,2,1,2,1094.49,4.08,67,3,0.564
10,20,5,30,FALSE,TRUE,0.25,1,1.5,0.5,6,4,3,7,2,1,2,1094.49,4.08,67,3,0.564
10,20,5,30,FALSE,TRUE,0.25,1,1.5,0.5,6,4,3,8,2,1,2,1094.49,4.08,67,3,0.564
10,30,5,20,TRUE,TRUE,0.25,1,1,0.5,6,4,3,6,2,1,2,555.81,4.08,63,1.497,0.14
10,30,5,20,TRUE,TRUE,0.25,1.25,1.25,0.5,6,6,3,7,2,1,2,574.07,4.08,66,1.497,0.178
10,30,5,20,TRUE,TRUE,0.25,1.25,1.25,0.5,6,6,3,8,2,1,2,574.07,4.08,66,1.497,0.178
10,30,5,20,FALSE,TRUE,0.25,1,1,0.5,6,4,3,7,2,1,2,1096.11,4.08,67,3,0.565
10,30,5,20,FALSE,TRUE,0.25,1,1,0.5,6,4,3,8,2,1,2,1096.11,4.08,67,3,0.565
10,30,5,20,FALSE,TRUE,0.25,1,1.25,0.5,6,4,3,7,2,1,2,1094.49,4.08,67,3,0.564
10,30,5,20,FALSE,TRUE,0.25,1,1.25,0.5,6,4,3,8,2,1,2,1094.49,4.08,67,3,0.564
10,30,5,20,FALSE,TRUE,0.25,1,1.5,0.5,6,4,3,7,2,1,2,1094.49,4.08,67,3,0.564
10,30,5,20,FALSE,TRUE,0.25,1,1.5,0.5,6,4,3,8,2,1,2,1094.49,4.08,67,3,0.564
10,30,5,30,TRUE,TRUE,0.25,1,1.25,0.5,6,4,3,7,2,1,2,594.36,4.08,67,1.497,0.203
10,30,5,30,TRUE,TRUE,0.25,1,1.25,0.5,6,4,3,8,2,1,2,594.36,4.08,67,1.497,0.203
10,30,5,30,TRUE,TRUE,0.25,1,1.5,0.5,6,4,3,7,2,1,2,594.36,4.08,67,1.497,0.203
10,30,5,30,TRUE,TRUE,0.25,1,1.5,0.5,6,4,3,8,2,1,2,594.36,4.08,67,1.497,0.203
10,30,5,30,FALSE,TRUE,0.25,1,1,0.5,6,4,3,7,2,1,2,1096.11,4.08,67,3,0.565
10,30,5,30,FALSE,TRUE,0.25,1,1,0.5,6,4,3,8,2,1,2,1096.11,4.08,67,3,0.565
10,30,5,30,FALSE,TRUE,0.25,1,1.25,0.5,6,4,3,7,2,1,2,1094.49,4.08,67,3,0.564
10,30,5,30,FALSE,TRUE,0.25,1,1.25,0.5,6,4,3,8,2,1,2,1094.49,4.08,67,3,0.564
10,30,5,30,FALSE,TRUE,0.25,1,1.5,0.5,6,4,3,7,2,1,2,1094.49,4.08,67,3,0.564
10,30,5,30,FALSE,TRUE,0.25,1,1.5,0.5,6,4,3,8,2,1,2,1094.49,4.08,67,3,0.564
10,40,5,20,TRUE,TRUE,0.25,1.25,1.25,0.5,6,7,3,7,2,1,2,599.47,4.08,69,1.497,0.213
10,40,5,20,TRUE,TRUE,0.25,1.25,1.25,0.5,6,7,3,8,2,1,2,599.47,4.08,69,1.497,0.213
10,40,5,20,FALSE,TRUE,0.25,1,1.25,0.5,6,4,3,6,2,1,2,1025.14,4.08,62,3,0.516
10,40,5,20,FALSE,TRUE,0.25,1,1.5,0.5,6,4,3,6,2,1,2,1025.14,4.08,62,3,0.516
10,40,5,20,FALSE,TRUE,0.25,1.25,1.25,0.5,6,5,3,7,2,1,2,1048.98,4.08,63,3,0.543
10,40,5,20,FALSE,TRUE,0.25,1.25,1.25,0.5,6,5,3,8,2,1,2,1048.98,4.08,63,3,0.543
10,40,5,30,TRUE,TRUE,0.25,1.25,1.25,0.5,6,6,3,7,2,1,2,574.37,4.08,65,1.497,0.179
10,40,5,30,TRUE,TRUE,0.25,1.25,1.25,0.5,6,6,3,8,2,1,2,574.37,4.08,65,1.497,0.179
10,40,5,30,FALSE,TRUE,0.25,1,1.25,0.5,6,4,3,6,2,1,2,1025.14,4.08,62,3,0.516
10,40,5,30,FALSE,TRUE,0.25,1,1.5,0.5,6,4,3,6,2,1,2,1025.14,4.08,62,3,0.516
10,40,5,30,FALSE,TRUE,0.25,1.25,1.25,0.5,6,5,3,7,2,1,2,1048.98,4.08,63,3,0.543
10,40,5,30,FALSE,TRUE,0.25,1.25,1.25,0.5,6,5,3,8,2,1,2,1048.98,4.08,63,3,0.543
10,20,6,20,TRUE,TRUE,0.25,1,1.25,0.5,6,6,3,5,2,1,2,462.01,4.08,50,1.497,-0.021
10,20,6,20,TRUE,TRUE,0.25,1,1.5,0.5,6,6,3,5,2,1,2,462.01,4.08,50,1.497,-0.021
10,20,6,20,TRUE,TRUE,0.25,1.5,1.5,0.5,6,4,3,6,2,1,2,445.73,4.08,47,1.497,-0.049
10,20,6,20,TRUE,TRUE,0.25,1.5,1.5,0.5,6,7,3,7,2,1,2,531.93,4.08,57,1.497,0.107
10,20,6,20,TRUE,TRUE,0.25,1.5,1.5,0.5,6,7,3,8,2,1,2,531.93,4.08,57,1.497,0.107
10,20,6,20,FALSE,TRUE,0.25,1.25,1,0.5,6,5,3,5,2,1,2,758.08,4.08,48,3,0.348
10,20,6,20,FALSE,TRUE,0.25,1.5,1,0.5,6,6,3,5,2,1,2,757.15,4.08,48,3,0.351
10,20,6,30,FALSE,TRUE,0.25,1.25,1,0.5,6,5,3,5,2,1,2,758.08,4.08,48,3,0.348
10,20,6,30,FALSE,TRUE,0.25,1.5,1,0.5,6,6,3,5,2,1,2,757.15,4.08,48,3,0.351
10,30,6,20,TRUE,TRUE,0.25,1.5,1.5,0.5,6,5,3,6,2,1,2,451.66,4.08,48,1.497,-0.036
10,30,6,20,FALSE,TRUE,0.25,1.25,1,0.5,6,5,3,5,2,1,2,758.08,4.08,48,3,0.348
10,30,6,20,FALSE,TRUE,0.25,1.5,1,0.5,6,6,3,5,2,1,2,757.15,4.08,48,3,0.351
10,30,6,30,FALSE,TRUE,0.25,1.25,1,0.5,6,5,3,5,2,1,2,758.08,4.08,48,3,0.348
10,30,6,30,FALSE,TRUE,0.25,1.5,1,0.5,6,6,3,5,2,1,2,757.15,4.08,48,3,0.351
10,40,6,20,TRUE,TRUE,0.25,1.5,1,0.5,6,7,3,7,2,1,2,538.77,4.08,58,1.497,0.115
10,40,6,20,TRUE,TRUE,0.25,1.5,1,0.5,6,7,3,8,2,1,2,538.77,4.08,58,1.497,0.115
10,40,6,20,TRUE,TRUE,0.25,1.5,1.5,0.5,6,4,3,7,2,1,2,477.28,4.08,49,1.497,0.019
10,40,6,20,TRUE,TRUE,0.25,1.5,1.5,0.5,6,4,3,8,2,1,2,477.28,4.08,49,1.497,0.019
10,40,6,30,TRUE,TRUE,0.25,1,1,0.5,6,5,3,5,2,1,2,462.48,4.08,48,1.497,-0.022
10,40,6,30,TRUE,TRUE,0.25,1.5,1,0.5,6,5,3,6,2,1,2,454.64,4.08,48,1.497,-0.032
10,40,6,30,TRUE,TRUE,0.25,1.5,1.5,0.5,6,5,3,6,2,1,2,449.14,4.08,47,1.497,-0.042
15,20,4,20,TRUE,TRUE,0.25,1.25,1,0.5,6,6,3,7,2,1,2,533.83,4.08,71,1.297,0.126
15,20,4,20,TRUE,TRUE,0.25,1.25,1,0.5,6,6,3,8,2,1,2,533.83,4.08,71,1.297,0.126
15,20,4,20,TRUE,TRUE,0.25,1.25,1.25,0.5,6,6,3,5,2,1,2,520.21,4.08,68,1.297,0.104
15,20,4,20,FALSE,TRUE,0.25,1.5,1,0.5,6,6,3,5,2,1,2,1021.91,4.08,67,3,0.538
15,20,4,30,TRUE,TRUE,0.25,1.5,1.25,0.5,6,5,3,5,2,1,2,511.78,4.08,64,1.297,0.089
15,20,4,30,FALSE,TRUE,0.25,1.5,1.5,0.5,6,7,3,7,2,1,2,1135.34,4.08,70,3,0.584
15,20,4,30,FALSE,TRUE,0.25,1.5,1.5,0.5,6,7,3,8,2,1,2,1135.34,4.08,70,3,0.584
15,30,4,20,TRUE,TRUE,0.25,1.25,1.5,0.5,6,5,3,6,2,1,2,539.33,4.08,67,1.297,0.132
15,30,4,20,FALSE,TRUE,0.25,1.5,1,0.5,6,6,3,5,2,1,2,1021.91,4.08,67,3,0.538
15,30,4,30,TRUE,TRUE,0.25,1,1,0.5,6,7,3,6,2,1,2,562.48,4.08,72,1.297,0.162
15,30,4,30,TRUE,TRUE,0.25,1,1.25,0.5,6,7,3,6,2,1,2,562.48,4.08,72,1.297,0.162
15,30,4,30,TRUE,TRUE,0.25,1,1.5,0.5,6,7,3,6,2,1,2,562.48,4.08,72,1.297,0.162
15,30,4,30,FALSE,TRUE,0.25,1.5,1.5,0.5,6,7,3,7,2,1,2,1135.34,4.08,70,3,0.584
15,30,4,30,FALSE,TRUE,0.25,1.5,1.5,0.5,6,7,3,8,2,1,2,1135.34,4.08,70,3,0.584
15,40,4,20,FALSE,TRUE,0.25,1.5,1,0.5,6,5,3,6,2,1,2,1021.18,4.08,66,3,0.535
15,40,4,30,TRUE,TRUE,0.25,1.25,1.5,0.5,6,6,3,6,2,1,2,535.72,4.08,65,1.297,0.125
15,20,5,20,TRUE,TRUE,0.25,1.25,1.5,0.5,6,5,3,6,2,1,2,519.19,4.08,61,1.297,0.092
15,20,5,20,FALSE,TRUE,0.25,1.5,1.5,0.5,6,5,3,6,2,1,2,982.32,4.08,58,3,0.5
15,20,5,30,TRUE,TRUE,0.25,1,1,0.5,6,5,3,6,2,1,2,537.19,4.08,63,1.297,0.117
15,20,5,30,TRUE,TRUE,0.25,1.5,1,0.5,6,5,3,6,2,1,2,521.05,4.08,60,1.297,0.094
15,20,5,30,TRUE,TRUE,0.25,1.5,1.25,0.5,6,5,3,7,2,1,2,520.28,4.08,60,1.297,0.095
15,20,5,30,TRUE,TRUE,0.25,1.5,1.25,0.5,6,5,3,8,2,1,2,520.28,4.08,60,1.297,0.095
15,20,5,30,FALSE,TRUE,0.25,1.5,1.5,0.5,6,5,3,6,2,1,2,982.32,4.08,58,3,0.5
15,30,5,20,TRUE,TRUE,0.25,1.25,1.5,0.5,6,6,3,7,2,1,2,545.57,4.08,63,1.297,0.131
15,30,5,20,TRUE,TRUE,0.25,1.25,1.5,0.5,6,6,3,8,2,1,2,545.57,4.08,63,1.297,0.131
15,30,5,20,TRUE,TRUE,0.25,1.5,1,0.5,6,6,3,6,2,1,2,542.82,4.08,61,1.297,0.124
15,30,5,20,FALSE,TRUE,0.25,1.5,1.5,0.5,6,5,3,6,2,1,2,982.32,4.08,58,3,0.5
15,30,5,30,FALSE,TRUE,0.25,1.5,1.5,0.5,6,5,3,6,2,1,2,982.32,4.08,58,3,0.5
15,40,5,20,TRUE,TRUE,0.25,1,1,0.5,6,4,3,6,2,1,2,556.19,4.08,62,1.297,0.138
15,40,5,20,TRUE,TRUE,0.25,1.25,1.25,0.5,6,7,3,7,2,1,2,572.18,4.08,66,1.297,0.171
15,40,5,20,TRUE,TRUE,0.25,1.25,1.25,0.5,6,7,3,8,2,1,2,572.18,4.08,66,1.297,0.171
15,40,5,20,FALSE,TRUE,0.25,1,1,0.5,6,6,3,6,2,1,2,1030.55,4.08,63,3,0.522
15,40,5,20,FALSE,TRUE,0.25,1.25,1.5,0.5,6,5,3,6,2,1,2,989.91,4.08,60,3,0.502
15,40,5,30,TRUE,TRUE,0.25,1.25,1.5,0.5,6,7,3,6,2,1,2,570.92,4.08,64,1.297,0.168
15,40,5,30,FALSE,TRUE,0.25,1,1,0.5,6,6,3,6,2,1,2,1030.55,4.08,63,3,0.522
15,40,5,30,FALSE,TRUE,0.25,1.25,1.5,0.5,6,5,3,6,2,1,2,989.91,4.08,60,3,0.502
15,20,6,20,TRUE,TRUE,0.25,1.25,1,0.5,6,7,3,7,2,1,2,456.3,4.08,51,1.297,-0.026
15,20,6,20,TRUE,TRUE,0.25,1.25,1,0.5,6,7,3,8,2,1,2,456.3,4.08,51,1.297,-0.026
15,20,6,20,FALSE,TRUE,0.25,1.5,1,0.5,6,7,3,7,2,1,2,827,4.08,50,3,0.397
15,20,6,20,FALSE,TRUE,0.25,1.5,1,0.5,6,7,3,8,2,1,2,827,4.08,50,3,0.397
15,20,6,30,FALSE,TRUE,0.25,1.5,1,0.5,6,7,3,7,2,1,2,827,4.08,50,3,0.397
15,20,6,30,FALSE,TRUE,0.25,1.5,1,0.5,6,7,3,8,2,1,2,827,4.08,50,3,0.397
15,30,6,20,TRUE,TRUE,0.25,1.25,1.25,0.5,6,6,3,7,2,1,2,456.58,4.08,49,1.297,-0.024
15,30,6,20,TRUE,TRUE,0.25,1.25,1.25,0.5,6,6,3,8,2,1,2,456.58,4.08,49,1.297,-0.024
15,30,6,20,TRUE,TRUE,0.25,1.25,1.5,0.5,6,6,3,7,2,1,2,456.58,4.08,49,1.297,-0.024
15,30,6,20,TRUE,TRUE,0.25,1.25,1.5,0.5,6,6,3,8,2,1,2,456.58,4.08,49,1.297,-0.024
15,30,6,20,FALSE,TRUE,0.25,1.5,1,0.5,6,7,3,7,2,1,2,827,4.08,50,3,0.397
15,30,6,20,FALSE,TRUE,0.25,1.5,1,0.5,6,7,3,8,2,1,2,827,4.08,50,3,0.397
15,30,6,30,FALSE,TRUE,0.25,1.5,1,0.5,6,7,3,7,2,1,2,827,4.08,50,3,0.397
15,30,6,30,FALSE,TRUE,0.25,1.5,1,0.5,6,7,3,8,2,1,2,827,4.08,50,3,0.397
15,40,6,20,FALSE,TRUE,0.25,1.5,1,0.5,6,7,3,7,2,1,2,827,4.08,50,3,0.397
15,40,6,20,FALSE,TRUE,0.25,1.5,1,0.5,6,7,3,8,2,1,2,827,4.08,50,3,0.397
15,40,6,30,TRUE,TRUE,0.25,1.5,1,0.5,6,4,3,7,2,1,2,451.2,4.08,45,1.297,-0.037
15,40,6,30,TRUE,TRUE,0.25,1.5,1,0.5,6,4,3,8,2,1,2,451.2,4.08,45,1.297,-0.037
15,40,6,30,FALSE,TRUE,0.25,1.5,1,0.5,6,7,3,7,2,1,2,827,4.08,50,3,0.397
15,40,6,30,FALSE,TRUE,0.25,1.5,1,0.5,6,7,3,8,2,1,2,827,4.08,50,3,0.397
10,20,4,20,TRUE,TRUE,0.25,1.25,1,0.5,6,7,3,6,2,1,2,552.34,4.07,73,1.497,0.154
10,20,4,20,FALSE,TRUE,0.25,1.25,1,0.5,6,6,3,7,2,1,2,1096.04,4.07,72,3,0.582
10,20,4,20,FALSE,TRUE,0.25,1.25,1,0.5,6,6,3,8,2,1,2,1096.04,4.07,72,3,0.582
10,20,4,30,FALSE,TRUE,0.25,1.5,1.25,0.5,6,7,3,6,2,1,2,1126.21,4.07,70,3,0.576
10,30,4,20,TRUE,TRUE,0.25,1.25,1.5,0.5,6,4,3,6,2,1,2,531.82,4.07,65,1.497,0.118
10,30,4,20,TRUE,TRUE,0.25,1.5,1.25,0.5,6,6,3,7,2,1,2,563.8,4.07,70,1.497,0.173
10,30,4,20,TRUE,TRUE,0.25,1.5,1.25,0.5,6,6,3,8,2,1,2,563.8,4.07,70,1.497,0.173
10,30,4,20,FALSE,TRUE,0.25,1.25,1,0.5,6,6,3,7,2,1,2,1096.04,4.07,72,3,0.582
10,30,4,20,FALSE,TRUE,0.25,1.25,1,0.5,6,6,3,8,2,1,2,1096.04,4.07,72,3,0.582
10,30,4,30,TRUE,TRUE,0.25,1.25,1.25,0.5,6,5,3,7,2,1,2,563.35,4.07,69,1.497,0.172
10,30,4,30,TRUE,TRUE,0.25,1.25,1.25,0.5,6,5,3,8,2,1,2,563.35,4.07,69,1.497,0.172
10,30,4,30,TRUE,TRUE,0.25,1.25,1.25,0.5,6,6,3,7,2,1,2,563.35,4.07,69,1.497,0.172
10,30,4,30,TRUE,TRUE,0.25,1.25,1.25,0.5,6,6,3,8,2,1,2,563.35,4.07,69,1.497,0.172
10,30,4,30,TRUE,TRUE,0.25,1.25,1.5,0.5,6,7,3,7,2,1,2,588.86,4.07,72,1.497,0.208
10,30,4,30,TRUE,TRUE,0.25,1.25,1.5,0.5,6,7,3,8,2,1,2,588.86,4.07,72,1.497,0.208
10,30,4,30,FALSE,TRUE,0.25,1.5,1.25,0.5,6,7,3,6,2,1,2,1126.21,4.07,70,3,0.576
10,40,4,30,FALSE,TRUE,0.25,1.5,1.25,0.5,6,4,3,7,2,1,2,1055.62,4.07,66,3,0.556
10,40,4,30,FALSE,TRUE,0.25,1.5,1.25,0.5,6,4,3,8,2,1,2,1055.62,4.07,66,3,0.556
10,40,4,30,FALSE,TRUE,0.25,1.5,1.25,0.5,6,6,3,6,2,1,2,996.44,4.07,64,3,0.522
10,20,5,30,TRUE,TRUE,0.25,1.25,1.25,0.5,6,5,3,7,2,1,2,551.96,4.07,65,1.497,0.149
10,20,5,30,TRUE,TRUE,0.25,1.25,1.25,0.5,6,5,3,8,2,1,2,551.96,4.07,65,1.497,0.149
10,30,5,20,TRUE,TRUE,0.25,1.25,1,0.5,6,4,3,6,2,1,2,538.85,4.07,61,1.497,0.116
10,30,5,30,TRUE,TRUE,0.25,1.25,1,0.5,6,4,3,7,2,1,2,578.02,4.07,65,1.497,0.18
10,30,5,30,TRUE,TRUE,0.25,1.25,1,0.5,6,4,3,8,2,1,2,578.02,4.07,65,1.497,0.18
10,30,5,30,TRUE,TRUE,0.25,1.25,1.5,0.5,6,4,3,6,2,1,2,540.29,4.07,60,1.497,0.121
10,20,6,20,FALSE,TRUE,0.25,1,1,0.5,6,5,3,5,2,1,2,785.82,4.07,49,3,0.373
10,20,6,20,FALSE,TRUE,0.25,1,1.25,0.5,6,5,3,5,2,1,2,784.19,4.07,49,3,0.371
10,20,6,20,FALSE,TRUE,0.25,1,1.5,0.5,6,5,3,5,2,1,2,784.19,4.07,49,3,0.371
10,20,6,30,FALSE,TRUE,0.25,1,1,0.5,6,5,3,5,2,1,2,785.82,4.07,49,3,0.373
10,20,6,30,FALSE,TRUE,0.25,1,1.25,0.5,6,5,3,5,2,1,2,784.19,4.07,49,3,0.371
10,20,6,30,FALSE,TRUE,0.25,1,1.5,0.5,6,5,3,5,2,1,2,784.19,4.07,49,3,0.371
10,30,6,20,FALSE,TRUE,0.25,1,1,0.5,6,5,3,5,2,1,2,785.82,4.07,49,3,0.373
10,30,6,20,FALSE,TRUE,0.25,1,1.25,0.5,6,5,3,5,2,1,2,784.19,4.07,49,3,0.371
10,30,6,20,FALSE,TRUE,0.25,1,1.5,0.5,6,5,3,5,2,1,2,784.19,4.07,49,3,0.371
10,30,6,30,TRUE,TRUE,0.25,1.5,1,0.5,6,4,3,5,2,1,2,447.09,4.07,46,1.497,-0.047
10,30,6,30,FALSE,TRUE,0.25,1,1,0.5,6,5,3,5,2,1,2,785.82,4.07,49,3,0.373
10,30,6,30,FALSE,TRUE,0.25,1,1.25,0.5,6,5,3,5,2,1,2,784.19,4.07,49,3,0.371
10,30,6,30,FALSE,TRUE,0.25,1,1.5,0.5,6,5,3,5,2,1,2,784.19,4.07,49,3,0.371
10,40,6,20,TRUE,TRUE,0.25,1.5,1.25,0.5,6,6,3,7,2,1,2,483.45,4.07,52,1.497,0.033
10,40,6,20,TRUE,TRUE,0.25,1.5,1.25,0.5,6,6,3,8,2,1,2,483.45,4.07,52,1.497,0.033
10,40,6,20,TRUE,TRUE,0.25,1.5,1.25,0.5,6,7,3,7,2,1,2,534.29,4.07,57,1.497,0.109
10,40,6,20,TRUE,TRUE,0.25,1.5,1.25,0.5,6,7,3,8,2,1,2,534.29,4.07,57,1.497,0.109
10,40,6,20,FALSE,TRUE,0.25,1.5,1,0.5,6,6,3,5,2,1,2,756.06,4.07,48,3,0.35
10,40,6,30,TRUE,TRUE,0.25,1,1.25,0.5,6,5,3,5,2,1,2,461.65,4.07,48,1.497,-0.023
10,40,6,30,TRUE,TRUE,0.25,1,1.5,0.5,6,5,3,5,2,1,2,461.65,4.07,48,1.497,-0.023
10,40,6,30,FALSE,TRUE,0.25,1.5,1,0.5,6,6,3,5,2,1,2,756.06,4.07,48,3,0.35
15,20,4,20,TRUE,TRUE,0.25,1.5,1,0.5,6,5,3,7,2,1,2,525.93,4.07,68,1.297,0.114
15,20,4,20,TRUE,TRUE,0.25,1.5,1,0.5,6,5,3,8,2,1,2,525.93,4.07,68,1.297,0.114
15,20,4,20,TRUE,TRUE,0.25,1.5,1.25,0.5,6,7,3,7,2,1,2,591.72,4.07,73,1.297,0.202
15,20,4,20,TRUE,TRUE,0.25,1.5,1.25,0.5,6,7,3,8,2,1,2,591.72,4.07,73,1.297,0.202
15,20,4,20,FALSE,TRUE,0.25,1.25,1,0.5,6,7,3,7,2,1,2,1101.57,4.07,74,3,0.569
15,20,4,20,FALSE,TRUE,0.25,1.25,1,0.5,6,7,3,8,2,1,2,1101.57,4.07,74,3,0.569
15,20,4,30,TRUE,TRUE,0.25,1,1,0.5,6,5,3,7,2,1,2,543.08,4.07,71,1.297,0.138
15,20,4,30,TRUE,TRUE,0.25,1,1,0.5,6,5,3,8,2,1,2,543.08,4.07,71,1.297,0.138
15,20,4,30,TRUE,TRUE,0.25,1,1,0.5,6,6,3,7,2,1,2,543.08,4.07,71,1.297,0.138
15,20,4,30,TRUE,TRUE,0.25,1,1,0.5,6,6,3,8,2,1,2,543.08,4.07,71,1.297,0.138
15,20,4,30,TRUE,TRUE,0.25,1,1.25,0.5,6,5,3,7,2,1,2,543.08,4.07,71,1.297,0.138
15,20,4,30,TRUE,TRUE,0.25,1,1.25,0.5,6,5,3,8,2,1,2,543.08,4.07,71,1.297,0.138
15,20,4,30,TRUE,TRUE,0.25,1,1.25,0.5,6,6,3,7,2,1,2,543.08,4.07,71,1.297,0.138
15,20,4,30,TRUE,TRUE,0.25,1,1.25,0.5,6,6,3,8,2,1,2,543.08,4.07,71,1.297,0.138
15,20,4,30,TRUE,TRUE,0.25,1,1.5,0.5,6,5,3,7,2,1,2,543.08,4.07,71,1.297,0.138
15,20,4,30,TRUE,TRUE,0.25,1,1.5,0.5,6,5,3,8,2,1,2,543.08,4.07,71,1.297,0.138
15,20,4,30,TRUE,TRUE,0.25,1,1.5,0.5,6,6,3,7,2,1,2,543.08,4.07,71,1.297,0.138
15,20,4,30,TRUE,TRUE,0.25,1,1.5,0.5,6,6,3,8,2,1,2,543.08,4.07,71,1.297,0.138
15,20,4,30,TRUE,TRUE,0.25,1.5,1,0.5,6,5,3,7,2,1,2,523.15,4.07,67,1.297,0.109
15,20,4,30,TRUE,TRUE,0.25,1.5,1,0.5,6,5,3,8,2,1,2,523.15,4.07,67,1.297,0.109
15,20,4,30,TRUE,TRUE,0.25,1.5,1,0.5,6,6,3,7,2,1,2,523.15,4.07,67,1.297,0.109
15,20,4,30,TRUE,TRUE,0.25,1.5,1,0.5,6,6,3,8,2,1,2,523.15,4.07,67,1.297,0.109
15,20,4,30,FALSE,TRUE,0.25,1.25,1,0.5,6,5,3,6,2,1,2,1023.15,4.07,67,3,0.532
15,20,4,30,FALSE,TRUE,0.25,1.25,1.25,0.5,6,4,3,5,2,1,2,996.02,4.07,64,3,0.517
15,20,4,30,FALSE,TRUE,0.25,1.5,1.5,0.5,6,6,3,5,2,1,2,999.38,4.07,64,3,0.525
15,20,4,30,FALSE,TRUE,0.25,1.5,1.5,0.5,6,7,3,6,2,1,2,1129.65,4.07,69,3,0.578
15,30,4,20,TRUE,TRUE,0.25,1,1,0.5,6,7,3,7,2,1,2,568.47,4.07,75,1.297,0.173
15,30,4,20,TRUE,TRUE,0.25,1,1,0.5,6,7,3,8,2,1,2,568.47,4.07,75,1.297,0.173
15,30,4,20,TRUE,TRUE,0.25,1,1.25,0.5,6,7,3,7,2,1,2,568.47,4.07,75,1.297,0.173
15,30,4,20,TRUE,TRUE,0.25,1,1.25,0.5,6,7,3,8,2,1,2,568.47,4.07,75,1.297,0.173
15,30,4,20,TRUE,TRUE,0.25,1,1.5,0.5,6,7,3,7,2,1,2,568.47,4.07,75,1.297,0.173
15,30,4,20,TRUE,TRUE,0.25,1,1.5,0.5,6,7,3,8,2,1,2,568.47,4.07,75,1.297,0.173
15,30,4,20,TRUE,TRUE,0.25,1.5,1.25,0.5,6,4,3,5,2,1,2,533.11,4.07,65,1.297,0.119
15,30,4,20,FALSE,TRUE,0.25,1.25,1,0.5,6,7,3,7,2,1,2,1101.57,4.07,74,3,0.569
15,30,4,20,FALSE,TRUE,0.25,1.25,1,0.5,6,7,3,8,2,1,2,1101.57,4.07,74,3,0.569
15,30,4,30,TRUE,TRUE,0.25,1.25,1.5,0.5,6,5,3,7,2,1,2,538.08,4.07,67,1.297,0.13
15,30,4,30,TRUE,TRUE,0.25,1.25,1.5,0.5,6,5,3,8,2,1,2,538.08,4.07,67,1.297,0.13
15,30,4,30,TRUE,TRUE,0.25,1.25,1.5,0.5,6,6,3,7,2,1,2,538.08,4.07,67,1.297,0.13
15,30,4,30,TRUE,TRUE,0.25,1.25,1.5,0.5,6,6,3,8,2,1,2,538.08,4.07,67,1.297,0.13
15,30,4,30,TRUE,TRUE,0.25,1.5,1,0.5,6,5,3,6,2,1,2,537.5,4.07,65,1.297,0.127
15,30,4,30,FALSE,TRUE,0.25,1.25,1,0.5,6,5,3,6,2,1,2,1023.15,4.07,67,3,0.532
15,30,4,30,FALSE,TRUE,0.25,1.25,1.25,0.5,6,4,3,5,2,1,2,996.02,4.07,64,3,0.517
15,30,4,30,FALSE,TRUE,0.25,1.5,1.5,0.5,6,6,3,5,2,1,2,999.38,4.07,64,3,0.525
15,30,4,30,FALSE,TRUE,0.25,1.5,1.5,0.5,6,7,3,6,2,1,2,1129.65,4.07,69,3,0.578
15,40,4,20,TRUE,TRUE,0.25,1,1,0.5,6,4,3,7,2,1,2,563.17,4.07,71,1.297,0.163
15,40,4,20,TRUE,TRUE,0.25,1,1,0.5,6,4,3,8,2,1,2,563.17,4.07,71,1.297,0.163
15,40,4,20,TRUE,TRUE,0.25,1,1.25,0.5,6,4,3,7,2,1,2,563.17,4.07,71,1.297,0.163
15,40,4,20,TRUE,TRUE,0.25,1,1.25,0.5,6,4,3,8,2,1,2,563.17,4.07,71,1.297,0.163
15,40,4,20,TRUE,TRUE,0.25,1,1.5,0.5,6,4,3,7,2,1,2,563.17,4.07,71,1.297,0.163
15,40,4,20,TRUE,TRUE,0.25,1,1.5,0.5,6,4,3,8,2,1,2,563.17,4.07,71,1.297,0.163
15,40,4,20,TRUE,TRUE,0.25,1.25,1,0.5,6,4,3,6,2,1,2,544.23,4.07,67,1.297,0.136
15,40,4,20,TRUE,TRUE,0.25,1.5,1.5,0.5,6,5,3,6,2,1,2,534.25,4.07,65,1.297,0.123
15,40,4,20,FALSE,TRUE,0.25,1,1,0.5,6,5,3,6,2,1,2,1063.89,4.07,70,3,0.556
15,40,4,20,FALSE,TRUE,0.25,1,1.25,0.5,6,5,3,6,2,1,2,1063.89,4.07,70,3,0.556
15,40,4,20,FALSE,TRUE,0.25,1,1.5,0.5,6,5,3,6,2,1,2,1063.89,4.07,70,3,0.556
15,40,4,30,TRUE,TRUE,0.25,1.25,1.5,0.5,6,5,3,6,2,1,2,532.91,4.07,64,1.297,0.12
15,40,4,30,TRUE,TRUE,0.25,1.5,1.5,0.5,6,5,3,7,2,1,2,534.39,4.07,65,1.297,0.124
15,40,4,30,TRUE,TRUE,0.25,1.5,1.5,0.5,6,5,3,8,2,1,2,534.39,4.07,65,1.297,0.124
15,40,4,30,TRUE,TRUE,0.25,1.5,1.5,0.5,6,6,3,7,2,1,2,534.39,4.07,65,1.297,0.124
15,40,4,30,TRUE,TRUE,0.25,1.5,1.5,0.5,6,6,3,8,2,1,2,534.39,4.07,65,1.297,0.124
15,40,4,30,FALSE,TRUE,0.25,1.25,1.5,0.5,6,7,3,7,2,1,2,1071.32,4.07,69,3,0.555
15,40,4,30,FALSE,TRUE,0.25,1.25,1.5,0.5,6,7,3,8,2,1,2,1071.32,4.07,69,3,0.555
15,40,4,30,FALSE,TRUE,0.25,1.5,1,0.5,6,5,3,7,2,1,2,1018.83,4.07,66,3,0.535
15,40,4,30,FALSE,TRUE,0.25,1.5,1,0.5,6,5,3,8,2,1,2,1018.83,4.07,66,3,0.535
15,40,4,30,FALSE,TRUE,0.25,1.5,1,0.5,6,6,3,7,2,1,2,1018.83,4.07,66,3,0.535
15,40,4,30,FALSE,TRUE,0.25,1.5,1,0.5,6,6,3,8,2,1,2,1018.83,4.07,66,3,0.535
15,40,4,30,FALSE,TRUE,0.25,1.5,1.25,0.5,6,4,3,5,2,1,2,992.67,4.07,62,3,0.512
15,20,5,20,TRUE,TRUE,0.25,1.25,1,0.5,6,6,3,7,2,1,2,528.82,4.07,65,1.297,0.106
15,20,5,20,TRUE,TRUE,0.25,1.25,1,0.5,6,6,3,8,2,1,2,528.82,4.07,65,1.297,0.106
15,20,5,30,TRUE,TRUE,0.25,1.25,1,0.5,6,5,3,6,2,1,2,523.34,4.07,62,1.297,0.095
15,20,5,30,TRUE,TRUE,0.25,1.25,1,0.5,6,7,3,7,2,1,2,556.86,4.07,68,1.297,0.151
15,20,5,30,TRUE,TRUE,0.25,1.25,1,0.5,6,7,3,8,2,1,2,556.86,4.07,68,1.297,0.151
15,20,5,30,TRUE,TRUE,0.25,1.25,1.25,0.5,6,4,3,5,2,1,2,508.01,4.07,58,1.297,0.069
15,30,5,20,TRUE,TRUE,0.25,1,1.25,0.5,6,4,3,6,2,1,2,560.44,4.07,64,1.297,0.146
15,30,5,20,TRUE,TRUE,0.25,1,1.5,0.5,6,4,3,6,2,1,2,560.44,4.07,64,1.297,0.146
15,30,5,20,TRUE,TRUE,0.25,1.5,1.25,0.5,6,6,3,7,2,1,2,541.68,4.07,61,1.297,0.125
15,30,5,20,TRUE,TRUE,0.25,1.5,1.25,0.5,6,6,3,8,2,1,2,541.68,4.07,61,1.297,0.125
15,30,5,30,TRUE,TRUE,0.25,1.25,1.5,0.5,6,7,3,7,2,1,2,573.28,4.07,66,1.297,0.173
15,30,5,30,TRUE,TRUE,0.25,1.25,1.5,0.5,6,7,3,8,2,1,2,573.28,4.07,66,1.297,0.173
15,40,5,30,TRUE,TRUE,0.25,1.25,1,0.5,6,6,3,6,2,1,2,546.75,4.07,62,1.297,0.127
15,40,5,30,TRUE,TRUE,0.25,1.25,1.5,0.5,6,4,3,7,2,1,2,544.28,4.07,60,1.297,0.126
15,40,5,30,TRUE,TRUE,0.25,1.25,1.5,0.5,6,4,3,8,2,1,2,544.28,4.07,60,1.297,0.126
15,30,6,20,TRUE,TRUE,0.25,1.25,1,0.5,6,4,3,6,2,1,2,445.95,4.07,45,1.297,-0.05
15,30,6,30,TRUE,TRUE,0.25,1.5,1,0.5,6,4,3,6,2,1,2,448.04,4.07,44,1.297,-0.044
15,40,6,20,TRUE,TRUE,0.25,1.25,1.25,0.5,6,6,3,7,2,1,2,456.14,4.07,49,1.297,-0.025
15,40,6,20,TRUE,TRUE,0.25,1.25,1.25,0.5,6,6,3,8,2,1,2,456.14,4.07,49,1.297,-0.025
15,40,6,20,TRUE,TRUE,0.25,1.25,1.5,0.5,6,6,3,7,2,1,2,456.14,4.07,49,1.297,-0.025
15,40,6,20,TRUE,TRUE,0.25,1.25,1.5,0.5,6,6,3,8,2,1,2,456.14,4.07,49,1.297,-0.025
10,20,4,20,TRUE,TRUE,0.25,1,1,0.5,6,7,3,6,2,1,2,543.03,4.06,73,1.497,0.138
10,20,4,20,TRUE,TRUE,0.25,1,1.25,0.5,6,7,3,6,2,1,2,542.23,4.06,73,1.497,0.136
10,20,4,20,TRUE,TRUE,0.25,1,1.5,0.5,6,7,3,6,2,1,2,542.23,4.06,73,1.497,0.136
10,20,4,20,TRUE,TRUE,0.25,1.25,1.25,0.5,6,5,3,7,2,1,2,547.71,4.06,70,1.497,0.151
10,20,4,20,TRUE,TRUE,0.25,1.25,1.25,0.5,6,5,3,8,2,1,2,547.71,4.06,70,1.497,0.151
10,20,4,20,TRUE,TRUE,0.25,1.5,1.25,0.5,6,4,3,7,2,1,2,542,4.06,68,1.497,0.14
10,20,4,20,TRUE,TRUE,0.25,1.5,1.25,0.5,6,4,3,8,2,1,2,542,4.06,68,1.497,0.14
10,20,4,20,TRUE,TRUE,0.25,1.5,1.25,0.5,6,5,3,6,2,1,2,511.87,4.06,66,1.497,0.09
10,20,4,20,FALSE,TRUE,0.25,1.5,1,0.5,6,6,3,7,2,1,2,1079.79,4.06,70,3,0.577
10,20,4,20,FALSE,TRUE,0.25,1.5,1,0.5,6,6,3,8,2,1,2,1079.79,4.06,70,3,0.577
10,20,4,20,FALSE,TRUE,0.25,1.5,1.5,0.5,6,5,3,7,2,1,2,1063.67,4.06,68,3,0.569
10,20,4,20,FALSE,TRUE,0.25,1.5,1.5,0.5,6,5,3,8,2,1,2,1063.67,4.06,68,3,0.569
10,20,4,30,TRUE,TRUE,0.25,1.25,1,0.5,6,4,3,6,2,1,2,515.18,4.06,65,1.497,0.093
10,20,4,30,TRUE,TRUE,0.25,1.5,1.25,0.5,6,4,3,7,2,1,2,538.8,4.06,67,1.497,0.135
10,20,4,30,TRUE,TRUE,0.25,1.5,1.25,0.5,6,4,3,8,2,1,2,538.8,4.06,67,1.497,0.135
10,20,4,30,TRUE,TRUE,0.25,1.5,1.25,0.5,6,6,3,6,2,1,2,508.74,4.06,65,1.497,0.085
10,30,4,20,TRUE,TRUE,0.25,1,1,0.5,6,4,3,6,2,1,2,556.04,4.06,70,1.497,0.153
10,30,4,20,TRUE,TRUE,0.25,1.5,1.25,0.5,6,4,3,6,2,1,2,528.29,4.06,65,1.497,0.112
10,30,4,20,FALSE,TRUE,0.25,1.5,1,0.5,6,6,3,7,2,1,2,1079.79,4.06,70,3,0.577
10,30,4,20,FALSE,TRUE,0.25,1.5,1,0.5,6,6,3,8,2,1,2,1079.79,4.06,70,3,0.577
10,30,4,20,FALSE,TRUE,0.25,1.5,1.5,0.5,6,5,3,7,2,1,2,1063.67,4.06,68,3,0.569
10,30,4,20,FALSE,TRUE,0.25,1.5,1.5,0.5,6,5,3,8,2,1,2,1063.67,4.06,68,3,0.569
10,30,4,30,TRUE,TRUE,0.25,1.25,1,0.5,6,4,3,6,2,1,2,534.23,4.06,65,1.497,0.12
10,40,4,30,FALSE,TRUE,0.25,1.25,1.25,0.5,6,6,3,6,2,1,2,998.78,4.06,65,3,0.526
10,20,5,20,TRUE,TRUE,0.25,1,1.25,0.5,6,4,3,6,2,1,2,535.35,4.06,64,1.497,0.115
10,20,5,20,TRUE,TRUE,0.25,1,1.5,0.5,6,4,3,6,2,1,2,535.35,4.06,64,1.497,0.115
10,20,5,20,TRUE,TRUE,0.25,1.25,1.5,0.5,6,6,3,6,2,1,2,517.13,4.06,62,1.497,0.09
10,20,5,20,FALSE,TRUE,0.25,1.25,1,0.5,6,4,3,7,2,1,2,1060.31,4.06,65,3,0.543
10,20,5,20,FALSE,TRUE,0.25,1.25,1,0.5,6,4,3,8,2,1,2,1060.31,4.06,65,3,0.543
10,20,5,30,TRUE,TRUE,0.25,1,1,0.5,6,4,3,7,2,1,2,570.07,4.06,67,1.497,0.173
10,20,5,30,TRUE,TRUE,0.25,1,1,0.5,6,4,3,8,2,1,2,570.07,4.06,67,1.497,0.173
10,20,5,30,TRUE,TRUE,0.25,1,1.25,0.5,6,4,3,7,2,1,2,569.27,4.06,67,1.497,0.171
10,20,5,30,TRUE,TRUE,0.25,1,1.25,0.5,6,4,3,8,2,1,2,569.27,4.06,67,1.497,0.171
10,20,5,30,TRUE,TRUE,0.25,1,1.5,0.5,6,4,3,7,2,1,2,569.27,4.06,67,1.497,0.171
10,20,5,30,TRUE,TRUE,0.25,1,1.5,0.5,6,4,3,8,2,1,2,569.27,4.06,67,1.497,0.171
10,20,5,30,TRUE,TRUE,0.25,1.25,1,0.5,6,6,3,6,2,1,2,522.08,4.06,63,1.497,0.095
10,20,5,30,TRUE,TRUE,0.25,1.25,1,0.5,6,7,3,7,2,1,2,586.52,4.06,71,1.497,0.198
10,20,5,30,TRUE,TRUE,0.25,1.25,1,0.5,6,7,3,8,2,1,2,586.52,4.06,71,1.497,0.198
10,20,5,30,FALSE,TRUE,0.25,1.25,1,0.5,6,4,3,7,2,1,2,1060.31,4.06,65,3,0.543
10,20,5,30,FALSE,TRUE,0.25,1.25,1,0.5,6,4,3,8,2,1,2,1060.31,4.06,65,3,0.543
10,30,5,20,FALSE,TRUE,0.25,1.25,1,0.5,6,4,3,7,2,1,2,1060.31,4.06,65,3,0.543
10,30,5,20,FALSE,TRUE,0.25,1.25,1,0.5,6,4,3,8,2,1,2,1060.31,4.06,65,3,0.543
10,30,5,30,FALSE,TRUE,0.25,1.25,1,0.5,6,4,3,7,2,1,2,1060.31,4.06,65,3,0.543
10,30,5,30,FALSE,TRUE,0.25,1.25,1,0.5,6,4,3,8,2,1,2,1060.31,4.06,65,3,0.543
10,40,5,20,FALSE,TRUE,0.25,1,1,0.5,6,4,3,6,2,1,2,1016.55,4.06,61,3,0.509
10,40,5,20,FALSE,TRUE,0.25,1.25,1.5,0.5,6,6,3,7,2,1,2,1051.85,4.06,64,3,0.548
10,40,5,20,FALSE,TRUE,0.25,1.25,1.5,0.5,6,6,3,8,2,1,2,1051.85,4.06,64,3,0.548
10,40,5,30,TRUE,TRUE,0.25,1,1,0.5,6,4,3,6,2,1,2,552.07,4.06,61,1.497,0.133
10,40,5,30,FALSE,TRUE,0.25,1,1,0.5,6,4,3,6,2,1,2,1016.55,4.06,61,3,0.509
10,40,5,30,FALSE,TRUE,0.25,1.25,1.5,0.5,6,6,3,7,2,1,2,1051.85,4.06,64,3,0.548
10,40,5,30,FALSE,TRUE,0.25,1.25,1.5,0.5,6,6,3,8,2,1,2,1051.85,4.06,64,3,0.548
10,20,6,20,TRUE,TRUE,0.25,1.25,1.25,0.5,6,5,3,5,2,1,2,443.89,4.06,48,1.497,-0.054
10,20,6,20,TRUE,TRUE,0.25,1.25,1.5,0.5,6,5,3,5,2,1,2,443.89,4.06,48,1.497,-0.054
10,20,6,30,TRUE,TRUE,0.25,1.5,1,0.5,6,6,3,7,2,1,2,487.21,4.06,53,1.497,0.039
10,20,6,30,TRUE,TRUE,0.25,1.5,1,0.5,6,6,3,8,2,1,2,487.21,4.06,53,1.497,0.039
10,20,6,30,TRUE,TRUE,0.25,1.5,1.25,0.5,6,6,3,7,2,1,2,483.5,4.06,52,1.497,0.034
10,20,6,30,TRUE,TRUE,0.25,1.5,1.25,0.5,6,6,3,8,2,1,2,483.5,4.06,52,1.497,0.034
10,30,6,20,TRUE,TRUE,0.25,1.5,1.25,0.5,6,4,3,7,2,1,2,482.04,4.06,50,1.497,0.029
10,30,6,20,TRUE,TRUE,0.25,1.5,1.25,0.5,6,4,3,8,2,1,2,482.04,4.06,50,1.497,0.029
10,30,6,30,TRUE,TRUE,0.25,1.25,1,0.5,6,5,3,5,2,1,2,452.24,4.06,48,1.497,-0.039
10,40,6,20,TRUE,TRUE,0.25,1.5,1.5,0.5,6,6,3,7,2,1,2,481.65,4.06,52,1.497,0.029
10,40,6,20,TRUE,TRUE,0.25,1.5,1.5,0.5,6,6,3,8,2,1,2,481.65,4.06,52,1.497,0.029
10,40,6,20,TRUE,TRUE,0.25,1.5,1.5,0.5,6,7,3,7,2,1,2,532.49,4.06,57,1.497,0.107
10,40,6,20,TRUE,TRUE,0.25,1.5,1.5,0.5,6,7,3,8,2,1,2,532.49,4.06,57,1.497,0.107
10,40,6,30,TRUE,TRUE,0.25,1.5,1.25,0.5,6,4,3,7,2,1,2,479.69,4.06,49,1.497,0.024
10,40,6,30,TRUE,TRUE,0.25,1.5,1.25,0.5,6,4,3,8,2,1,2,479.69,4.06,49,1.497,0.024
15,20,4,20,TRUE,TRUE,0.25,1.25,1,0.5,6,6,3,6,2,1,2,530.4,4.06,70,1.297,0.119
15,20,4,20,TRUE,TRUE,0.25,1.5,1.25,0.5,6,7,3,6,2,1,2,588.28,4.06,72,1.297,0.196
15,20,4,20,TRUE,TRUE,0.25,1.5,1.5,0.5,6,6,3,5,2,1,2,515.24,4.06,66,1.297,0.096
15,20,4,30,TRUE,TRUE,0.25,1.25,1.5,0.5,6,7,3,7,2,1,2,542.98,4.06,70,1.297,0.141
15,20,4,30,TRUE,TRUE,0.25,1.25,1.5,0.5,6,7,3,8,2,1,2,542.98,4.06,70,1.297,0.141
15,20,4,30,FALSE,TRUE,0.25,1,1,0.5,6,4,3,5,2,1,2,1046.02,4.06,68,3,0.542
15,20,4,30,FALSE,TRUE,0.25,1,1.25,0.5,6,4,3,5,2,1,2,1046.02,4.06,68,3,0.542
15,20,4,30,FALSE,TRUE,0.25,1,1.5,0.5,6,4,3,5,2,1,2,1046.02,4.06,68,3,0.542
15,30,4,20,TRUE,TRUE,0.25,1.25,1,0.5,6,4,3,7,2,1,2,546.27,4.06,69,1.297,0.14
15,30,4,20,TRUE,TRUE,0.25,1.25,1,0.5,6,4,3,8,2,1,2,546.27,4.06,69,1.297,0.14
15,30,4,30,FALSE,TRUE,0.25,1,1,0.5,6,4,3,5,2,1,2,1046.02,4.06,68,3,0.542
15,30,4,30,FALSE,TRUE,0.25,1,1.25,0.5,6,4,3,5,2,1,2,1046.02,4.06,68,3,0.542
15,30,4,30,FALSE,TRUE,0.25,1,1.5,0.5,6,4,3,5,2,1,2,1046.02,4.06,68,3,0.542
15,40,4,20,TRUE,TRUE,0.25,1.25,1.5,0.5,6,4,3,7,2,1,2,538.78,4.06,66,1.297,0.129
15,40,4,20,TRUE,TRUE,0.25,1.25,1.5,0.5,6,4,3,8,2,1,2,538.78,4.06,66,1.297,0.129
15,40,4,20,TRUE,TRUE,0.25,1.25,1.5,0.5,6,7,3,7,2,1,2,566.14,4.06,71,1.297,0.174
15,40,4,20,TRUE,TRUE,0.25,1.25,1.5,0.5,6,7,3,8,2,1,2,566.14,4.06,71,1.297,0.174
15,40,4,20,FALSE,TRUE,0.25,1.25,1.25,0.5,6,6,3,5,2,1,2,1011.61,4.06,67,3,0.532
15,40,4,30,TRUE,TRUE,0.25,1.25,1,0.5,6,4,3,7,2,1,2,543.2,4.06,67,1.297,0.135
15,40,4,30,TRUE,TRUE,0.25,1.25,1,0.5,6,4,3,8,2,1,2,543.2,4.06,67,1.297,0.135
15,40,4,30,FALSE,TRUE,0.25,1.25,1.5,0.5,6,7,3,6,2,1,2,1065.63,4.06,68,3,0.549
15,20,5,20,TRUE,TRUE,0.25,1.5,1.5,0.5,6,6,3,6,2,1,2,514.21,4.06,59,1.297,0.085
15,20,5,20,FALSE,TRUE,0.25,1,1,0.5,6,6,3,7,2,1,2,1041.51,4.06,66,3,0.533
15,20,5,20,FALSE,TRUE,0.25,1,1,0.5,6,6,3,8,2,1,2,1041.51,4.06,66,3,0.533
15,20,5,20,FALSE,TRUE,0.25,1,1.25,0.5,6,6,3,7,2,1,2,1041.51,4.06,66,3,0.533
15,20,5,20,FALSE,TRUE,0.25,1,1.25,0.5,6,6,3,8,2,1,2,1041.51,4.06,66,3,0.533
15,20,5,20,FALSE,TRUE,0.25,1,1.5,0.5,6,6,3,7,2,1,2,1041.51,4.06,66,3,0.533
15,20,5,20,FALSE,TRUE,0.25,1,1.5,0.5,6,6,3,8,2,1,2,1041.51,4.06,66,3,0.533
15,20,5,30,TRUE,TRUE,0.25,1.5,1.25,0.5,6,5,3,6,2,1,2,516.91,4.06,59,1.297,0.089
15,20,5,30,FALSE,TRUE,0.25,1,1,0.5,6,6,3,7,2,1,2,1041.51,4.06,66,3,0.533
15,20,5,30,FALSE,TRUE,0.25,1,1,0.5,6,6,3,8,2,1,2,1041.51,4.06,66,3,0.533
15,20,5,30,FALSE,TRUE,0.25,1,1.25,0.5,6,6,3,7,2,1,2,1041.51,4.06,66,3,0.533
15,20,5,30,FALSE,TRUE,0.25,1,1.25,0.5,6,6,3,8,2,1,2,1041.51,4.06,66,3,0.533
15,20,5,30,FALSE,TRUE,0.25,1,1.5,0.5,6,6,3,7,2,1,2,1041.51,4.06,66,3,0.533
15,20,5,30,FALSE,TRUE,0.25,1,1.5,0.5,6,6,3,8,2,1,2,1041.51,4.06,66,3,0.533
15,30,5,20,TRUE,TRUE,0.25,1.25,1,0.5,6,4,3,7,2,1,2,546.12,4.06,63,1.297,0.127
15,30,5,20,TRUE,TRUE,0.25,1.25,1,0.5,6,4,3,8,2,1,2,546.12,4.06,63,1.297,0.127
15,30,5,20,TRUE,TRUE,0.25,1.25,1.5,0.5,6,6,3,6,2,1,2,541.97,4.06,62,1.297,0.124
15,30,5,20,FALSE,TRUE,0.25,1,1,0.5,6,6,3,7,2,1,2,1041.51,4.06,66,3,0.533
15,30,5,20,FALSE,TRUE,0.25,1,1,0.5,6,6,3,8,2,1,2,1041.51,4.06,66,3,0.533
15,30,5,20,FALSE,TRUE,0.25,1,1.25,0.5,6,6,3,7,2,1,2,1041.51,4.06,66,3,0.533
15,30,5,20,FALSE,TRUE,0.25,1,1.25,0.5,6,6,3,8,2,1,2,1041.51,4.06,66,3,0.533
15,30,5,20,FALSE,TRUE,0.25,1,1.5,0.5,6,6,3,7,2,1,2,1041.51,4.06,66,3,0.533
15,30,5,20,FALSE,TRUE,0.25,1,1.5,0.5,6,6,3,8,2,1,2,1041.51,4.06,66,3,0.533
15,30,5,30,TRUE,TRUE,0.25,1.5,1.25,0.5,6,4,3,7,2,1,2,540.15,4.06,59,1.297,0.12
15,30,5,30,TRUE,TRUE,0.25,1.5,1.25,0.5,6,4,3,8,2,1,2,540.15,4.06,59,1.297,0.12
15,30,5,30,FALSE,TRUE,0.25,1,1,0.5,6,6,3,7,2,1,2,1041.51,4.06,66,3,0.533
15,30,5,30,FALSE,TRUE,0.25,1,1,0.5,6,6,3,8,2,1,2,1041.51,4.06,66,3,0.533
15,30,5,30,FALSE,TRUE,0.25,1,1.25,0.5,6,6,3,7,2,1,2,1041.51,4.06,66,3,0.533
15,30,5,30,FALSE,TRUE,0.25,1,1.25,0.5,6,6,3,8,2,1,2,1041.51,4.06,66,3,0.533
15,30,5,30,FALSE,TRUE,0.25,1,1.5,0.5,6,6,3,7,2,1,2,1041.51,4.06,66,3,0.533
15,30,5,30,FALSE,TRUE,0.25,1,1.5,0.5,6,6,3,8,2,1,2,1041.51,4.06,66,3,0.533
15,40,5,20,TRUE,TRUE,0.25,1.25,1.25,0.5,6,7,3,6,2,1,2,568.42,4.06,65,1.297,0.164
15,40,5,20,FALSE,TRUE,0.25,1.25,1.5,0.5,6,4,3,7,2,1,2,987.74,4.06,60,3,0.498
15,40,5,20,FALSE,TRUE,0.25,1.25,1.5,0.5,6,4,3,8,2,1,2,987.74,4.06,60,3,0.498
15,40,5,30,FALSE,TRUE,0.25,1.25,1.5,0.5,6,4,3,7,2,1,2,987.74,4.06,60,3,0.498
15,40,5,30,FALSE,TRUE,0.25,1.25,1.5,0.5,6,4,3,8,2,1,2,987.74,4.06,60,3,0.498
15,20,6,20,FALSE,TRUE,0.25,1,1,0.5,6,7,3,6,2,1,2,786.64,4.06,49,3,0.38
15,20,6,20,FALSE,TRUE,0.25,1.5,1,0.5,6,7,3,6,2,1,2,821.32,4.06,49,3,0.39
15,20,6,30,FALSE,TRUE,0.25,1,1,0.5,6,7,3,6,2,1,2,786.64,4.06,49,3,0.38
15,20,6,30,FALSE,TRUE,0.25,1.5,1,0.5,6,7,3,6,2,1,2,821.32,4.06,49,3,0.39
15,30,6,20,TRUE,TRUE,0.25,1.25,1.25,0.5,6,6,3,6,2,1,2,452.98,4.06,48,1.297,-0.032
15,30,6,20,TRUE,TRUE,0.25,1.25,1.5,0.5,6,6,3,6,2,1,2,452.98,4.06,48,1.297,-0.032
15,30,6,20,FALSE,TRUE,0.25,1,1,0.5,6,7,3,6,2,1,2,786.64,4.06,49,3,0.38
15,30,6,20,FALSE,TRUE,0.25,1.5,1,0.5,6,7,3,6,2,1,2,821.32,4.06,49,3,0.39
15,30,6,30,FALSE,TRUE,0.25,1,1,0.5,6,7,3,6,2,1,2,786.64,4.06,49,3,0.38
15,30,6,30,FALSE,TRUE,0.25,1.5,1,0.5,6,7,3,6,2,1,2,821.32,4.06,49,3,0.39
15,40,6,20,FALSE,TRUE,0.25,1,1,0.5,6,7,3,6,2,1,2,786.64,4.06,49,3,0.38
15,40,6,20,FALSE,TRUE,0.25,1.5,1,0.5,6,7,3,6,2,1,2,821.32,4.06,49,3,0.39
15,40,6,30,FALSE,TRUE,0.25,1,1,0.5,6,7,3,6,2,1,2,786.64,4.06,49,3,0.38
15,40,6,30,FALSE,TRUE,0.25,1.5,1,0.5,6,7,3,6,2,1,2,821.32,4.06,49,3,0.39
10,20,4,20,FALSE,TRUE,0.25,1.5,1.5,0.5,6,7,3,6,2,1,2,1128.36,4.05,71,3,0.582
10,20,4,30,TRUE,TRUE,0.25,1.25,1.25,0.5,6,5,3,7,2,1,2,543.17,4.05,69,1.497,0.144
10,20,4,30,TRUE,TRUE,0.25,1.25,1.25,0.5,6,5,3,8,2,1,2,543.17,4.05,69,1.497,0.144
10,20,4,30,TRUE,TRUE,0.25,1.25,1.25,0.5,6,6,3,7,2,1,2,543.17,4.05,69,1.497,0.144
10,20,4,30,TRUE,TRUE,0.25,1.25,1.25,0.5,6,6,3,8,2,1,2,543.17,4.05,69,1.497,0.144
10,20,4,30,TRUE,TRUE,0.25,1.25,1.5,0.5,6,7,3,7,2,1,2,568.68,4.05,72,1.497,0.182
10,20,4,30,TRUE,TRUE,0.25,1.25,1.5,0.5,6,7,3,8,2,1,2,568.68,4.05,72,1.497,0.182
10,30,4,20,TRUE,TRUE,0.25,1,1.25,0.5,6,4,3,6,2,1,2,555.24,4.05,70,1.497,0.152
10,30,4,20,TRUE,TRUE,0.25,1,1.5,0.5,6,4,3,6,2,1,2,555.24,4.05,70,1.497,0.152
10,30,4,20,FALSE,TRUE,0.25,1.5,1.5,0.5,6,7,3,6,2,1,2,1128.36,4.05,71,3,0.582
10,40,4,20,FALSE,TRUE,0.25,1.25,1.5,0.5,6,6,3,6,2,1,2,1005.41,4.05,66,3,0.532
10,40,4,20,FALSE,TRUE,0.25,1.5,1.25,0.5,6,4,3,6,2,1,2,996.63,4.05,64,3,0.519
10,40,4,20,FALSE,TRUE,0.25,1.5,1.5,0.5,6,6,3,6,2,1,2,998.6,4.05,65,3,0.529
10,40,4,30,FALSE,TRUE,0.25,1,1,0.5,6,4,3,7,2,1,2,1109.58,4.05,71,3,0.587
10,40,4,30,FALSE,TRUE,0.25,1,1,0.5,6,4,3,8,2,1,2,1109.58,4.05,71,3,0.587
10,40,4,30,FALSE,TRUE,0.25,1.25,1.25,0.5,6,4,3,7,2,1,2,1057.96,4.05,67,3,0.56
10,40,4,30,FALSE,TRUE,0.25,1.25,1.25,0.5,6,4,3,8,2,1,2,1057.96,4.05,67,3,0.56
10,40,4,30,FALSE,TRUE,0.25,1.5,1.25,0.5,6,5,3,6,2,1,2,989.74,4.05,63,3,0.517
10,20,5,30,TRUE,TRUE,0.25,1.25,1,0.5,6,4,3,7,2,1,2,553.15,4.05,65,1.497,0.148
10,20,5,30,TRUE,TRUE,0.25,1.25,1,0.5,6,4,3,8,2,1,2,553.15,4.05,65,1.497,0.148
10,20,5,30,TRUE,TRUE,0.25,1.25,1.5,0.5,6,6,3,7,2,1,2,551.09,4.05,65,1.497,0.149
10,20,5,30,TRUE,TRUE,0.25,1.25,1.5,0.5,6,6,3,8,2,1,2,551.09,4.05,65,1.497,0.149
10,30,5,20,TRUE,TRUE,0.25,1.25,1.25,0.5,6,4,3,6,2,1,2,537.61,4.05,61,1.497,0.116
10,30,5,30,TRUE,TRUE,0.25,1.25,1.25,0.5,6,5,3,6,2,1,2,542.21,4.05,62,1.497,0.125
10,40,5,30,TRUE,TRUE,0.25,1.25,1,0.5,6,4,3,6,2,1,2,534.94,4.05,59,1.497,0.107
10,20,6,20,TRUE,TRUE,0.25,1.25,1,0.5,6,5,3,7,2,1,2,489.78,4.05,54,1.497,0.043
10,20,6,20,TRUE,TRUE,0.25,1.25,1,0.5,6,5,3,8,2,1,2,489.78,4.05,54,1.497,0.043
10,20,6,30,TRUE,TRUE,0.25,1.5,1,0.5,6,7,3,7,2,1,2,537.66,4.05,58,1.497,0.114
10,20,6,30,TRUE,TRUE,0.25,1.5,1,0.5,6,7,3,8,2,1,2,537.66,4.05,58,1.497,0.114
10,20,6,30,TRUE,TRUE,0.25,1.5,1.25,0.5,6,4,3,6,2,1,2,448.14,4.05,47,1.497,-0.043
10,20,6,30,TRUE,TRUE,0.25,1.5,1.25,0.5,6,7,3,7,2,1,2,533.96,4.05,57,1.497,0.11
10,20,6,30,TRUE,TRUE,0.25,1.5,1.25,0.5,6,7,3,8,2,1,2,533.96,4.05,57,1.497,0.11
10,20,6,30,TRUE,TRUE,0.25,1.5,1.5,0.5,6,6,3,7,2,1,2,481.7,4.05,52,1.497,0.03
10,20,6,30,TRUE,TRUE,0.25,1.5,1.5,0.5,6,6,3,8,2,1,2,481.7,4.05,52,1.497,0.03
10,30,6,20,TRUE,TRUE,0.25,1.5,1.5,0.5,6,4,3,7,2,1,2,480.24,4.05,50,1.497,0.026
10,30,6,20,TRUE,TRUE,0.25,1.5,1.5,0.5,6,4,3,8,2,1,2,480.24,4.05,50,1.497,0.026
10,30,6,30,TRUE,TRUE,0.25,1.5,1,0.5,6,5,3,6,2,1,2,457.77,4.05,49,1.497,-0.025
10,30,6,30,TRUE,TRUE,0.25,1.5,1.25,0.5,6,5,3,6,2,1,2,454.07,4.05,48,1.497,-0.03
10,40,6,20,TRUE,TRUE,0.25,1,1,0.5,6,7,3,5,2,1,2,474.35,4.05,54,1.497,0.004
10,40,6,20,TRUE,TRUE,0.25,1,1.25,0.5,6,7,3,5,2,1,2,473.52,4.05,54,1.497,0.002
10,40,6,20,TRUE,TRUE,0.25,1,1.5,0.5,6,7,3,5,2,1,2,473.52,4.05,54,1.497,0.002
10,40,6,20,TRUE,TRUE,0.25,1.25,1,0.5,6,6,3,5,2,1,2,448.87,4.05,49,1.497,-0.046
10,40,6,20,FALSE,TRUE,0.25,1,1,0.5,6,5,3,5,2,1,2,778.56,4.05,48,3,0.363
10,40,6,20,FALSE,TRUE,0.25,1.25,1,0.5,6,5,3,5,2,1,2,750.82,4.05,47,3,0.338
10,40,6,30,TRUE,TRUE,0.25,1.5,1.5,0.5,6,4,3,7,2,1,2,477.89,4.05,49,1.497,0.02
10,40,6,30,TRUE,TRUE,0.25,1.5,1.5,0.5,6,4,3,8,2,1,2,477.89,4.05,49,1.497,0.02
10,40,6,30,FALSE,TRUE,0.25,1,1,0.5,6,5,3,5,2,1,2,778.56,4.05,48,3,0.363
10,40,6,30,FALSE,TRUE,0.25,1.25,1,0.5,6,5,3,5,2,1,2,750.82,4.05,47,3,0.338
15,20,4,20,TRUE,TRUE,0.25,1.5,1,0.5,6,5,3,6,2,1,2,522.49,4.05,67,1.297,0.107
15,20,4,20,FALSE,TRUE,0.25,1.25,1,0.5,6,7,3,6,2,1,2,1095.89,4.05,73,3,0.564
15,20,4,20,FALSE,TRUE,0.25,1.5,1.5,0.5,6,4,3,5,2,1,2,999.57,4.05,64,3,0.521
15,20,4,30,TRUE,TRUE,0.25,1,1,0.5,6,6,3,6,2,1,2,539.71,4.05,70,1.297,0.132
15,20,4,30,TRUE,TRUE,0.25,1,1.25,0.5,6,6,3,6,2,1,2,539.71,4.05,70,1.297,0.132
15,20,4,30,TRUE,TRUE,0.25,1,1.5,0.5,6,6,3,6,2,1,2,539.71,4.05,70,1.297,0.132
15,20,4,30,TRUE,TRUE,0.25,1.5,1,0.5,6,6,3,6,2,1,2,519.79,4.05,66,1.297,0.102
15,20,4,30,FALSE,TRUE,0.25,1.5,1.5,0.5,6,5,3,5,2,1,2,992.67,4.05,63,3,0.52
15,30,4,20,TRUE,TRUE,0.25,1,1,0.5,6,7,3,6,2,1,2,564.87,4.05,74,1.297,0.166
15,30,4,20,TRUE,TRUE,0.25,1,1.25,0.5,6,7,3,6,2,1,2,564.87,4.05,74,1.297,0.166
15,30,4,20,TRUE,TRUE,0.25,1,1.5,0.5,6,7,3,6,2,1,2,564.87,4.05,74,1.297,0.166
15,30,4,20,FALSE,TRUE,0.25,1.25,1,0.5,6,7,3,6,2,1,2,1095.89,4.05,73,3,0.564
15,30,4,20,FALSE,TRUE,0.25,1.5,1.5,0.5,6,4,3,5,2,1,2,999.57,4.05,64,3,0.521
15,30,4,30,TRUE,TRUE,0.25,1.25,1.5,0.5,6,6,3,6,2,1,2,534.34,4.05,66,1.297,0.123
15,30,4,30,FALSE,TRUE,0.25,1.5,1.5,0.5,6,5,3,5,2,1,2,992.67,4.05,63,3,0.52
15,40,4,20,TRUE,TRUE,0.25,1,1,0.5,6,4,3,6,2,1,2,559.41,4.05,70,1.297,0.156
15,40,4,20,TRUE,TRUE,0.25,1,1.25,0.5,6,4,3,6,2,1,2,559.41,4.05,70,1.297,0.156
15,40,4,20,TRUE,TRUE,0.25,1,1.5,0.5,6,4,3,6,2,1,2,559.41,4.05,70,1.297,0.156
15,40,4,30,TRUE,TRUE,0.25,1.25,1.25,0.5,6,7,3,7,2,1,2,562.03,4.05,70,1.297,0.166
15,40,4,30,TRUE,TRUE,0.25,1.25,1.25,0.5,6,7,3,8,2,1,2,562.03,4.05,70,1.297,0.166
15,40,4,30,TRUE,TRUE,0.25,1.5,1.5,0.5,6,6,3,6,2,1,2,530.43,4.05,64,1.297,0.117
15,40,4,30,FALSE,TRUE,0.25,1.5,1,0.5,6,6,3,6,2,1,2,1013.14,4.05,65,3,0.529
15,20,5,20,FALSE,TRUE,0.25,1,1.25,0.5,6,6,3,6,2,1,2,1035.83,4.05,65,3,0.526
15,20,5,20,FALSE,TRUE,0.25,1,1.5,0.5,6,6,3,6,2,1,2,1035.83,4.05,65,3,0.526
15,20,5,20,FALSE,TRUE,0.25,1.5,1.5,0.5,6,4,3,7,2,1,2,980.15,4.05,58,3,0.496
15,20,5,20,FALSE,TRUE,0.25,1.5,1.5,0.5,6,4,3,8,2,1,2,980.15,4.05,58,3,0.496
15,20,5,30,TRUE,TRUE,0.25,1,1,0.5,6,6,3,6,2,1,2,538.88,4.05,64,1.297,0.121
15,20,5,30,TRUE,TRUE,0.25,1.5,1.5,0.5,6,6,3,7,2,1,2,517.97,4.05,60,1.297,0.092
15,20,5,30,TRUE,TRUE,0.25,1.5,1.5,0.5,6,6,3,8,2,1,2,517.97,4.05,60,1.297,0.092
15,20,5,30,FALSE,TRUE,0.25,1,1.25,0.5,6,6,3,6,2,1,2,1035.83,4.05,65,3,0.526
15,20,5,30,FALSE,TRUE,0.25,1,1.5,0.5,6,6,3,6,2,1,2,1035.83,4.05,65,3,0.526
15,20,5,30,FALSE,TRUE,0.25,1.5,1.5,0.5,6,4,3,7,2,1,2,980.15,4.05,58,3,0.496
15,20,5,30,FALSE,TRUE,0.25,1.5,1.5,0.5,6,4,3,8,2,1,2,980.15,4.05,58,3,0.496
15,30,5,20,TRUE,TRUE,0.25,1.25,1.25,0.5,6,7,3,7,2,1,2,570.46,4.05,67,1.297,0.168
15,30,5,20,TRUE,TRUE,0.25,1.25,1.25,0.5,6,7,3,8,2,1,2,570.46,4.05,67,1.297,0.168
15,30,5,20,TRUE,TRUE,0.25,1.5,1.25,0.5,6,6,3,6,2,1,2,538.08,4.05,60,1.297,0.118
15,30,5,20,FALSE,TRUE,0.25,1,1.25,0.5,6,6,3,6,2,1,2,1035.83,4.05,65,3,0.526
15,30,5,20,FALSE,TRUE,0.25,1,1.5,0.5,6,6,3,6,2,1,2,1035.83,4.05,65,3,0.526
15,30,5,20,FALSE,TRUE,0.25,1.5,1.5,0.5,6,4,3,7,2,1,2,980.15,4.05,58,3,0.496
15,30,5,20,FALSE,TRUE,0.25,1.5,1.5,0.5,6,4,3,8,2,1,2,980.15,4.05,58,3,0.496
15,30,5,30,TRUE,TRUE,0.25,1.25,1.5,0.5,6,7,3,6,2,1,2,569.54,4.05,65,1.297,0.166
15,30,5,30,FALSE,TRUE,0.25,1,1.25,0.5,6,6,3,6,2,1,2,1035.83,4.05,65,3,0.526
15,30,5,30,FALSE,TRUE,0.25,1,1.5,0.5,6,6,3,6,2,1,2,1035.83,4.05,65,3,0.526
15,30,5,30,FALSE,TRUE,0.25,1.5,1.5,0.5,6,4,3,7,2,1,2,980.15,4.05,58,3,0.496
15,30,5,30,FALSE,TRUE,0.25,1.5,1.5,0.5,6,4,3,8,2,1,2,980.15,4.05,58,3,0.496
15,40,5,20,TRUE,TRUE,0.25,1.25,1.25,0.5,6,4,3,7,2,1,2,541.58,4.05,61,1.297,0.121
15,40,5,20,TRUE,TRUE,0.25,1.25,1.25,0.5,6,4,3,8,2,1,2,541.58,4.05,61,1.297,0.121
15,40,5,20,FALSE,TRUE,0.25,1.25,1.5,0.5,6,7,3,7,2,1,2,1056.46,4.05,65,3,0.533
15,40,5,20,FALSE,TRUE,0.25,1.25,1.5,0.5,6,7,3,8,2,1,2,1056.46,4.05,65,3,0.533
15,40,5,20,FALSE,TRUE,0.25,1.5,1,0.5,6,6,3,7,2,1,2,992.52,4.05,61,3,0.501
15,40,5,20,FALSE,TRUE,0.25,1.5,1,0.5,6,6,3,8,2,1,2,992.52,4.05,61,3,0.501
15,40,5,30,TRUE,TRUE,0.25,1.25,1.25,0.5,6,5,3,7,2,1,2,546.2,4.05,62,1.297,0.131
15,40,5,30,TRUE,TRUE,0.25,1.25,1.25,0.5,6,5,3,8,2,1,2,546.2,4.05,62,1.297,0.131
15,40,5,30,TRUE,TRUE,0.25,1.25,1.5,0.5,6,4,3,6,2,1,2,540.32,4.05,59,1.297,0.118
15,40,5,30,TRUE,TRUE,0.25,1.5,1,0.5,6,4,3,7,2,1,2,540.27,4.05,59,1.297,0.118
15,40,5,30,TRUE,TRUE,0.25,1.5,1,0.5,6,4,3,8,2,1,2,540.27,4.05,59,1.297,0.118
15,40,5,30,FALSE,TRUE,0.25,1.25,1.5,0.5,6,7,3,7,2,1,2,1056.46,4.05,65,3,0.533
15,40,5,30,FALSE,TRUE,0.25,1.25,1.5,0.5,6,7,3,8,2,1,2,1056.46,4.05,65,3,0.533
15,40,5,30,FALSE,TRUE,0.25,1.5,1,0.5,6,6,3,7,2,1,2,992.52,4.05,61,3,0.501
15,40,5,30,FALSE,TRUE,0.25,1.5,1,0.5,6,6,3,8,2,1,2,992.52,4.05,61,3,0.501
15,30,6,30,TRUE,TRUE,0.25,1.25,1,0.5,6,4,3,7,2,1,2,455.11,4.05,47,1.297,-0.03
15,30,6,30,TRUE,TRUE,0.25,1.25,1,0.5,6,4,3,8,2,1,2,455.11,4.05,47,1.297,-0.03
15,30,6,30,TRUE,TRUE,0.25,1.25,1.25,0.5,6,4,3,7,2,1,2,454.75,4.05,47,1.297,-0.031
15,30,6,30,TRUE,TRUE,0.25,1.25,1.25,0.5,6,4,3,8,2,1,2,454.75,4.05,47,1.297,-0.031
15,30,6,30,TRUE,TRUE,0.25,1.25,1.5,0.5,6,4,3,7,2,1,2,454.75,4.05,47,1.297,-0.031
15,30,6,30,TRUE,TRUE,0.25,1.25,1.5,0.5,6,4,3,8,2,1,2,454.75,4.05,47,1.297,-0.031
15,40,6,20,TRUE,TRUE,0.25,1.25,1,0.5,6,4,3,6,2,1,2,445.34,4.05,45,1.297,-0.051
15,40,6,30,TRUE,TRUE,0.25,1.5,1,0.5,6,4,3,6,2,1,2,447.44,4.05,44,1.297,-0.045
10,20,4,20,TRUE,TRUE,0.25,1.25,1.5,0.5,6,4,3,6,2,1,2,512.01,4.04,65,1.497,0.088
10,20,4,20,TRUE,TRUE,0.25,1.25,1.5,0.5,6,6,3,7,2,1,2,546.6,4.04,70,1.497,0.15
10,20,4,20,TRUE,TRUE,0.25,1.25,1.5,0.5,6,6,3,8,2,1,2,546.6,4.04,70,1.497,0.15
10,20,4,20,FALSE,TRUE,0.25,1.25,1,0.5,6,6,3,6,2,1,2,1029.01,4.04,69,3,0.541
10,20,4,20,FALSE,TRUE,0.25,1.25,1.5,0.5,6,5,3,7,2,1,2,1069.15,4.04,69,3,0.569
10,20,4,20,FALSE,TRUE,0.25,1.25,1.5,0.5,6,5,3,8,2,1,2,1069.15,4.04,69,3,0.569
10,20,4,30,TRUE,TRUE,0.25,1.5,1.25,0.5,6,5,3,6,2,1,2,505.94,4.04,64,1.497,0.08
10,20,4,30,FALSE,TRUE,0.25,1.5,1.5,0.5,6,5,3,7,2,1,2,1055.62,4.04,67,3,0.563
10,20,4,30,FALSE,TRUE,0.25,1.5,1.5,0.5,6,5,3,8,2,1,2,1055.62,4.04,67,3,0.563
10,20,4,30,FALSE,TRUE,0.25,1.5,1.5,0.5,6,6,3,7,2,1,2,1055.62,4.04,67,3,0.563
10,20,4,30,FALSE,TRUE,0.25,1.5,1.5,0.5,6,6,3,8,2,1,2,1055.62,4.04,67,3,0.563
10,30,4,20,TRUE,TRUE,0.25,1.25,1.25,0.5,6,5,3,6,2,1,2,533.03,4.04,67,1.497,0.122
10,30,4,20,FALSE,TRUE,0.25,1.25,1,0.5,6,6,3,6,2,1,2,1029.01,4.04,69,3,0.541
10,30,4,20,FALSE,TRUE,0.25,1.25,1.5,0.5,6,5,3,7,2,1,2,1069.15,4.04,69,3,0.569
10,30,4,20,FALSE,TRUE,0.25,1.25,1.5,0.5,6,5,3,8,2,1,2,1069.15,4.04,69,3,0.569
10,30,4,30,FALSE,TRUE,0.25,1.5,1.5,0.5,6,5,3,7,2,1,2,1055.62,4.04,67,3,0.563
10,30,4,30,FALSE,TRUE,0.25,1.5,1.5,0.5,6,5,3,8,2,1,2,1055.62,4.04,67,3,0.563
10,30,4,30,FALSE,TRUE,0.25,1.5,1.5,0.5,6,6,3,7,2,1,2,1055.62,4.04,67,3,0.563
10,30,4,30,FALSE,TRUE,0.25,1.5,1.5,0.5,6,6,3,8,2,1,2,1055.62,4.04,67,3,0.563
10,40,4,20,FALSE,TRUE,0.25,1.25,1.25,0.5,6,4,3,6,2,1,2,1000.86,4.04,65,3,0.524
10,40,4,30,FALSE,TRUE,0.25,1,1.25,0.5,6,4,3,7,2,1,2,1107.96,4.04,71,3,0.585
10,40,4,30,FALSE,TRUE,0.25,1,1.25,0.5,6,4,3,8,2,1,2,1107.96,4.04,71,3,0.585
10,40,4,30,FALSE,TRUE,0.25,1,1.5,0.5,6,4,3,7,2,1,2,1107.96,4.04,71,3,0.585
10,40,4,30,FALSE,TRUE,0.25,1,1.5,0.5,6,4,3,8,2,1,2,1107.96,4.04,71,3,0.585
10,40,4,30,FALSE,TRUE,0.25,1.25,1.25,0.5,6,5,3,6,2,1,2,992.07,4.04,64,3,0.521
10,20,5,20,TRUE,TRUE,0.25,1,1,0.5,6,4,3,6,2,1,2,530.33,4.04,63,1.497,0.105
10,20,5,20,TRUE,TRUE,0.25,1.25,1,0.5,6,7,3,6,2,1,2,546.97,4.04,67,1.497,0.135
10,20,5,20,FALSE,TRUE,0.25,1,1.25,0.5,6,4,3,6,2,1,2,1027.46,4.04,64,3,0.52
10,20,5,20,FALSE,TRUE,0.25,1,1.5,0.5,6,4,3,6,2,1,2,1027.46,4.04,64,3,0.52
10,20,5,20,FALSE,TRUE,0.25,1.25,1,0.5,6,6,3,6,2,1,2,997.12,4.04,63,3,0.503
10,20,5,20,FALSE,TRUE,0.25,1.25,1,0.5,6,7,3,7,2,1,2,1133.99,4.04,71,3,0.576
10,20,5,20,FALSE,TRUE,0.25,1.25,1,0.5,6,7,3,8,2,1,2,1133.99,4.04,71,3,0.576
10,20,5,20,FALSE,TRUE,0.25,1.25,1.25,0.5,6,5,3,7,2,1,2,1051.3,4.04,65,3,0.546
10,20,5,20,FALSE,TRUE,0.25,1.25,1.25,0.5,6,5,3,8,2,1,2,1051.3,4.04,65,3,0.546
10,20,5,30,TRUE,TRUE,0.25,1.25,1.5,0.5,6,4,3,6,2,1,2,515.79,4.04,60,1.497,0.085
10,20,5,30,FALSE,TRUE,0.25,1,1.25,0.5,6,4,3,6,2,1,2,1027.46,4.04,64,3,0.52
10,20,5,30,FALSE,TRUE,0.25,1,1.5,0.5,6,4,3,6,2,1,2,1027.46,4.04,64,3,0.52
10,20,5,30,FALSE,TRUE,0.25,1.25,1,0.5,6,6,3,6,2,1,2,997.12,4.04,63,3,0.503
10,20,5,30,FALSE,TRUE,0.25,1.25,1,0.5,6,7,3,7,2,1,2,1133.99,4.04,71,3,0.576
10,20,5,30,FALSE,TRUE,0.25,1.25,1,0.5,6,7,3,8,2,1,2,1133.99,4.04,71,3,0.576
10,20,5,30,FALSE,TRUE,0.25,1.25,1.25,0.5,6,5,3,7,2,1,2,1051.3,4.04,65,3,0.546
10,20,5,30,FALSE,TRUE,0.25,1.25,1.25,0.5,6,5,3,8,2,1,2,1051.3,4.04,65,3,0.546
10,30,5,20,FALSE,TRUE,0.25,1,1.25,0.5,6,4,3,6,2,1,2,1027.46,4.04,64,3,0.52
10,30,5,20,FALSE,TRUE,0.25,1,1.5,0.5,6,4,3,6,2,1,2,1027.46,4.04,64,3,0.52
10,30,5,20,FALSE,TRUE,0.25,1.25,1,0.5,6,6,3,6,2,1,2,997.12,4.04,63,3,0.503
10,30,5,20,FALSE,TRUE,0.25,1.25,1,0.5,6,7,3,7,2,1,2,1133.99,4.04,71,3,0.576
10,30,5,20,FALSE,TRUE,0.25,1.25,1,0.5,6,7,3,8,2,1,2,1133.99,4.04,71,3,0.576
10,30,5,20,FALSE,TRUE,0.25,1.25,1.25,0.5,6,5,3,7,2,1,2,1051.3,4.04,65,3,0.546
10,30,5,20,FALSE,TRUE,0.25,1.25,1.25,0.5,6,5,3,8,2,1,2,1051.3,4.04,65,3,0.546
10,30,5,30,FALSE,TRUE,0.25,1,1.25,0.5,6,4,3,6,2,1,2,1027.46,4.04,64,3,0.52
10,30,5,30,FALSE,TRUE,0.25,1,1.5,0.5,6,4,3,6,2,1,2,1027.46,4.04,64,3,0.52
10,30,5,30,FALSE,TRUE,0.25,1.25,1,0.5,6,6,3,6,2,1,2,997.12,4.04,63,3,0.503
10,30,5,30,FALSE,TRUE,0.25,1.25,1,0.5,6,7,3,7,2,1,2,1133.99,4.04,71,3,0.576
10,30,5,30,FALSE,TRUE,0.25,1.25,1,0.5,6,7,3,8,2,1,2,1133.99,4.04,71,3,0.576
10,30,5,30,FALSE,TRUE,0.25,1.25,1.25,0.5,6,5,3,7,2,1,2,1051.3,4.04,65,3,0.546
10,30,5,30,FALSE,TRUE,0.25,1.25,1.25,0.5,6,5,3,8,2,1,2,1051.3,4.04,65,3,0.546
10,40,5,20,FALSE,TRUE,0.25,1.25,1.25,0.5,6,4,3,7,2,1,2,1041.13,4.04,62,3,0.534
10,40,5,20,FALSE,TRUE,0.25,1.25,1.25,0.5,6,4,3,8,2,1,2,1041.13,4.04,62,3,0.534
10,40,5,20,FALSE,TRUE,0.25,1.25,1.25,0.5,6,5,3,6,2,1,2,981.96,4.04,60,3,0.498
10,40,5,30,FALSE,TRUE,0.25,1.25,1.25,0.5,6,4,3,7,2,1,2,1041.13,4.04,62,3,0.534
10,40,5,30,FALSE,TRUE,0.25,1.25,1.25,0.5,6,4,3,8,2,1,2,1041.13,4.04,62,3,0.534
10,40,5,30,FALSE,TRUE,0.25,1.25,1.25,0.5,6,5,3,6,2,1,2,981.96,4.04,60,3,0.498
10,20,6,20,TRUE,TRUE,0.25,1.5,1,0.5,6,6,3,6,2,1,2,452.13,4.04,50,1.497,-0.035
10,20,6,20,TRUE,TRUE,0.25,1.5,1,0.5,6,7,3,6,2,1,2,502.97,4.04,55,1.497,0.049
10,20,6,30,TRUE,TRUE,0.25,1.5,1.5,0.5,6,4,3,6,2,1,2,446.34,4.04,47,1.497,-0.047
10,20,6,30,TRUE,TRUE,0.25,1.5,1.5,0.5,6,7,3,7,2,1,2,532.16,4.04,57,1.497,0.108
10,20,6,30,TRUE,TRUE,0.25,1.5,1.5,0.5,6,7,3,8,2,1,2,532.16,4.04,57,1.497,0.108
10,30,6,30,TRUE,TRUE,0.25,1,1,0.5,6,5,3,5,2,1,2,465.61,4.04,49,1.497,-0.014
10,30,6,30,TRUE,TRUE,0.25,1,1.25,0.5,6,5,3,5,2,1,2,464.78,4.04,49,1.497,-0.016
10,30,6,30,TRUE,TRUE,0.25,1,1.5,0.5,6,5,3,5,2,1,2,464.78,4.04,49,1.497,-0.016
10,30,6,30,TRUE,TRUE,0.25,1.5,1.5,0.5,6,5,3,6,2,1,2,452.27,4.04,48,1.497,-0.034
10,40,6,20,FALSE,TRUE,0.25,1,1.25,0.5,6,5,3,5,2,1,2,776.94,4.04,48,3,0.362
10,40,6,20,FALSE,TRUE,0.25,1,1.5,0.5,6,5,3,5,2,1,2,776.94,4.04,48,3,0.362
10,40,6,30,TRUE,TRUE,0.25,1.5,1.25,0.5,6,6,3,7,2,1,2,484.06,4.04,52,1.497,0.034
10,40,6,30,TRUE,TRUE,0.25,1.5,1.25,0.5,6,6,3,8,2,1,2,484.06,4.04,52,1.497,0.034
10,40,6,30,FALSE,TRUE,0.25,1,1.25,0.5,6,5,3,5,2,1,2,776.94,4.04,48,3,0.362
10,40,6,30,FALSE,TRUE,0.25,1,1.5,0.5,6,5,3,5,2,1,2,776.94,4.04,48,3,0.362
15,20,4,20,FALSE,TRUE,0.25,1.5,1,0.5,6,4,3,5,2,1,2,1007.86,4.04,65,3,0.524
15,20,4,30,TRUE,TRUE,0.25,1,1,0.5,6,5,3,6,2,1,2,536.91,4.04,69,1.297,0.127
15,20,4,30,TRUE,TRUE,0.25,1,1.25,0.5,6,5,3,6,2,1,2,536.91,4.04,69,1.297,0.127
15,20,4,30,TRUE,TRUE,0.25,1,1.5,0.5,6,5,3,6,2,1,2,536.91,4.04,69,1.297,0.127
15,20,4,30,TRUE,TRUE,0.25,1.25,1.5,0.5,6,7,3,6,2,1,2,539.61,4.04,69,1.297,0.135
15,20,4,30,TRUE,TRUE,0.25,1.5,1,0.5,6,5,3,6,2,1,2,516.98,4.04,65,1.297,0.097
15,30,4,20,TRUE,TRUE,0.25,1.25,1,0.5,6,4,3,6,2,1,2,542.67,4.04,68,1.297,0.133
15,30,4,20,FALSE,TRUE,0.25,1.5,1,0.5,6,4,3,5,2,1,2,1007.86,4.04,65,3,0.524
15,30,4,30,TRUE,TRUE,0.25,1.5,1.25,0.5,6,4,3,5,2,1,2,526.42,4.04,63,1.297,0.107
15,40,4,20,TRUE,TRUE,0.25,1.25,1.5,0.5,6,4,3,6,2,1,2,535.01,4.04,65,1.297,0.122
15,40,4,20,TRUE,TRUE,0.25,1.25,1.5,0.5,6,7,3,6,2,1,2,562.37,4.04,70,1.297,0.167
15,20,5,20,TRUE,TRUE,0.25,1.25,1.5,0.5,6,7,3,7,2,1,2,546.39,4.04,66,1.297,0.137
15,20,5,20,TRUE,TRUE,0.25,1.25,1.5,0.5,6,7,3,8,2,1,2,546.39,4.04,66,1.297,0.137
15,20,5,20,TRUE,TRUE,0.25,1.5,1.25,0.5,6,4,3,7,2,1,2,514.31,4.04,59,1.297,0.082
15,20,5,20,TRUE,TRUE,0.25,1.5,1.25,0.5,6,4,3,8,2,1,2,514.31,4.04,59,1.297,0.082
15,20,5,20,FALSE,TRUE,0.25,1.25,1,0.5,6,7,3,6,2,1,2,1060.36,4.04,66,3,0.525
15,20,5,20,FALSE,TRUE,0.25,1.25,1.5,0.5,6,5,3,7,2,1,2,990.65,4.04,62,3,0.503
15,20,5,20,FALSE,TRUE,0.25,1.25,1.5,0.5,6,5,3,8,2,1,2,990.65,4.04,62,3,0.503
15,20,5,30,FALSE,TRUE,0.25,1.25,1,0.5,6,7,3,6,2,1,2,1060.36,4.04,66,3,0.525
15,20,5,30,FALSE,TRUE,0.25,1.25,1.5,0.5,6,5,3,7,2,1,2,990.65,4.04,62,3,0.503
15,20,5,30,FALSE,TRUE,0.25,1.25,1.5,0.5,6,5,3,8,2,1,2,990.65,4.04,62,3,0.503
15,30,5,20,TRUE,TRUE,0.25,1,1,0.5,6,4,3,6,2,1,2,554.63,4.04,63,1.297,0.136
15,30,5,20,FALSE,TRUE,0.25,1.25,1,0.5,6,7,3,6,2,1,2,1060.36,4.04,66,3,0.525
15,30,5,20,FALSE,TRUE,0.25,1.25,1.5,0.5,6,5,3,7,2,1,2,990.65,4.04,62,3,0.503
15,30,5,20,FALSE,TRUE,0.25,1.25,1.5,0.5,6,5,3,8,2,1,2,990.65,4.04,62,3,0.503
15,30,5,30,TRUE,TRUE,0.25,1.25,1,0.5,6,6,3,6,2,1,2,545.37,4.04,63,1.297,0.125
15,30,5,30,TRUE,TRUE,0.25,1.25,1.5,0.5,6,4,3,7,2,1,2,542.68,4.04,61,1.297,0.123
15,30,5,30,TRUE,TRUE,0.25,1.25,1.5,0.5,6,4,3,8,2,1,2,542.68,4.04,61,1.297,0.123
15,30,5,30,FALSE,TRUE,0.25,1.25,1,0.5,6,7,3,6,2,1,2,1060.36,4.04,66,3,0.525
15,30,5,30,FALSE,TRUE,0.25,1.25,1.5,0.5,6,5,3,7,2,1,2,990.65,4.04,62,3,0.503
15,30,5,30,FALSE,TRUE,0.25,1.25,1.5,0.5,6,5,3,8,2,1,2,990.65,4.04,62,3,0.503
15,40,5,20,TRUE,TRUE,0.25,1.25,1,0.5,6,4,3,6,2,1,2,538.27,4.04,60,1.297,0.112
15,40,5,20,FALSE,TRUE,0.25,1.25,1.5,0.5,6,4,3,6,2,1,2,982.05,4.04,59,3,0.492
15,40,5,30,TRUE,TRUE,0.25,1,1,0.5,6,4,3,7,2,1,2,563.76,4.04,64,1.297,0.152
15,40,5,30,TRUE,TRUE,0.25,1,1,0.5,6,4,3,8,2,1,2,563.76,4.04,64,1.297,0.152
15,40,5,30,TRUE,TRUE,0.25,1,1.25,0.5,6,4,3,7,2,1,2,563.76,4.04,64,1.297,0.152
15,40,5,30,TRUE,TRUE,0.25,1,1.25,0.5,6,4,3,8,2,1,2,563.76,4.04,64,1.297,0.152
15,40,5,30,TRUE,TRUE,0.25,1,1.5,0.5,6,4,3,7,2,1,2,563.76,4.04,64,1.297,0.152
15,40,5,30,TRUE,TRUE,0.25,1,1.5,0.5,6,4,3,8,2,1,2,563.76,4.04,64,1.297,0.152
15,40,5,30,FALSE,TRUE,0.25,1.25,1.5,0.5,6,4,3,6,2,1,2,982.05,4.04,59,3,0.492
15,20,6,20,FALSE,TRUE,0.25,1.5,1.25,0.5,6,7,3,7,2,1,2,817.64,4.04,49,3,0.393
15,20,6,20,FALSE,TRUE,0.25,1.5,1.25,0.5,6,7,3,8,2,1,2,817.64,4.04,49,3,0.393
15,20,6,30,TRUE,TRUE,0.25,1.25,1,0.5,6,4,3,6,2,1,2,443.49,4.04,45,1.297,-0.055
15,20,6,30,TRUE,TRUE,0.25,1.25,1.25,0.5,6,6,3,7,2,1,2,453.72,4.04,49,1.297,-0.029
15,20,6,30,TRUE,TRUE,0.25,1.25,1.25,0.5,6,6,3,8,2,1,2,453.72,4.04,49,1.297,-0.029
15,20,6,30,TRUE,TRUE,0.25,1.25,1.5,0.5,6,6,3,7,2,1,2,453.72,4.04,49,1.297,-0.029
15,20,6,30,TRUE,TRUE,0.25,1.25,1.5,0.5,6,6,3,8,2,1,2,453.72,4.04,49,1.297,-0.029
15,20,6,30,FALSE,TRUE,0.25,1.5,1.25,0.5,6,7,3,7,2,1,2,817.64,4.04,49,3,0.393
15,20,6,30,FALSE,TRUE,0.25,1.5,1.25,0.5,6,7,3,8,2,1,2,817.64,4.04,49,3,0.393
15,30,6,20,TRUE,TRUE,0.25,1.25,1,0.5,6,7,3,7,2,1,2,458.38,4.04,51,1.297,-0.022
15,30,6,20,TRUE,TRUE,0.25,1.25,1,0.5,6,7,3,8,2,1,2,458.38,4.04,51,1.297,-0.022
15,30,6,20,FALSE,TRUE,0.25,1.5,1.25,0.5,6,7,3,7,2,1,2,817.64,4.04,49,3,0.393
15,30,6,20,FALSE,TRUE,0.25,1.5,1.25,0.5,6,7,3,8,2,1,2,817.64,4.04,49,3,0.393
15,30,6,30,FALSE,TRUE,0.25,1.5,1.25,0.5,6,7,3,7,2,1,2,817.64,4.04,49,3,0.393
15,30,6,30,FALSE,TRUE,0.25,1.5,1.25,0.5,6,7,3,8,2,1,2,817.64,4.04,49,3,0.393
15,40,6,20,TRUE,TRUE,0.25,1.25,1.25,0.5,6,6,3,6,2,1,2,452.38,4.04,48,1.297,-0.033
15,40,6,20,TRUE,TRUE,0.25,1.25,1.5,0.5,6,6,3,6,2,1,2,452.38,4.04,48,1.297,-0.033
15,40,6,20,FALSE,TRUE,0.25,1.5,1.25,0.5,6,7,3,7,2,1,2,817.64,4.04,49,3,0.393
15,40,6,20,FALSE,TRUE,0.25,1.5,1.25,0.5,6,7,3,8,2,1,2,817.64,4.04,49,3,0.393
15,40,6,30,TRUE,TRUE,0.25,1.25,1,0.5,6,4,3,7,2,1,2,454.68,4.04,47,1.297,-0.031
15,40,6,30,TRUE,TRUE,0.25,1.25,1,0.5,6,4,3,8,2,1,2,454.68,4.04,47,1.297,-0.031
15,40,6,30,TRUE,TRUE,0.25,1.25,1.25,0.5,6,4,3,7,2,1,2,454.32,4.04,47,1.297,-0.032
15,40,6,30,TRUE,TRUE,0.25,1.25,1.25,0.5,6,4,3,8,2,1,2,454.32,4.04,47,1.297,-0.032
15,40,6,30,TRUE,TRUE,0.25,1.25,1.5,0.5,6,4,3,7,2,1,2,454.32,4.04,47,1.297,-0.032
15,40,6,30,TRUE,TRUE,0.25,1.25,1.5,0.5,6,4,3,8,2,1,2,454.32,4.04,47,1.297,-0.032
15,40,6,30,FALSE,TRUE,0.25,1.5,1.25,0.5,6,7,3,7,2,1,2,817.64,4.04,49,3,0.393
15,40,6,30,FALSE,TRUE,0.25,1.5,1.25,0.5,6,7,3,8,2,1,2,817.64,4.04,49,3,0.393
10,20,4,20,TRUE,TRUE,0.25,1,1,0.5,6,4,3,6,2,1,2,536.04,4.03,70,1.497,0.126
10,20,4,20,TRUE,TRUE,0.25,1,1.25,0.5,6,4,3,6,2,1,2,535.25,4.03,70,1.497,0.124
10,20,4,20,TRUE,TRUE,0.25,1,1.5,0.5,6,4,3,6,2,1,2,535.25,4.03,70,1.497,0.124
10,20,4,20,TRUE,TRUE,0.25,1.5,1.5,0.5,6,6,3,6,2,1,2,509.4,4.03,66,1.497,0.087
10,20,4,20,FALSE,TRUE,0.25,1.25,1,0.5,6,4,3,7,2,1,2,1081.99,4.03,70,3,0.569
10,20,4,20,FALSE,TRUE,0.25,1.25,1,0.5,6,4,3,8,2,1,2,1081.99,4.03,70,3,0.569
10,20,4,30,FALSE,TRUE,0.25,1,1,0.5,6,5,3,7,2,1,2,1112.54,4.03,72,3,0.59
10,20,4,30,FALSE,TRUE,0.25,1,1,0.5,6,5,3,8,2,1,2,1112.54,4.03,72,3,0.59
10,20,4,30,FALSE,TRUE,0.25,1,1,0.5,6,6,3,7,2,1,2,1112.54,4.03,72,3,0.59
10,20,4,30,FALSE,TRUE,0.25,1,1,0.5,6,6,3,8,2,1,2,1112.54,4.03,72,3,0.59
10,20,4,30,FALSE,TRUE,0.25,1,1.25,0.5,6,5,3,7,2,1,2,1110.91,4.03,72,3,0.588
10,20,4,30,FALSE,TRUE,0.25,1,1.25,0.5,6,5,3,8,2,1,2,1110.91,4.03,72,3,0.588
10,20,4,30,FALSE,TRUE,0.25,1,1.25,0.5,6,6,3,7,2,1,2,1110.91,4.03,72,3,0.588
10,20,4,30,FALSE,TRUE,0.25,1,1.25,0.5,6,6,3,8,2,1,2,1110.91,4.03,72,3,0.588
10,20,4,30,FALSE,TRUE,0.25,1,1.5,0.5,6,5,3,7,2,1,2,1110.91,4.03,72,3,0.588
10,20,4,30,FALSE,TRUE,0.25,1,1.5,0.5,6,5,3,8,2,1,2,1110.91,4.03,72,3,0.588
10,20,4,30,FALSE,TRUE,0.25,1,1.5,0.5,6,6,3,7,2,1,2,1110.91,4.03,72,3,0.588
10,20,4,30,FALSE,TRUE,0.25,1,1.5,0.5,6,6,3,8,2,1,2,1110.91,4.03,72,3,0.588
10,30,4,20,TRUE,TRUE,0.25,1.25,1.25,0.5,6,4,3,7,2,1,2,562.56,4.03,69,1.497,0.169
10,30,4,20,TRUE,TRUE,0.25,1.25,1.25,0.5,6,4,3,8,2,1,2,562.56,4.03,69,1.497,0.169
10,30,4,20,FALSE,TRUE,0.25,1.25,1,0.5,6,4,3,7,2,1,2,1081.99,4.03,70,3,0.569
10,30,4,20,FALSE,TRUE,0.25,1.25,1,0.5,6,4,3,8,2,1,2,1081.99,4.03,70,3,0.569
10,30,4,30,TRUE,TRUE,0.25,1.5,1.25,0.5,6,4,3,6,2,1,2,521.6,4.03,63,1.497,0.101
10,30,4,30,FALSE,TRUE,0.25,1,1,0.5,6,5,3,7,2,1,2,1112.54,4.03,72,3,0.59
10,30,4,30,FALSE,TRUE,0.25,1,1,0.5,6,5,3,8,2,1,2,1112.54,4.03,72,3,0.59
10,30,4,30,FALSE,TRUE,0.25,1,1,0.5,6,6,3,7,2,1,2,1112.54,4.03,72,3,0.59
10,30,4,30,FALSE,TRUE,0.25,1,1,0.5,6,6,3,8,2,1,2,1112.54,4.03,72,3,0.59
10,30,4,30,FALSE,TRUE,0.25,1,1.25,0.5,6,5,3,7,2,1,2,1110.91,4.03,72,3,0.588
10,30,4,30,FALSE,TRUE,0.25,1,1.25,0.5,6,5,3,8,2,1,2,1110.91,4.03,72,3,0.588
10,30,4,30,FALSE,TRUE,0.25,1,1.25,0.5,6,6,3,7,2,1,2,1110.91,4.03,72,3,0.588
10,30,4,30,FALSE,TRUE,0.25,1,1.25,0.5,6,6,3,8,2,1,2,1110.91,4.03,72,3,0.588
10,30,4,30,FALSE,TRUE,0.25,1,1.5,0.5,6,5,3,7,2,1,2,1110.91,4.03,72,3,0.588
10,30,4,30,FALSE,TRUE,0.25,1,1.5,0.5,6,5,3,8,2,1,2,1110.91,4.03,72,3,0.588
10,30,4,30,FALSE,TRUE,0.25,1,1.5,0.5,6,6,3,7,2,1,2,1110.91,4.03,72,3,0.588
10,30,4,30,FALSE,TRUE,0.25,1,1.5,0.5,6,6,3,8,2,1,2,1110.91,4.03,72,3,0.588
10,40,4,20,TRUE,TRUE,0.25,1.25,1.25,0.5,6,7,3,6,2,1,2,556.55,4.03,71,1.497,0.159
10,20,5,20,TRUE,TRUE,0.25,1.25,1.5,0.5,6,7,3,7,2,1,2,575.26,4.03,69,1.497,0.183
10,20,5,20,TRUE,TRUE,0.25,1.25,1.5,0.5,6,7,3,8,2,1,2,575.26,4.03,69,1.497,0.183
10,30,5,20,TRUE,TRUE,0.25,1.25,1.5,0.5,6,7,3,6,2,1,2,566.21,4.03,66,1.497,0.163
10,30,5,30,TRUE,TRUE,0.25,1.25,1.25,0.5,6,4,3,7,2,1,2,570.93,4.03,64,1.497,0.171
10,30,5,30,TRUE,TRUE,0.25,1.25,1.25,0.5,6,4,3,8,2,1,2,570.93,4.03,64,1.497,0.171
10,30,5,30,TRUE,TRUE,0.25,1.25,1.5,0.5,6,6,3,6,2,1,2,541.34,4.03,62,1.497,0.124
10,40,5,20,FALSE,TRUE,0.25,1.25,1,0.5,6,4,3,6,2,1,2,980.75,4.03,59,3,0.486
10,40,5,20,FALSE,TRUE,0.25,1.25,1,0.5,6,7,3,6,2,1,2,1060.6,4.03,66,3,0.53
10,40,5,30,TRUE,TRUE,0.25,1.25,1.25,0.5,6,4,3,6,2,1,2,534.23,4.03,59,1.497,0.109
10,40,5,30,TRUE,TRUE,0.25,1.25,1.5,0.5,6,7,3,6,2,1,2,566.39,4.03,65,1.497,0.163
10,40,5,30,FALSE,TRUE,0.25,1.25,1,0.5,6,4,3,6,2,1,2,980.75,4.03,59,3,0.486
10,40,5,30,FALSE,TRUE,0.25,1.25,1,0.5,6,7,3,6,2,1,2,1060.6,4.03,66,3,0.53
10,20,6,20,TRUE,TRUE,0.25,1,1,0.5,6,5,3,7,2,1,2,502.94,4.03,55,1.497,0.066
10,20,6,20,TRUE,TRUE,0.25,1,1,0.5,6,5,3,8,2,1,2,502.94,4.03,55,1.497,0.066
10,20,6,20,TRUE,TRUE,0.25,1.5,1.25,0.5,6,7,3,6,2,1,2,498.48,4.03,54,1.497,0.044
10,20,6,30,TRUE,TRUE,0.25,1,1,0.5,6,7,3,5,2,1,2,474.11,4.03,54,1.497,0.004
10,20,6,30,TRUE,TRUE,0.25,1,1.25,0.5,6,7,3,5,2,1,2,473.28,4.03,54,1.497,0.003
10,20,6,30,TRUE,TRUE,0.25,1,1.5,0.5,6,7,3,5,2,1,2,473.28,4.03,54,1.497,0.003
10,30,6,20,TRUE,TRUE,0.25,1.5,1,0.5,6,6,3,7,2,1,2,487.57,4.03,53,1.497,0.039
10,30,6,20,TRUE,TRUE,0.25,1.5,1,0.5,6,6,3,8,2,1,2,487.57,4.03,53,1.497,0.039
10,30,6,20,TRUE,TRUE,0.25,1.5,1,0.5,6,7,3,7,2,1,2,538.41,4.03,58,1.497,0.114
10,30,6,20,TRUE,TRUE,0.25,1.5,1,0.5,6,7,3,8,2,1,2,538.41,4.03,58,1.497,0.114
10,40,6,20,TRUE,TRUE,0.25,1,1,0.5,6,6,3,5,2,1,2,462.14,4.03,50,1.497,-0.021
10,40,6,30,TRUE,TRUE,0.25,1.5,1,0.5,6,6,3,7,2,1,2,487.76,4.03,53,1.497,0.039
10,40,6,30,TRUE,TRUE,0.25,1.5,1,0.5,6,6,3,8,2,1,2,487.76,4.03,53,1.497,0.039
10,40,6,30,TRUE,TRUE,0.25,1.5,1.25,0.5,6,7,3,7,2,1,2,534.51,4.03,57,1.497,0.11
10,40,6,30,TRUE,TRUE,0.25,1.5,1.25,0.5,6,7,3,8,2,1,2,534.51,4.03,57,1.497,0.11
15,20,4,20,TRUE,TRUE,0.25,1,1,0.5,6,6,3,7,2,1,2,544.77,4.03,73,1.297,0.141
15,20,4,20,TRUE,TRUE,0.25,1,1,0.5,6,6,3,8,2,1,2,544.77,4.03,73,1.297,0.141
15,20,4,20,TRUE,TRUE,0.25,1,1.25,0.5,6,6,3,7,2,1,2,544.77,4.03,73,1.297,0.141
15,20,4,20,TRUE,TRUE,0.25,1,1.25,0.5,6,6,3,8,2,1,2,544.77,4.03,73,1.297,0.141
15,20,4,20,TRUE,TRUE,0.25,1,1.5,0.5,6,6,3,7,2,1,2,544.77,4.03,73,1.297,0.141
15,20,4,20,TRUE,TRUE,0.25,1,1.5,0.5,6,6,3,8,2,1,2,544.77,4.03,73,1.297,0.141
15,20,4,20,TRUE,TRUE,0.25,1.5,1.25,0.5,6,4,3,5,2,1,2,512.59,4.03,65,1.297,0.088
15,20,4,20,FALSE,TRUE,0.25,1,1,0.5,6,5,3,7,2,1,2,1064.64,4.03,72,3,0.558
15,20,4,20,FALSE,TRUE,0.25,1,1,0.5,6,5,3,8,2,1,2,1064.64,4.03,72,3,0.558
15,20,4,20,FALSE,TRUE,0.25,1,1.25,0.5,6,5,3,7,2,1,2,1064.64,4.03,72,3,0.558
15,20,4,20,FALSE,TRUE,0.25,1,1.25,0.5,6,5,3,8,2,1,2,1064.64,4.03,72,3,0.558
15,20,4,20,FALSE,TRUE,0.25,1,1.5,0.5,6,5,3,7,2,1,2,1064.64,4.03,72,3,0.558
15,20,4,20,FALSE,TRUE,0.25,1,1.5,0.5,6,5,3,8,2,1,2,1064.64,4.03,72,3,0.558
15,20,4,30,TRUE,TRUE,0.25,1,1,0.5,6,7,3,7,2,1,2,543.67,4.03,73,1.297,0.138
15,20,4,30,TRUE,TRUE,0.25,1,1,0.5,6,7,3,8,2,1,2,543.67,4.03,73,1.297,0.138
15,20,4,30,TRUE,TRUE,0.25,1,1.25,0.5,6,7,3,7,2,1,2,543.67,4.03,73,1.297,0.138
15,20,4,30,TRUE,TRUE,0.25,1,1.25,0.5,6,7,3,8,2,1,2,543.67,4.03,73,1.297,0.138
15,20,4,30,TRUE,TRUE,0.25,1,1.5,0.5,6,7,3,7,2,1,2,543.67,4.03,73,1.297,0.138
15,20,4,30,TRUE,TRUE,0.25,1,1.5,0.5,6,7,3,8,2,1,2,543.67,4.03,73,1.297,0.138
15,30,4,20,TRUE,TRUE,0.25,1,1,0.5,6,4,3,7,2,1,2,561.45,4.03,72,1.297,0.161
15,30,4,20,TRUE,TRUE,0.25,1,1,0.5,6,4,3,8,2,1,2,561.45,4.03,72,1.297,0.161
15,30,4,20,TRUE,TRUE,0.25,1,1.25,0.5,6,4,3,7,2,1,2,561.45,4.03,72,1.297,0.161
15,30,4,20,TRUE,TRUE,0.25,1,1.25,0.5,6,4,3,8,2,1,2,561.45,4.03,72,1.297,0.161
15,30,4,20,TRUE,TRUE,0.25,1,1.5,0.5,6,4,3,7,2,1,2,561.45,4.03,72,1.297,0.161
15,30,4,20,TRUE,TRUE,0.25,1,1.5,0.5,6,4,3,8,2,1,2,561.45,4.03,72,1.297,0.161
15,30,4,20,TRUE,TRUE,0.25,1.25,1.5,0.5,6,7,3,7,2,1,2,564.41,4.03,72,1.297,0.171
15,30,4,20,TRUE,TRUE,0.25,1.25,1.5,0.5,6,7,3,8,2,1,2,564.41,4.03,72,1.297,0.171
15,30,4,20,FALSE,TRUE,0.25,1,1,0.5,6,5,3,7,2,1,2,1064.64,4.03,72,3,0.558
15,30,4,20,FALSE,TRUE,0.25,1,1,0.5,6,5,3,8,2,1,2,1064.64,4.03,72,3,0.558
15,30,4,20,FALSE,TRUE,0.25,1,1.25,0.5,6,5,3,7,2,1,2,1064.64,4.03,72,3,0.558
15,30,4,20,FALSE,TRUE,0.25,1,1.25,0.5,6,5,3,8,2,1,2,1064.64,4.03,72,3,0.558
15,30,4,20,FALSE,TRUE,0.25,1,1.5,0.5,6,5,3,7,2,1,2,1064.64,4.03,72,3,0.558
15,30,4,20,FALSE,TRUE,0.25,1,1.5,0.5,6,5,3,8,2,1,2,1064.64,4.03,72,3,0.558
15,30,4,30,TRUE,TRUE,0.25,1.25,1,0.5,6,4,3,7,2,1,2,541.61,4.03,68,1.297,0.132
15,30,4,30,TRUE,TRUE,0.25,1.25,1,0.5,6,4,3,8,2,1,2,541.61,4.03,68,1.297,0.132
15,30,4,30,TRUE,TRUE,0.25,1.25,1.5,0.5,6,5,3,6,2,1,2,531.54,4.03,65,1.297,0.118
15,40,4,20,TRUE,TRUE,0.25,1.25,1.25,0.5,6,5,3,7,2,1,2,539.99,4.03,68,1.297,0.133
15,40,4,20,TRUE,TRUE,0.25,1.25,1.25,0.5,6,5,3,8,2,1,2,539.99,4.03,68,1.297,0.133
15,40,4,20,TRUE,TRUE,0.25,1.5,1,0.5,6,4,3,7,2,1,2,537.59,4.03,66,1.297,0.127
15,40,4,20,TRUE,TRUE,0.25,1.5,1,0.5,6,4,3,8,2,1,2,537.59,4.03,66,1.297,0.127
15,40,4,20,FALSE,TRUE,0.25,1.25,1,0.5,6,6,3,7,2,1,2,1036.57,4.03,70,3,0.544
15,40,4,20,FALSE,TRUE,0.25,1.25,1,0.5,6,6,3,8,2,1,2,1036.57,4.03,70,3,0.544
15,40,4,30,TRUE,TRUE,0.25,1.25,1,0.5,6,4,3,6,2,1,2,536.44,4.03,65,1.297,0.122
15,40,4,30,TRUE,TRUE,0.25,1.25,1.25,0.5,6,7,3,6,2,1,2,558.07,4.03,69,1.297,0.159
15,40,4,30,TRUE,TRUE,0.25,1.25,1.5,0.5,6,4,3,7,2,1,2,533.8,4.03,65,1.297,0.12
15,40,4,30,TRUE,TRUE,0.25,1.25,1.5,0.5,6,4,3,8,2,1,2,533.8,4.03,65,1.297,0.12
15,40,4,30,TRUE,TRUE,0.25,1.5,1.5,0.5,6,5,3,6,2,1,2,527.62,4.03,63,1.297,0.112
15,40,4,30,FALSE,TRUE,0.25,1.5,1,0.5,6,5,3,6,2,1,2,1006.43,4.03,64,3,0.524
15,20,5,20,FALSE,TRUE,0.25,1.25,1.25,0.5,6,6,3,5,2,1,2,969.78,4.03,60,3,0.485
15,20,5,20,FALSE,TRUE,0.25,1.5,1.5,0.5,6,4,3,6,2,1,2,974.47,4.03,57,3,0.49
15,20,5,30,TRUE,TRUE,0.25,1.5,1.5,0.5,6,6,3,6,2,1,2,514.6,4.03,59,1.297,0.086
15,20,5,30,FALSE,TRUE,0.25,1.25,1.25,0.5,6,6,3,5,2,1,2,969.78,4.03,60,3,0.485
15,20,5,30,FALSE,TRUE,0.25,1.5,1.5,0.5,6,4,3,6,2,1,2,974.47,4.03,57,3,0.49
15,30,5,20,TRUE,TRUE,0.25,1.25,1.25,0.5,6,7,3,6,2,1,2,566.86,4.03,66,1.297,0.162
15,30,5,20,FALSE,TRUE,0.25,1.25,1.25,0.5,6,6,3,5,2,1,2,969.78,4.03,60,3,0.485
15,30,5,20,FALSE,TRUE,0.25,1.5,1.5,0.5,6,4,3,6,2,1,2,974.47,4.03,57,3,0.49
15,30,5,30,TRUE,TRUE,0.25,1.5,1,0.5,6,6,3,7,2,1,2,545.34,4.03,62,1.297,0.129
15,30,5,30,TRUE,TRUE,0.25,1.5,1,0.5,6,6,3,8,2,1,2,545.34,4.03,62,1.297,0.129
15,30,5,30,TRUE,TRUE,0.25,1.5,1.25,0.5,6,4,3,6,2,1,2,536.41,4.03,58,1.297,0.112
15,30,5,30,FALSE,TRUE,0.25,1.25,1.25,0.5,6,6,3,5,2,1,2,969.78,4.03,60,3,0.485
15,30,5,30,FALSE,TRUE,0.25,1.5,1.5,0.5,6,4,3,6,2,1,2,974.47,4.03,57,3,0.49
15,40,5,20,TRUE,TRUE,0.25,1.25,1.25,0.5,6,4,3,6,2,1,2,537.81,4.03,60,1.297,0.114
15,40,5,20,FALSE,TRUE,0.25,1.25,1,0.5,6,6,3,7,2,1,2,1006.49,4.03,64,3,0.507
15,40,5,20,FALSE,TRUE,0.25,1.25,1,0.5,6,6,3,8,2,1,2,1006.49,4.03,64,3,0.507
15,40,5,20,FALSE,TRUE,0.25,1.25,1.5,0.5,6,7,3,6,2,1,2,1050.77,4.03,64,3,0.527
15,40,5,20,FALSE,TRUE,0.25,1.5,1,0.5,6,6,3,6,2,1,2,986.83,4.03,60,3,0.495
15,40,5,30,TRUE,TRUE,0.25,1.25,1.25,0.5,6,5,3,6,2,1,2,542.24,4.03,61,1.297,0.124
15,40,5,30,TRUE,TRUE,0.25,1.25,1.5,0.5,6,6,3,7,2,1,2,545.33,4.03,62,1.297,0.13
15,40,5,30,TRUE,TRUE,0.25,1.25,1.5,0.5,6,6,3,8,2,1,2,545.33,4.03,62,1.297,0.13
15,40,5,30,TRUE,TRUE,0.25,1.5,1,0.5,6,4,3,6,2,1,2,536.31,4.03,58,1.297,0.111
15,40,5,30,FALSE,TRUE,0.25,1.25,1,0.5,6,6,3,7,2,1,2,1006.49,4.03,64,3,0.507
15,40,5,30,FALSE,TRUE,0.25,1.25,1,0.5,6,6,3,8,2,1,2,1006.49,4.03,64,3,0.507
15,40,5,30,FALSE,TRUE,0.25,1.25,1.5,0.5,6,7,3,6,2,1,2,1050.77,4.03,64,3,0.527
15,40,5,30,FALSE,TRUE,0.25,1.5,1,0.5,6,6,3,6,2,1,2,986.83,4.03,60,3,0.495
15,20,6,20,FALSE,TRUE,0.25,1.5,1.5,0.5,6,7,3,7,2,1,2,815.06,4.03,49,3,0.393
15,20,6,20,FALSE,TRUE,0.25,1.5,1.5,0.5,6,7,3,8,2,1,2,815.06,4.03,49,3,0.393
15,20,6,30,FALSE,TRUE,0.25,1.5,1.5,0.5,6,7,3,7,2,1,2,815.06,4.03,49,3,0.393
15,20,6,30,FALSE,TRUE,0.25,1.5,1.5,0.5,6,7,3,8,2,1,2,815.06,4.03,49,3,0.393
15,30,6,20,FALSE,TRUE,0.25,1.5,1.5,0.5,6,7,3,7,2,1,2,815.06,4.03,49,3,0.393
15,30,6,20,FALSE,TRUE,0.25,1.5,1.5,0.5,6,7,3,8,2,1,2,815.06,4.03,49,3,0.393
15,30,6,30,TRUE,TRUE,0.25,1.25,1.25,0.5,6,4,3,6,2,1,2,451.15,4.03,46,1.297,-0.039
15,30,6,30,TRUE,TRUE,0.25,1.25,1.5,0.5,6,4,3,6,2,1,2,451.15,4.03,46,1.297,-0.039
15,30,6,30,FALSE,TRUE,0.25,1.5,1.5,0.5,6,7,3,7,2,1,2,815.06,4.03,49,3,0.393
15,30,6,30,FALSE,TRUE,0.25,1.5,1.5,0.5,6,7,3,8,2,1,2,815.06,4.03,49,3,0.393
15,40,6,20,TRUE,TRUE,0.25,1.25,1,0.5,6,7,3,7,2,1,2,457.94,4.03,51,1.297,-0.023
15,40,6,20,TRUE,TRUE,0.25,1.25,1,0.5,6,7,3,8,2,1,2,457.94,4.03,51,1.297,-0.023
15,40,6,20,FALSE,TRUE,0.25,1.5,1.5,0.5,6,7,3,7,2,1,2,815.06,4.03,49,3,0.393
15,40,6,20,FALSE,TRUE,0.25,1.5,1.5,0.5,6,7,3,8,2,1,2,815.06,4.03,49,3,0.393
15,40,6,30,FALSE,TRUE,0.25,1.5,1.5,0.5,6,7,3,7,2,1,2,815.06,4.03,49,3,0.393
15,40,6,30,FALSE,TRUE,0.25,1.5,1.5,0.5,6,7,3,8,2,1,2,815.06,4.03,49,3,0.393
10,20,4,20,FALSE,TRUE,0.25,1.5,1,0.5,6,4,3,7,2,1,2,1065.73,4.02,68,3,0.563
10,20,4,20,FALSE,TRUE,0.25,1.5,1,0.5,6,4,3,8,2,1,2,1065.73,4.02,68,3,0.563
10,20,4,20,FALSE,TRUE,0.25,1.5,1,0.5,6,6,3,6,2,1,2,1012.76,4.02,67,3,0.536
10,20,4,20,FALSE,TRUE,0.25,1.5,1.5,0.5,6,4,3,7,2,1,2,1055.81,4.02,67,3,0.56
10,20,4,20,FALSE,TRUE,0.25,1.5,1.5,0.5,6,4,3,8,2,1,2,1055.81,4.02,67,3,0.56
10,20,4,20,FALSE,TRUE,0.25,1.5,1.5,0.5,6,5,3,6,2,1,2,996.64,4.02,65,3,0.527
10,20,4,30,FALSE,TRUE,0.25,1.25,1.5,0.5,6,5,3,7,2,1,2,1059.22,4.02,68,3,0.562
10,20,4,30,FALSE,TRUE,0.25,1.25,1.5,0.5,6,5,3,8,2,1,2,1059.22,4.02,68,3,0.562
10,20,4,30,FALSE,TRUE,0.25,1.25,1.5,0.5,6,6,3,7,2,1,2,1059.22,4.02,68,3,0.562
10,20,4,30,FALSE,TRUE,0.25,1.25,1.5,0.5,6,6,3,8,2,1,2,1059.22,4.02,68,3,0.562
10,30,4,20,FALSE,TRUE,0.25,1.5,1,0.5,6,4,3,7,2,1,2,1065.73,4.02,68,3,0.563
10,30,4,20,FALSE,TRUE,0.25,1.5,1,0.5,6,4,3,8,2,1,2,1065.73,4.02,68,3,0.563
10,30,4,20,FALSE,TRUE,0.25,1.5,1,0.5,6,6,3,6,2,1,2,1012.76,4.02,67,3,0.536
10,30,4,20,FALSE,TRUE,0.25,1.5,1.5,0.5,6,4,3,7,2,1,2,1055.81,4.02,67,3,0.56
10,30,4,20,FALSE,TRUE,0.25,1.5,1.5,0.5,6,4,3,8,2,1,2,1055.81,4.02,67,3,0.56
10,30,4,20,FALSE,TRUE,0.25,1.5,1.5,0.5,6,5,3,6,2,1,2,996.64,4.02,65,3,0.527
10,30,4,30,TRUE,TRUE,0.25,1,1,0.5,6,4,3,7,2,1,2,583.43,4.02,72,1.497,0.198
10,30,4,30,TRUE,TRUE,0.25,1,1,0.5,6,4,3,8,2,1,2,583.43,4.02,72,1.497,0.198
10,30,4,30,TRUE,TRUE,0.25,1,1.25,0.5,6,4,3,7,2,1,2,582.63,4.02,72,1.497,0.196
10,30,4,30,TRUE,TRUE,0.25,1,1.25,0.5,6,4,3,8,2,1,2,582.63,4.02,72,1.497,0.196
10,30,4,30,TRUE,TRUE,0.25,1,1.5,0.5,6,4,3,7,2,1,2,582.63,4.02,72,1.497,0.196
10,30,4,30,TRUE,TRUE,0.25,1,1.5,0.5,6,4,3,8,2,1,2,582.63,4.02,72,1.497,0.196
10,30,4,30,TRUE,TRUE,0.25,1.25,1.5,0.5,6,4,3,6,2,1,2,524.03,4.02,63,1.497,0.104
10,30,4,30,FALSE,TRUE,0.25,1.25,1.5,0.5,6,5,3,7,2,1,2,1059.22,4.02,68,3,0.562
10,30,4,30,FALSE,TRUE,0.25,1.25,1.5,0.5,6,5,3,8,2,1,2,1059.22,4.02,68,3,0.562
10,30,4,30,FALSE,TRUE,0.25,1.25,1.5,0.5,6,6,3,7,2,1,2,1059.22,4.02,68,3,0.562
10,30,4,30,FALSE,TRUE,0.25,1.25,1.5,0.5,6,6,3,8,2,1,2,1059.22,4.02,68,3,0.562
10,40,4,30,FALSE,TRUE,0.25,1.25,1.25,0.5,6,7,3,7,2,1,2,1120.67,4.02,72,3,0.583
10,40,4,30,FALSE,TRUE,0.25,1.25,1.25,0.5,6,7,3,8,2,1,2,1120.67,4.02,72,3,0.583
10,20,5,20,TRUE,TRUE,0.25,1.25,1,0.5,6,4,3,6,2,1,2,513.6,4.02,61,1.497,0.079
10,20,5,20,TRUE,TRUE,0.25,1.25,1.25,0.5,6,6,3,7,2,1,2,547.71,4.02,66,1.497,0.143
10,20,5,20,TRUE,TRUE,0.25,1.25,1.25,0.5,6,6,3,8,2,1,2,547.71,4.02,66,1.497,0.143
10,20,5,20,FALSE,TRUE,0.25,1,1,0.5,6,4,3,6,2,1,2,1018.87,4.02,63,3,0.512
10,20,5,30,FALSE,TRUE,0.25,1,1,0.5,6,4,3,6,2,1,2,1018.87,4.02,63,3,0.512
10,30,5,20,FALSE,TRUE,0.25,1,1,0.5,6,4,3,6,2,1,2,1018.87,4.02,63,3,0.512
10,30,5,30,TRUE,TRUE,0.25,1,1.25,0.5,6,4,3,6,2,1,2,558.8,4.02,64,1.497,0.146
10,30,5,30,TRUE,TRUE,0.25,1,1.5,0.5,6,4,3,6,2,1,2,558.8,4.02,64,1.497,0.146
10,30,5,30,FALSE,TRUE,0.25,1,1,0.5,6,4,3,6,2,1,2,1018.87,4.02,63,3,0.512
10,40,5,20,TRUE,TRUE,0.25,1.25,1.25,0.5,6,7,3,6,2,1,2,563.89,4.02,66,1.497,0.159
10,40,5,20,FALSE,TRUE,0.25,1.25,1.5,0.5,6,6,3,6,2,1,2,984.82,4.02,61,3,0.503
10,40,5,30,FALSE,TRUE,0.25,1.25,1.5,0.5,6,6,3,6,2,1,2,984.82,4.02,61,3,0.503
10,20,6,20,TRUE,TRUE,0.25,1,1.25,0.5,6,5,3,7,2,1,2,502.11,4.02,55,1.497,0.064
10,20,6,20,TRUE,TRUE,0.25,1,1.25,0.5,6,5,3,8,2,1,2,502.11,4.02,55,1.497,0.064
10,20,6,20,TRUE,TRUE,0.25,1,1.5,0.5,6,5,3,7,2,1,2,502.11,4.02,55,1.497,0.064
10,20,6,20,TRUE,TRUE,0.25,1,1.5,0.5,6,5,3,8,2,1,2,502.11,4.02,55,1.497,0.064
10,20,6,20,TRUE,TRUE,0.25,1.5,1.25,0.5,6,6,3,6,2,1,2,447.64,4.02,49,1.497,-0.042
10,20,6,20,FALSE,TRUE,0.25,1.5,1.25,0.5,6,6,3,5,2,1,2,746.16,4.02,47,3,0.344
10,20,6,30,TRUE,TRUE,0.25,1.25,1,0.5,6,6,3,5,2,1,2,447.46,4.02,49,1.497,-0.048
10,20,6,30,FALSE,TRUE,0.25,1.5,1.25,0.5,6,6,3,5,2,1,2,746.16,4.02,47,3,0.344
10,30,6,20,TRUE,TRUE,0.25,1.5,1.25,0.5,6,6,3,7,2,1,2,483.09,4.02,52,1.497,0.032
10,30,6,20,TRUE,TRUE,0.25,1.5,1.25,0.5,6,6,3,8,2,1,2,483.09,4.02,52,1.497,0.032
10,30,6,20,TRUE,TRUE,0.25,1.5,1.25,0.5,6,7,3,7,2,1,2,533.93,4.02,57,1.497,0.109
10,30,6,20,TRUE,TRUE,0.25,1.5,1.25,0.5,6,7,3,8,2,1,2,533.93,4.02,57,1.497,0.109
10,30,6,20,FALSE,TRUE,0.25,1.5,1.25,0.5,6,6,3,5,2,1,2,746.16,4.02,47,3,0.344
10,30,6,30,TRUE,TRUE,0.25,1.5,1.25,0.5,6,4,3,7,2,1,2,482.65,4.02,50,1.497,0.031
10,30,6,30,TRUE,TRUE,0.25,1.5,1.25,0.5,6,4,3,8,2,1,2,482.65,4.02,50,1.497,0.031
10,30,6,30,FALSE,TRUE,0.25,1.5,1.25,0.5,6,6,3,5,2,1,2,746.16,4.02,47,3,0.344
10,40,6,20,TRUE,TRUE,0.25,1,1.25,0.5,6,6,3,5,2,1,2,461.31,4.02,50,1.497,-0.022
10,40,6,20,TRUE,TRUE,0.25,1,1.5,0.5,6,6,3,5,2,1,2,461.31,4.02,50,1.497,-0.022
10,40,6,20,TRUE,TRUE,0.25,1.5,1.25,0.5,6,4,3,6,2,1,2,443.5,4.02,46,1.497,-0.053
10,40,6,20,FALSE,TRUE,0.25,1.5,1.25,0.5,6,6,3,5,2,1,2,745.07,4.02,47,3,0.343
10,40,6,30,TRUE,TRUE,0.25,1.5,1,0.5,6,7,3,7,2,1,2,538.21,4.02,58,1.497,0.114
10,40,6,30,TRUE,TRUE,0.25,1.5,1,0.5,6,7,3,8,2,1,2,538.21,4.02,58,1.497,0.114
10,40,6,30,TRUE,TRUE,0.25,1.5,1.5,0.5,6,6,3,7,2,1,2,482.26,4.02,52,1.497,0.031
10,40,6,30,TRUE,TRUE,0.25,1.5,1.5,0.5,6,6,3,8,2,1,2,482.26,4.02,52,1.497,0.031
10,40,6,30,TRUE,TRUE,0.25,1.5,1.5,0.5,6,7,3,7,2,1,2,532.71,4.02,57,1.497,0.108
10,40,6,30,TRUE,TRUE,0.25,1.5,1.5,0.5,6,7,3,8,2,1,2,532.71,4.02,57,1.497,0.108
10,40,6,30,FALSE,TRUE,0.25,1.5,1.25,0.5,6,6,3,5,2,1,2,745.07,4.02,47,3,0.343
15,20,4,20,FALSE,TRUE,0.25,1,1,0.5,6,5,3,6,2,1,2,1058.96,4.02,71,3,0.552
15,20,4,20,FALSE,TRUE,0.25,1,1.25,0.5,6,5,3,6,2,1,2,1058.96,4.02,71,3,0.552
15,20,4,20,FALSE,TRUE,0.25,1,1.5,0.5,6,5,3,6,2,1,2,1058.96,4.02,71,3,0.552
15,30,4,20,TRUE,TRUE,0.25,1.25,1.5,0.5,6,4,3,7,2,1,2,537.05,4.02,67,1.297,0.126
15,30,4,20,TRUE,TRUE,0.25,1.25,1.5,0.5,6,4,3,8,2,1,2,537.05,4.02,67,1.297,0.126
15,30,4,20,FALSE,TRUE,0.25,1,1,0.5,6,5,3,6,2,1,2,1058.96,4.02,71,3,0.552
15,30,4,20,FALSE,TRUE,0.25,1,1.25,0.5,6,5,3,6,2,1,2,1058.96,4.02,71,3,0.552
15,30,4,20,FALSE,TRUE,0.25,1,1.5,0.5,6,5,3,6,2,1,2,1058.96,4.02,71,3,0.552
15,30,4,30,TRUE,TRUE,0.25,1.25,1.25,0.5,6,7,3,7,2,1,2,560.43,4.02,71,1.297,0.164
15,30,4,30,TRUE,TRUE,0.25,1.25,1.25,0.5,6,7,3,8,2,1,2,560.43,4.02,71,1.297,0.164
15,40,4,20,FALSE,TRUE,0.25,1.5,1.25,0.5,6,7,3,7,2,1,2,1137.39,4.02,72,3,0.58
15,40,4,20,FALSE,TRUE,0.25,1.5,1.25,0.5,6,7,3,8,2,1,2,1137.39,4.02,72,3,0.58
15,20,5,20,TRUE,TRUE,0.25,1.25,1,0.5,6,6,3,6,2,1,2,519.57,4.02,63,1.297,0.089
15,20,5,20,TRUE,TRUE,0.25,1.25,1.5,0.5,6,4,3,7,2,1,2,516.73,4.02,61,1.297,0.086
15,20,5,20,TRUE,TRUE,0.25,1.25,1.5,0.5,6,4,3,8,2,1,2,516.73,4.02,61,1.297,0.086
15,20,5,20,TRUE,TRUE,0.25,1.25,1.5,0.5,6,7,3,6,2,1,2,542.96,4.02,65,1.297,0.131
15,20,5,20,TRUE,TRUE,0.25,1.5,1,0.5,6,6,3,7,2,1,2,519.16,4.02,62,1.297,0.091
15,20,5,20,TRUE,TRUE,0.25,1.5,1,0.5,6,6,3,8,2,1,2,519.16,4.02,62,1.297,0.091
15,20,5,20,TRUE,TRUE,0.25,1.5,1.25,0.5,6,4,3,6,2,1,2,510.87,4.02,58,1.297,0.076
15,20,5,20,FALSE,TRUE,0.25,1,1,0.5,6,6,3,6,2,1,2,1025.61,4.02,64,3,0.518
15,20,5,20,FALSE,TRUE,0.25,1.25,1.5,0.5,6,5,3,6,2,1,2,984.97,4.02,61,3,0.497
15,20,5,20,FALSE,TRUE,0.25,1.5,1,0.5,6,5,3,7,2,1,2,990.55,4.02,61,3,0.499
15,20,5,20,FALSE,TRUE,0.25,1.5,1,0.5,6,5,3,8,2,1,2,990.55,4.02,61,3,0.499
15,20,5,30,TRUE,TRUE,0.25,1.25,1.5,0.5,6,5,3,7,2,1,2,521.33,4.02,62,1.297,0.096
15,20,5,30,TRUE,TRUE,0.25,1.25,1.5,0.5,6,5,3,8,2,1,2,521.33,4.02,62,1.297,0.096
15,20,5,30,FALSE,TRUE,0.25,1,1,0.5,6,6,3,6,2,1,2,1025.61,4.02,64,3,0.518
15,20,5,30,FALSE,TRUE,0.25,1.25,1.5,0.5,6,5,3,6,2,1,2,984.97,4.02,61,3,0.497
15,20,5,30,FALSE,TRUE,0.25,1.5,1,0.5,6,5,3,7,2,1,2,990.55,4.02,61,3,0.499
15,20,5,30,FALSE,TRUE,0.25,1.5,1,0.5,6,5,3,8,2,1,2,990.55,4.02,61,3,0.499
15,30,5,20,TRUE,TRUE,0.25,1.25,1.25,0.5,6,4,3,7,2,1,2,539.85,4.02,62,1.297,0.119
15,30,5,20,TRUE,TRUE,0.25,1.25,1.25,0.5,6,4,3,8,2,1,2,539.85,4.02,62,1.297,0.119
15,30,5,20,FALSE,TRUE,0.25,1,1,0.5,6,6,3,6,2,1,2,1025.61,4.02,64,3,0.518
15,30,5,20,FALSE,TRUE,0.25,1.25,1.5,0.5,6,5,3,6,2,1,2,984.97,4.02,61,3,0.497
15,30,5,20,FALSE,TRUE,0.25,1.5,1,0.5,6,5,3,7,2,1,2,990.55,4.02,61,3,0.499
15,30,5,20,FALSE,TRUE,0.25,1.5,1,0.5,6,5,3,8,2,1,2,990.55,4.02,61,3,0.499
15,30,5,30,TRUE,TRUE,0.25,1.25,1.25,0.5,6,5,3,7,2,1,2,544.6,4.02,63,1.297,0.129
15,30,5,30,TRUE,TRUE,0.25,1.25,1.25,0.5,6,5,3,8,2,1,2,544.6,4.02,63,1.297,0.129
15,30,5,30,TRUE,TRUE,0.25,1.5,1.25,0.5,6,6,3,7,2,1,2,541.2,4.02,61,1.297,0.124
15,30,5,30,TRUE,TRUE,0.25,1.5,1.25,0.5,6,6,3,8,2,1,2,541.2,4.02,61,1.297,0.124
15,30,5,30,FALSE,TRUE,0.25,1,1,0.5,6,6,3,6,2,1,2,1025.61,4.02,64,3,0.518
15,30,5,30,FALSE,TRUE,0.25,1.25,1.5,0.5,6,5,3,6,2,1,2,984.97,4.02,61,3,0.497
15,30,5,30,FALSE,TRUE,0.25,1.5,1,0.5,6,5,3,7,2,1,2,990.55,4.02,61,3,0.499
15,30,5,30,FALSE,TRUE,0.25,1.5,1,0.5,6,5,3,8,2,1,2,990.55,4.02,61,3,0.499
15,40,5,30,TRUE,TRUE,0.25,1,1.25,0.5,6,4,3,6,2,1,2,559.8,4.02,63,1.297,0.144
15,40,5,30,TRUE,TRUE,0.25,1,1.5,0.5,6,4,3,6,2,1,2,559.8,4.02,63,1.297,0.144
15,20,6,20,FALSE,TRUE,0.25,1.25,1,0.5,6,6,3,7,2,1,2,763.17,4.02,49,3,0.359
15,20,6,20,FALSE,TRUE,0.25,1.25,1,0.5,6,6,3,8,2,1,2,763.17,4.02,49,3,0.359
15,20,6,20,FALSE,TRUE,0.25,1.5,1.25,0.5,6,7,3,6,2,1,2,811.96,4.02,48,3,0.385
15,20,6,30,TRUE,TRUE,0.25,1.25,1.25,0.5,6,6,3,6,2,1,2,450.28,4.02,48,1.297,-0.037
15,20,6,30,TRUE,TRUE,0.25,1.25,1.5,0.5,6,6,3,6,2,1,2,450.28,4.02,48,1.297,-0.037
15,20,6,30,FALSE,TRUE,0.25,1.25,1,0.5,6,6,3,7,2,1,2,763.17,4.02,49,3,0.359
15,20,6,30,FALSE,TRUE,0.25,1.25,1,0.5,6,6,3,8,2,1,2,763.17,4.02,49,3,0.359
15,20,6,30,FALSE,TRUE,0.25,1.5,1.25,0.5,6,7,3,6,2,1,2,811.96,4.02,48,3,0.385
15,30,6,20,FALSE,TRUE,0.25,1.25,1,0.5,6,6,3,7,2,1,2,763.17,4.02,49,3,0.359
15,30,6,20,FALSE,TRUE,0.25,1.25,1,0.5,6,6,3,8,2,1,2,763.17,4.02,49,3,0.359
15,30,6,20,FALSE,TRUE,0.25,1.5,1.25,0.5,6,7,3,6,2,1,2,811.96,4.02,48,3,0.385
15,30,6,30,FALSE,TRUE,0.25,1.25,1,0.5,6,6,3,7,2,1,2,763.17,4.02,49,3,0.359
15,30,6,30,FALSE,TRUE,0.25,1.25,1,0.5,6,6,3,8,2,1,2,763.17,4.02,49,3,0.359
15,30,6,30,FALSE,TRUE,0.25,1.5,1.25,0.5,6,7,3,6,2,1,2,811.96,4.02,48,3,0.385
15,40,6,20,FALSE,TRUE,0.25,1.25,1,0.5,6,6,3,7,2,1,2,763.17,4.02,49,3,0.359
15,40,6,20,FALSE,TRUE,0.25,1.25,1,0.5,6,6,3,8,2,1,2,763.17,4.02,49,3,0.359
15,40,6,20,FALSE,TRUE,0.25,1.5,1.25,0.5,6,7,3,6,2,1,2,811.96,4.02,48,3,0.385
15,40,6,30,FALSE,TRUE,0.25,1.25,1,0.5,6,6,3,7,2,1,2,763.17,4.02,49,3,0.359
15,40,6,30,FALSE,TRUE,0.25,1.25,1,0.5,6,6,3,8,2,1,2,763.17,4.02,49,3,0.359
15,40,6,30,FALSE,TRUE,0.25,1.5,1.25,0.5,6,7,3,6,2,1,2,811.96,4.02,48,3,0.385
10,20,4,20,FALSE,TRUE,0.25,1.25,1.5,0.5,6,5,3,6,2,1,2,1002.12,4.01,66,3,0.526
10,20,4,30,TRUE,TRUE,0.25,1,1,0.5,6,4,3,7,2,1,2,563.81,4.01,72,1.497,0.172
10,20,4,30,TRUE,TRUE,0.25,1,1,0.5,6,4,3,8,2,1,2,563.81,4.01,72,1.497,0.172
10,20,4,30,TRUE,TRUE,0.25,1,1.25,0.5,6,4,3,7,2,1,2,563.02,4.01,72,1.497,0.171
10,20,4,30,TRUE,TRUE,0.25,1,1.25,0.5,6,4,3,8,2,1,2,563.02,4.01,72,1.497,0.171
10,20,4,30,TRUE,TRUE,0.25,1,1.5,0.5,6,4,3,7,2,1,2,563.02,4.01,72,1.497,0.171
10,20,4,30,TRUE,TRUE,0.25,1,1.5,0.5,6,4,3,8,2,1,2,563.02,4.01,72,1.497,0.171
10,20,4,30,TRUE,TRUE,0.25,1.25,1.5,0.5,6,4,3,6,2,1,2,504.98,4.01,63,1.497,0.076
10,30,4,20,TRUE,TRUE,0.25,1.25,1.5,0.5,6,6,3,6,2,1,2,531.91,4.01,67,1.497,0.12
10,30,4,20,FALSE,TRUE,0.25,1.25,1.5,0.5,6,5,3,6,2,1,2,1002.12,4.01,66,3,0.526
10,30,4,30,TRUE,TRUE,0.25,1.25,1.5,0.5,6,7,3,6,2,1,2,553.3,4.01,69,1.497,0.153
10,40,4,20,FALSE,TRUE,0.25,1.25,1.5,0.5,6,7,3,7,2,1,2,1127.3,4.01,73,3,0.588
10,40,4,20,FALSE,TRUE,0.25,1.25,1.5,0.5,6,7,3,8,2,1,2,1127.3,4.01,73,3,0.588
10,40,4,30,FALSE,TRUE,0.25,1.5,1.25,0.5,6,4,3,6,2,1,2,981.88,4.01,62,3,0.508
10,20,5,20,TRUE,TRUE,0.25,1.25,1.25,0.5,6,4,3,6,2,1,2,512.35,4.01,61,1.497,0.079
10,20,5,30,TRUE,TRUE,0.25,1.25,1.25,0.5,6,5,3,6,2,1,2,516.78,4.01,62,1.497,0.089
10,30,5,20,TRUE,TRUE,0.25,1.25,1.25,0.5,6,6,3,6,2,1,2,538.65,4.01,63,1.497,0.12
10,30,5,30,TRUE,TRUE,0.25,1.25,1,0.5,6,7,3,6,2,1,2,570.4,4.01,67,1.497,0.165
10,30,5,30,TRUE,TRUE,0.25,1.25,1.5,0.5,6,7,3,7,2,1,2,599.78,4.01,69,1.497,0.213
10,30,5,30,TRUE,TRUE,0.25,1.25,1.5,0.5,6,7,3,8,2,1,2,599.78,4.01,69,1.497,0.213
10,40,5,30,TRUE,TRUE,0.25,1.25,1.25,0.5,6,6,3,6,2,1,2,538.6,4.01,62,1.497,0.119
10,20,6,20,TRUE,TRUE,0.25,1.5,1.5,0.5,6,6,3,6,2,1,2,445.84,4.01,49,1.497,-0.047
10,20,6,20,TRUE,TRUE,0.25,1.5,1.5,0.5,6,7,3,6,2,1,2,496.68,4.01,54,1.497,0.041
10,20,6,20,FALSE,TRUE,0.25,1.5,1,0.5,6,4,3,5,2,1,2,743.09,4.01,46,3,0.335
10,20,6,20,FALSE,TRUE,0.25,1.5,1.5,0.5,6,6,3,5,2,1,2,743.58,4.01,47,3,0.344
10,20,6,30,FALSE,TRUE,0.25,1.5,1,0.5,6,4,3,5,2,1,2,743.09,4.01,46,3,0.335
10,20,6,30,FALSE,TRUE,0.25,1.5,1.5,0.5,6,6,3,5,2,1,2,743.58,4.01,47,3,0.344
10,30,6,20,TRUE,TRUE,0.25,1.5,1.5,0.5,6,7,3,7,2,1,2,532.13,4.01,57,1.497,0.107
10,30,6,20,TRUE,TRUE,0.25,1.5,1.5,0.5,6,7,3,8,2,1,2,532.13,4.01,57,1.497,0.107
10,30,6,20,FALSE,TRUE,0.25,1.5,1,0.5,6,4,3,5,2,1,2,743.09,4.01,46,3,0.335
10,30,6,20,FALSE,TRUE,0.25,1.5,1.5,0.5,6,6,3,5,2,1,2,743.58,4.01,47,3,0.344
10,30,6,30,TRUE,TRUE,0.25,1.5,1.5,0.5,6,4,3,7,2,1,2,480.85,4.01,50,1.497,0.027
10,30,6,30,TRUE,TRUE,0.25,1.5,1.5,0.5,6,4,3,8,2,1,2,480.85,4.01,50,1.497,0.027
10,30,6,30,FALSE,TRUE,0.25,1.5,1,0.5,6,4,3,5,2,1,2,743.09,4.01,46,3,0.335
10,30,6,30,FALSE,TRUE,0.25,1.5,1.5,0.5,6,6,3,5,2,1,2,743.58,4.01,47,3,0.344
10,40,6,20,TRUE,TRUE,0.25,1.5,1,0.5,6,6,3,6,2,1,2,452.35,4.01,50,1.497,-0.036
10,40,6,20,TRUE,TRUE,0.25,1.5,1,0.5,6,7,3,6,2,1,2,503.19,4.01,55,1.497,0.049
10,40,6,20,FALSE,TRUE,0.25,1.5,1.5,0.5,6,6,3,5,2,1,2,742.49,4.01,47,3,0.343
10,40,6,30,FALSE,TRUE,0.25,1.5,1.5,0.5,6,6,3,5,2,1,2,742.49,4.01,47,3,0.343
15,20,4,20,TRUE,TRUE,0.25,1,1,0.5,6,6,3,6,2,1,2,541.33,4.01,72,1.297,0.135
15,20,4,20,TRUE,TRUE,0.25,1,1.25,0.5,6,6,3,6,2,1,2,541.33,4.01,72,1.297,0.135
15,20,4,20,TRUE,TRUE,0.25,1,1.5,0.5,6,6,3,6,2,1,2,541.33,4.01,72,1.297,0.135
15,20,4,20,TRUE,TRUE,0.25,1.25,1.5,0.5,6,5,3,7,2,1,2,520.01,4.01,68,1.297,0.104
15,20,4,20,TRUE,TRUE,0.25,1.25,1.5,0.5,6,5,3,8,2,1,2,520.01,4.01,68,1.297,0.104
15,20,4,30,TRUE,TRUE,0.25,1,1,0.5,6,7,3,6,2,1,2,540.3,4.01,72,1.297,0.132
15,20,4,30,TRUE,TRUE,0.25,1,1.25,0.5,6,7,3,6,2,1,2,540.3,4.01,72,1.297,0.132
15,20,4,30,TRUE,TRUE,0.25,1,1.5,0.5,6,7,3,6,2,1,2,540.3,4.01,72,1.297,0.132
15,20,4,30,TRUE,TRUE,0.25,1.5,1.25,0.5,6,4,3,5,2,1,2,506.66,4.01,63,1.297,0.078
15,20,4,30,FALSE,TRUE,0.25,1.25,1.5,0.5,6,7,3,7,2,1,2,1066.38,4.01,70,3,0.551
15,20,4,30,FALSE,TRUE,0.25,1.25,1.5,0.5,6,7,3,8,2,1,2,1066.38,4.01,70,3,0.551
15,30,4,20,TRUE,TRUE,0.25,1,1,0.5,6,4,3,6,2,1,2,557.85,4.01,71,1.297,0.154
15,30,4,20,TRUE,TRUE,0.25,1,1.25,0.5,6,4,3,6,2,1,2,557.85,4.01,71,1.297,0.154
15,30,4,20,TRUE,TRUE,0.25,1,1.5,0.5,6,4,3,6,2,1,2,557.85,4.01,71,1.297,0.154
15,30,4,20,TRUE,TRUE,0.25,1.25,1.5,0.5,6,7,3,6,2,1,2,560.81,4.01,71,1.297,0.164
15,30,4,20,TRUE,TRUE,0.25,1.5,1.25,0.5,6,6,3,5,2,1,2,533.2,4.01,67,1.297,0.122
15,30,4,30,FALSE,TRUE,0.25,1.25,1.5,0.5,6,7,3,7,2,1,2,1066.38,4.01,70,3,0.551
15,30,4,30,FALSE,TRUE,0.25,1.25,1.5,0.5,6,7,3,8,2,1,2,1066.38,4.01,70,3,0.551
15,40,4,20,TRUE,TRUE,0.25,1.25,1.25,0.5,6,5,3,6,2,1,2,536.22,4.01,67,1.297,0.126
15,40,4,20,TRUE,TRUE,0.25,1.5,1,0.5,6,4,3,6,2,1,2,533.83,4.01,65,1.297,0.12
15,40,4,20,TRUE,TRUE,0.25,1.5,1.5,0.5,6,4,3,7,2,1,2,532.14,4.01,65,1.297,0.118
15,40,4,20,TRUE,TRUE,0.25,1.5,1.5,0.5,6,4,3,8,2,1,2,532.14,4.01,65,1.297,0.118
15,40,4,20,FALSE,TRUE,0.25,1.25,1,0.5,6,6,3,6,2,1,2,1030.88,4.01,69,3,0.538
15,40,4,30,TRUE,TRUE,0.25,1.5,1,0.5,6,4,3,7,2,1,2,534.14,4.01,65,1.297,0.121
15,40,4,30,TRUE,TRUE,0.25,1.5,1,0.5,6,4,3,8,2,1,2,534.14,4.01,65,1.297,0.121
15,20,5,30,TRUE,TRUE,0.25,1.25,1,0.5,6,7,3,6,2,1,2,547.11,4.01,66,1.297,0.134
15,20,5,30,TRUE,TRUE,0.25,1.25,1.25,0.5,6,6,3,5,2,1,2,508.13,4.01,60,1.297,0.072
15,30,5,20,TRUE,TRUE,0.25,1.25,1,0.5,6,4,3,6,2,1,2,536.71,4.01,61,1.297,0.11
15,30,5,30,TRUE,TRUE,0.25,1,1,0.5,6,4,3,7,2,1,2,562.16,4.01,65,1.297,0.149
15,30,5,30,TRUE,TRUE,0.25,1,1,0.5,6,4,3,8,2,1,2,562.16,4.01,65,1.297,0.149
15,30,5,30,TRUE,TRUE,0.25,1,1.25,0.5,6,4,3,7,2,1,2,562.16,4.01,65,1.297,0.149
15,30,5,30,TRUE,TRUE,0.25,1,1.25,0.5,6,4,3,8,2,1,2,562.16,4.01,65,1.297,0.149
15,30,5,30,TRUE,TRUE,0.25,1,1.5,0.5,6,4,3,7,2,1,2,562.16,4.01,65,1.297,0.149
15,30,5,30,TRUE,TRUE,0.25,1,1.5,0.5,6,4,3,8,2,1,2,562.16,4.01,65,1.297,0.149
15,30,5,30,TRUE,TRUE,0.25,1.25,1.5,0.5,6,4,3,6,2,1,2,538.94,4.01,60,1.297,0.116
15,30,5,30,TRUE,TRUE,0.25,1.5,1,0.5,6,6,3,6,2,1,2,541.6,4.01,61,1.297,0.122
15,40,5,20,TRUE,TRUE,0.25,1.25,1.25,0.5,6,6,3,7,2,1,2,542.63,4.01,63,1.297,0.126
15,40,5,20,TRUE,TRUE,0.25,1.25,1.25,0.5,6,6,3,8,2,1,2,542.63,4.01,63,1.297,0.126
15,40,5,20,FALSE,TRUE,0.25,1,1,0.5,6,4,3,7,2,1,2,1028.23,4.01,64,3,0.515
15,40,5,20,FALSE,TRUE,0.25,1,1,0.5,6,4,3,8,2,1,2,1028.23,4.01,64,3,0.515
15,40,5,20,FALSE,TRUE,0.25,1,1.25,0.5,6,4,3,7,2,1,2,1028.23,4.01,64,3,0.515
15,40,5,20,FALSE,TRUE,0.25,1,1.25,0.5,6,4,3,8,2,1,2,1028.23,4.01,64,3,0.515
15,40,5,20,FALSE,TRUE,0.25,1,1.5,0.5,6,4,3,7,2,1,2,1028.23,4.01,64,3,0.515
15,40,5,20,FALSE,TRUE,0.25,1,1.5,0.5,6,4,3,8,2,1,2,1028.23,4.01,64,3,0.515
15,40,5,30,TRUE,TRUE,0.25,1.25,1.5,0.5,6,6,3,6,2,1,2,541.37,4.01,61,1.297,0.123
15,40,5,30,FALSE,TRUE,0.25,1,1,0.5,6,4,3,7,2,1,2,1028.23,4.01,64,3,0.515
15,40,5,30,FALSE,TRUE,0.25,1,1,0.5,6,4,3,8,2,1,2,1028.23,4.01,64,3,0.515
15,40,5,30,FALSE,TRUE,0.25,1,1.25,0.5,6,4,3,7,2,1,2,1028.23,4.01,64,3,0.515
15,40,5,30,FALSE,TRUE,0.25,1,1.25,0.5,6,4,3,8,2,1,2,1028.23,4.01,64,3,0.515
15,40,5,30,FALSE,TRUE,0.25,1,1.5,0.5,6,4,3,7,2,1,2,1028.23,4.01,64,3,0.515
15,40,5,30,FALSE,TRUE,0.25,1,1.5,0.5,6,4,3,8,2,1,2,1028.23,4.01,64,3,0.515
15,20,6,20,TRUE,TRUE,0.25,1.25,1,0.5,6,7,3,6,2,1,2,446.52,4.01,49,1.297,-0.047
15,20,6,20,FALSE,TRUE,0.25,1.25,1.25,0.5,6,5,3,7,2,1,2,756.23,4.01,48,3,0.354
15,20,6,20,FALSE,TRUE,0.25,1.25,1.25,0.5,6,5,3,8,2,1,2,756.23,4.01,48,3,0.354
15,20,6,20,FALSE,TRUE,0.25,1.25,1.5,0.5,6,5,3,7,2,1,2,756.23,4.01,48,3,0.354
15,20,6,20,FALSE,TRUE,0.25,1.25,1.5,0.5,6,5,3,8,2,1,2,756.23,4.01,48,3,0.354
15,20,6,20,FALSE,TRUE,0.25,1.5,1,0.5,6,6,3,7,2,1,2,753.66,4.01,47,3,0.351
15,20,6,20,FALSE,TRUE,0.25,1.5,1,0.5,6,6,3,8,2,1,2,753.66,4.01,47,3,0.351
15,20,6,20,FALSE,TRUE,0.25,1.5,1.5,0.5,6,7,3,6,2,1,2,809.37,4.01,48,3,0.386
15,20,6,30,FALSE,TRUE,0.25,1.25,1.25,0.5,6,5,3,7,2,1,2,756.23,4.01,48,3,0.354
15,20,6,30,FALSE,TRUE,0.25,1.25,1.25,0.5,6,5,3,8,2,1,2,756.23,4.01,48,3,0.354
15,20,6,30,FALSE,TRUE,0.25,1.25,1.5,0.5,6,5,3,7,2,1,2,756.23,4.01,48,3,0.354
15,20,6,30,FALSE,TRUE,0.25,1.25,1.5,0.5,6,5,3,8,2,1,2,756.23,4.01,48,3,0.354
15,20,6,30,FALSE,TRUE,0.25,1.5,1,0.5,6,6,3,7,2,1,2,753.66,4.01,47,3,0.351
15,20,6,30,FALSE,TRUE,0.25,1.5,1,0.5,6,6,3,8,2,1,2,753.66,4.01,47,3,0.351
15,20,6,30,FALSE,TRUE,0.25,1.5,1.5,0.5,6,7,3,6,2,1,2,809.37,4.01,48,3,0.386
15,30,6,20,FALSE,TRUE,0.25,1.25,1.25,0.5,6,5,3,7,2,1,2,756.23,4.01,48,3,0.354
15,30,6,20,FALSE,TRUE,0.25,1.25,1.25,0.5,6,5,3,8,2,1,2,756.23,4.01,48,3,0.354
15,30,6,20,FALSE,TRUE,0.25,1.25,1.5,0.5,6,5,3,7,2,1,2,756.23,4.01,48,3,0.354
15,30,6,20,FALSE,TRUE,0.25,1.25,1.5,0.5,6,5,3,8,2,1,2,756.23,4.01,48,3,0.354
15,30,6,20,FALSE,TRUE,0.25,1.5,1,0.5,6,6,3,7,2,1,2,753.66,4.01,47,3,0.351
15,30,6,20,FALSE,TRUE,0.25,1.5,1,0.5,6,6,3,8,2,1,2,753.66,4.01,47,3,0.351
15,30,6,20,FALSE,TRUE,0.25,1.5,1.5,0.5,6,7,3,6,2,1,2,809.37,4.01,48,3,0.386
15,30,6,30,FALSE,TRUE,0.25,1.25,1.25,0.5,6,5,3,7,2,1,2,756.23,4.01,48,3,0.354
15,30,6,30,FALSE,TRUE,0.25,1.25,1.25,0.5,6,5,3,8,2,1,2,756.23,4.01,48,3,0.354
15,30,6,30,FALSE,TRUE,0.25,1.25,1.5,0.5,6,5,3,7,2,1,2,756.23,4.01,48,3,0.354
15,30,6,30,FALSE,TRUE,0.25,1.25,1.5,0.5,6,5,3,8,2,1,2,756.23,4.01,48,3,0.354
15,30,6,30,FALSE,TRUE,0.25,1.5,1,0.5,6,6,3,7,2,1,2,753.66,4.01,47,3,0.351
15,30,6,30,FALSE,TRUE,0.25,1.5,1,0.5,6,6,3,8,2,1,2,753.66,4.01,47,3,0.351
15,30,6,30,FALSE,TRUE,0.25,1.5,1.5,0.5,6,7,3,6,2,1,2,809.37,4.01,48,3,0.386
15,40,6,20,FALSE,TRUE,0.25,1.25,1.25,0.5,6,5,3,7,2,1,2,756.23,4.01,48,3,0.354
15,40,6,20,FALSE,TRUE,0.25,1.25,1.25,0.5,6,5,3,8,2,1,2,756.23,4.01,48,3,0.354
15,40,6,20,FALSE,TRUE,0.25,1.25,1.5,0.5,6,5,3,7,2,1,2,756.23,4.01,48,3,0.354
15,40,6,20,FALSE,TRUE,0.25,1.25,1.5,0.5,6,5,3,8,2,1,2,756.23,4.01,48,3,0.354
15,40,6,20,FALSE,TRUE,0.25,1.5,1,0.5,6,6,3,7,2,1,2,753.66,4.01,47,3,0.351
15,40,6,20,FALSE,TRUE,0.25,1.5,1,0.5,6,6,3,8,2,1,2,753.66,4.01,47,3,0.351
15,40,6,20,FALSE,TRUE,0.25,1.5,1.5,0.5,6,7,3,6,2,1,2,809.37,4.01,48,3,0.386
15,40,6,30,TRUE,TRUE,0.25,1.25,1.25,0.5,6,4,3,6,2,1,2,450.55,4.01,46,1.297,-0.04
15,40,6,30,TRUE,TRUE,0.25,1.25,1.5,0.5,6,4,3,6,2,1,2,450.55,4.01,46,1.297,-0.04
15,40,6,30,FALSE,TRUE,0.25,1.25,1.25,0.5,6,5,3,7,2,1,2,756.23,4.01,48,3,0.354
15,40,6,30,FALSE,TRUE,0.25,1.25,1.25,0.5,6,5,3,8,2,1,2,756.23,4.01,48,3,0.354
15,40,6,30,FALSE,TRUE,0.25,1.25,1.5,0.5,6,5,3,7,2,1,2,756.23,4.01,48,3,0.354
15,40,6,30,FALSE,TRUE,0.25,1.25,1.5,0.5,6,5,3,8,2,1,2,756.23,4.01,48,3,0.354
15,40,6,30,FALSE,TRUE,0.25,1.5,1,0.5,6,6,3,7,2,1,2,753.66,4.01,47,3,0.351
15,40,6,30,FALSE,TRUE,0.25,1.5,1,0.5,6,6,3,8,2,1,2,753.66,4.01,47,3,0.351
15,40,6,30,FALSE,TRUE,0.25,1.5,1.5,0.5,6,7,3,6,2,1,2,809.37,4.01,48,3,0.386
10,20,4,20,TRUE,TRUE,0.25,1.25,1.25,0.5,6,4,3,7,2,1,2,542.59,4,69,1.497,0.141
10,20,4,20,TRUE,TRUE,0.25,1.25,1.25,0.5,6,4,3,8,2,1,2,542.59,4,69,1.497,0.141
10,20,4,20,TRUE,TRUE,0.25,1.25,1.25,0.5,6,5,3,6,2,1,2,512.46,4,67,1.497,0.091
10,20,4,20,TRUE,TRUE,0.25,1.5,1.25,0.5,6,4,3,6,2,1,2,506.75,4,65,1.497,0.079
10,20,4,20,FALSE,TRUE,0.25,1.25,1,0.5,6,7,3,7,2,1,2,1150.9,4,76,3,0.596
10,20,4,20,FALSE,TRUE,0.25,1.25,1,0.5,6,7,3,8,2,1,2,1150.9,4,76,3,0.596
10,20,4,20,FALSE,TRUE,0.25,1.25,1.5,0.5,6,4,3,7,2,1,2,1061.29,4,68,3,0.56
10,20,4,20,FALSE,TRUE,0.25,1.25,1.5,0.5,6,4,3,8,2,1,2,1061.29,4,68,3,0.56
10,20,4,30,FALSE,TRUE,0.25,1,1,0.5,6,6,3,6,2,1,2,1045.51,4,69,3,0.548
10,20,4,30,FALSE,TRUE,0.25,1.25,1,0.5,6,4,3,7,2,1,2,1072.06,4,69,3,0.563
10,20,4,30,FALSE,TRUE,0.25,1.25,1,0.5,6,4,3,8,2,1,2,1072.06,4,69,3,0.563
10,20,4,30,FALSE,TRUE,0.25,1.5,1.5,0.5,6,4,3,7,2,1,2,1047.77,4,66,3,0.554
10,20,4,30,FALSE,TRUE,0.25,1.5,1.5,0.5,6,4,3,8,2,1,2,1047.77,4,66,3,0.554
10,20,4,30,FALSE,TRUE,0.25,1.5,1.5,0.5,6,6,3,6,2,1,2,988.59,4,64,3,0.521
10,30,4,20,TRUE,TRUE,0.25,1.5,1.25,0.5,6,6,3,6,2,1,2,528.39,4,67,1.497,0.115
10,30,4,20,FALSE,TRUE,0.25,1.25,1,0.5,6,7,3,7,2,1,2,1150.9,4,76,3,0.596
10,30,4,20,FALSE,TRUE,0.25,1.25,1,0.5,6,7,3,8,2,1,2,1150.9,4,76,3,0.596
10,30,4,20,FALSE,TRUE,0.25,1.25,1.5,0.5,6,4,3,7,2,1,2,1061.29,4,68,3,0.56
10,30,4,20,FALSE,TRUE,0.25,1.25,1.5,0.5,6,4,3,8,2,1,2,1061.29,4,68,3,0.56
10,30,4,30,TRUE,TRUE,0.25,1.25,1.25,0.5,6,4,3,7,2,1,2,557.47,4,68,1.497,0.161
10,30,4,30,TRUE,TRUE,0.25,1.25,1.25,0.5,6,4,3,8,2,1,2,557.47,4,68,1.497,0.161
10,30,4,30,TRUE,TRUE,0.25,1.25,1.25,0.5,6,6,3,6,2,1,2,527.79,4,66,1.497,0.112
10,30,4,30,FALSE,TRUE,0.25,1,1,0.5,6,6,3,6,2,1,2,1045.51,4,69,3,0.548
10,30,4,30,FALSE,TRUE,0.25,1.25,1,0.5,6,4,3,7,2,1,2,1072.06,4,69,3,0.563
10,30,4,30,FALSE,TRUE,0.25,1.25,1,0.5,6,4,3,8,2,1,2,1072.06,4,69,3,0.563
10,30,4,30,FALSE,TRUE,0.25,1.5,1.5,0.5,6,4,3,7,2,1,2,1047.77,4,66,3,0.554
10,30,4,30,FALSE,TRUE,0.25,1.5,1.5,0.5,6,4,3,8,2,1,2,1047.77,4,66,3,0.554
10,30,4,30,FALSE,TRUE,0.25,1.5,1.5,0.5,6,6,3,6,2,1,2,988.59,4,64,3,0.521
10,20,5,20,FALSE,TRUE,0.25,1.25,1.25,0.5,6,4,3,7,2,1,2,1043.45,4,64,3,0.538
10,20,5,20,FALSE,TRUE,0.25,1.25,1.25,0.5,6,4,3,8,2,1,2,1043.45,4,64,3,0.538
10,20,5,20,FALSE,TRUE,0.25,1.25,1.25,0.5,6,5,3,6,2,1,2,984.28,4,62,3,0.501
10,20,5,20,FALSE,TRUE,0.25,1.25,1.5,0.5,6,6,3,7,2,1,2,1048,4,65,3,0.544
10,20,5,20,FALSE,TRUE,0.25,1.25,1.5,0.5,6,6,3,8,2,1,2,1048,4,65,3,0.544
10,20,5,30,TRUE,TRUE,0.25,1.25,1.25,0.5,6,4,3,7,2,1,2,546.06,4,64,1.497,0.138
10,20,5,30,TRUE,TRUE,0.25,1.25,1.25,0.5,6,4,3,8,2,1,2,546.06,4,64,1.497,0.138
10,20,5,30,FALSE,TRUE,0.25,1.25,1.25,0.5,6,4,3,7,2,1,2,1043.45,4,64,3,0.538
10,20,5,30,FALSE,TRUE,0.25,1.25,1.25,0.5,6,4,3,8,2,1,2,1043.45,4,64,3,0.538
10,20,5,30,FALSE,TRUE,0.25,1.25,1.25,0.5,6,5,3,6,2,1,2,984.28,4,62,3,0.501
10,20,5,30,FALSE,TRUE,0.25,1.25,1.5,0.5,6,6,3,7,2,1,2,1048,4,65,3,0.544
10,20,5,30,FALSE,TRUE,0.25,1.25,1.5,0.5,6,6,3,8,2,1,2,1048,4,65,3,0.544
10,30,5,20,FALSE,TRUE,0.25,1.25,1.25,0.5,6,4,3,7,2,1,2,1043.45,4,64,3,0.538
10,30,5,20,FALSE,TRUE,0.25,1.25,1.25,0.5,6,4,3,8,2,1,2,1043.45,4,64,3,0.538
10,30,5,20,FALSE,TRUE,0.25,1.25,1.25,0.5,6,5,3,6,2,1,2,984.28,4,62,3,0.501
10,30,5,20,FALSE,TRUE,0.25,1.25,1.5,0.5,6,6,3,7,2,1,2,1048,4,65,3,0.544
10,30,5,20,FALSE,TRUE,0.25,1.25,1.5,0.5,6,6,3,8,2,1,2,1048,4,65,3,0.544
10,30,5,30,FALSE,TRUE,0.25,1.25,1.25,0.5,6,4,3,7,2,1,2,1043.45,4,64,3,0.538
10,30,5,30,FALSE,TRUE,0.25,1.25,1.25,0.5,6,4,3,8,2,1,2,1043.45,4,64,3,0.538
10,30,5,30,FALSE,TRUE,0.25,1.25,1.25,0.5,6,5,3,6,2,1,2,984.28,4,62,3,0.501
10,30,5,30,FALSE,TRUE,0.25,1.25,1.5,0.5,6,6,3,7,2,1,2,1048,4,65,3,0.544
10,30,5,30,FALSE,TRUE,0.25,1.25,1.5,0.5,6,6,3,8,2,1,2,1048,4,65,3,0.544
10,40,5,20,FALSE,TRUE,0.25,1.25,1.25,0.5,6,4,3,6,2,1,2,974.1,4,59,3,0.489
10,40,5,20,FALSE,TRUE,0.25,1.25,1.5,0.5,6,7,3,7,2,1,2,1111.48,4,68,3,0.568
10,40,5,20,FALSE,TRUE,0.25,1.25,1.5,0.5,6,7,3,8,2,1,2,1111.48,4,68,3,0.568
10,40,5,30,TRUE,TRUE,0.25,1.25,1.25,0.5,6,7,3,7,2,1,2,597.25,4,69,1.497,0.209
10,40,5,30,TRUE,TRUE,0.25,1.25,1.25,0.5,6,7,3,8,2,1,2,597.25,4,69,1.497,0.209
10,40,5,30,FALSE,TRUE,0.25,1.25,1.25,0.5,6,4,3,6,2,1,2,974.1,4,59,3,0.489
10,40,5,30,FALSE,TRUE,0.25,1.25,1.5,0.5,6,7,3,7,2,1,2,1111.48,4,68,3,0.568
10,40,5,30,FALSE,TRUE,0.25,1.25,1.5,0.5,6,7,3,8,2,1,2,1111.48,4,68,3,0.568
10,20,6,30,TRUE,TRUE,0.25,1,1,0.5,6,6,3,5,2,1,2,460.71,4,50,1.497,-0.023
10,20,6,30,TRUE,TRUE,0.25,1,1.25,0.5,6,6,3,5,2,1,2,459.89,4,50,1.497,-0.024
10,20,6,30,TRUE,TRUE,0.25,1,1.5,0.5,6,6,3,5,2,1,2,459.89,4,50,1.497,-0.024
10,30,6,20,TRUE,TRUE,0.25,1,1,0.5,6,7,3,5,2,1,2,474.16,4,54,1.497,0.003
10,30,6,20,TRUE,TRUE,0.25,1.5,1.5,0.5,6,6,3,7,2,1,2,481.29,4,52,1.497,0.029
10,30,6,20,TRUE,TRUE,0.25,1.5,1.5,0.5,6,6,3,8,2,1,2,481.29,4,52,1.497,0.029
10,40,6,20,TRUE,TRUE,0.25,1.5,1.25,0.5,6,7,3,6,2,1,2,498.71,4,54,1.497,0.043
10,40,6,20,TRUE,TRUE,0.25,1.5,1.5,0.5,6,4,3,6,2,1,2,441.7,4,46,1.497,-0.058
15,20,4,20,FALSE,TRUE,0.25,1.25,1.25,0.5,6,6,3,5,2,1,2,1006.67,4,68,3,0.528
15,20,4,30,TRUE,TRUE,0.25,1.25,1.5,0.5,6,5,3,7,2,1,2,515.71,4,67,1.297,0.097
15,20,4,30,TRUE,TRUE,0.25,1.25,1.5,0.5,6,5,3,8,2,1,2,515.71,4,67,1.297,0.097
15,20,4,30,TRUE,TRUE,0.25,1.25,1.5,0.5,6,6,3,7,2,1,2,515.71,4,67,1.297,0.097
15,20,4,30,TRUE,TRUE,0.25,1.25,1.5,0.5,6,6,3,8,2,1,2,515.71,4,67,1.297,0.097
15,20,4,30,FALSE,TRUE,0.25,1.25,1.5,0.5,6,7,3,6,2,1,2,1060.69,4,69,3,0.545
15,20,4,30,FALSE,TRUE,0.25,1.5,1.5,0.5,6,4,3,5,2,1,2,984.82,4,62,3,0.51
15,30,4,20,TRUE,TRUE,0.25,1.25,1.5,0.5,6,4,3,6,2,1,2,533.45,4,66,1.297,0.119
15,30,4,20,FALSE,TRUE,0.25,1.25,1.25,0.5,6,6,3,5,2,1,2,1006.67,4,68,3,0.528
15,30,4,30,TRUE,TRUE,0.25,1.25,1,0.5,6,4,3,6,2,1,2,535.06,4,66,1.297,0.12
15,30,4,30,TRUE,TRUE,0.25,1.25,1.25,0.5,6,7,3,6,2,1,2,556.69,4,70,1.297,0.157
15,30,4,30,TRUE,TRUE,0.25,1.25,1.5,0.5,6,4,3,7,2,1,2,532.2,4,66,1.297,0.118
15,30,4,30,TRUE,TRUE,0.25,1.25,1.5,0.5,6,4,3,8,2,1,2,532.2,4,66,1.297,0.118
15,30,4,30,FALSE,TRUE,0.25,1.25,1.5,0.5,6,7,3,6,2,1,2,1060.69,4,69,3,0.545
15,30,4,30,FALSE,TRUE,0.25,1.5,1.5,0.5,6,4,3,5,2,1,2,984.82,4,62,3,0.51
15,40,4,20,TRUE,TRUE,0.25,1.25,1.5,0.5,6,6,3,7,2,1,2,538.87,4,68,1.297,0.132
15,40,4,20,TRUE,TRUE,0.25,1.25,1.5,0.5,6,6,3,8,2,1,2,538.87,4,68,1.297,0.132
15,40,4,20,FALSE,TRUE,0.25,1.25,1.5,0.5,6,5,3,7,2,1,2,1011.3,4,67,3,0.531
15,40,4,20,FALSE,TRUE,0.25,1.25,1.5,0.5,6,5,3,8,2,1,2,1011.3,4,67,3,0.531
15,40,4,20,FALSE,TRUE,0.25,1.5,1.25,0.5,6,7,3,6,2,1,2,1131.7,4,71,3,0.575
15,40,4,30,TRUE,TRUE,0.25,1.5,1.5,0.5,6,4,3,7,2,1,2,528.51,4,64,1.297,0.112
15,40,4,30,TRUE,TRUE,0.25,1.5,1.5,0.5,6,4,3,8,2,1,2,528.51,4,64,1.297,0.112
15,20,5,20,TRUE,TRUE,0.25,1.25,1.5,0.5,6,4,3,6,2,1,2,513.29,4,60,1.297,0.079
15,20,5,20,TRUE,TRUE,0.25,1.5,1,0.5,6,6,3,6,2,1,2,515.73,4,61,1.297,0.085
15,20,5,20,FALSE,TRUE,0.25,1.25,1.5,0.5,6,4,3,7,2,1,2,982.8,4,61,3,0.494
15,20,5,20,FALSE,TRUE,0.25,1.25,1.5,0.5,6,4,3,8,2,1,2,982.8,4,61,3,0.494
15,20,5,20,FALSE,TRUE,0.25,1.5,1,0.5,6,5,3,6,2,1,2,984.87,4,60,3,0.493
15,20,5,30,TRUE,TRUE,0.25,1.25,1.5,0.5,6,5,3,6,2,1,2,517.96,4,61,1.297,0.09
15,20,5,30,TRUE,TRUE,0.25,1.5,1.25,0.5,6,4,3,7,2,1,2,514.38,4,59,1.297,0.083
15,20,5,30,TRUE,TRUE,0.25,1.5,1.25,0.5,6,4,3,8,2,1,2,514.38,4,59,1.297,0.083
15,20,5,30,FALSE,TRUE,0.25,1.25,1.5,0.5,6,4,3,7,2,1,2,982.8,4,61,3,0.494
15,20,5,30,FALSE,TRUE,0.25,1.25,1.5,0.5,6,4,3,8,2,1,2,982.8,4,61,3,0.494
15,20,5,30,FALSE,TRUE,0.25,1.5,1,0.5,6,5,3,6,2,1,2,984.87,4,60,3,0.493
15,30,5,20,TRUE,TRUE,0.25,1.25,1.25,0.5,6,4,3,6,2,1,2,536.26,4,61,1.297,0.112
15,30,5,20,FALSE,TRUE,0.25,1.25,1.5,0.5,6,4,3,7,2,1,2,982.8,4,61,3,0.494
15,30,5,20,FALSE,TRUE,0.25,1.25,1.5,0.5,6,4,3,8,2,1,2,982.8,4,61,3,0.494
15,30,5,20,FALSE,TRUE,0.25,1.5,1,0.5,6,5,3,6,2,1,2,984.87,4,60,3,0.493
15,30,5,30,TRUE,TRUE,0.25,1.25,1.5,0.5,6,6,3,7,2,1,2,543.73,4,63,1.297,0.128
15,30,5,30,TRUE,TRUE,0.25,1.25,1.5,0.5,6,6,3,8,2,1,2,543.73,4,63,1.297,0.128
15,30,5,30,TRUE,TRUE,0.25,1.5,1.25,0.5,6,6,3,6,2,1,2,537.46,4,60,1.297,0.117
15,30,5,30,FALSE,TRUE,0.25,1.25,1.5,0.5,6,4,3,7,2,1,2,982.8,4,61,3,0.494
15,30,5,30,FALSE,TRUE,0.25,1.25,1.5,0.5,6,4,3,8,2,1,2,982.8,4,61,3,0.494
15,30,5,30,FALSE,TRUE,0.25,1.5,1,0.5,6,5,3,6,2,1,2,984.87,4,60,3,0.493
15,40,5,20,FALSE,TRUE,0.25,1,1.25,0.5,6,4,3,6,2,1,2,1022.55,4,63,3,0.509
15,40,5,20,FALSE,TRUE,0.25,1,1.5,0.5,6,4,3,6,2,1,2,1022.55,4,63,3,0.509
15,40,5,20,FALSE,TRUE,0.25,1.5,1,0.5,6,4,3,7,2,1,2,978.46,4,59,3,0.486
15,40,5,20,FALSE,TRUE,0.25,1.5,1,0.5,6,4,3,8,2,1,2,978.46,4,59,3,0.486
15,40,5,20,FALSE,TRUE,0.25,1.5,1.25,0.5,6,6,3,7,2,1,2,982.02,4,60,3,0.496
15,40,5,20,FALSE,TRUE,0.25,1.5,1.25,0.5,6,6,3,8,2,1,2,982.02,4,60,3,0.496
15,40,5,30,TRUE,TRUE,0.25,1.25,1,0.5,6,4,3,7,2,1,2,545.65,4,62,1.297,0.126
15,40,5,30,TRUE,TRUE,0.25,1.25,1,0.5,6,4,3,8,2,1,2,545.65,4,62,1.297,0.126
15,40,5,30,FALSE,TRUE,0.25,1,1.25,0.5,6,4,3,6,2,1,2,1022.55,4,63,3,0.509
15,40,5,30,FALSE,TRUE,0.25,1,1.5,0.5,6,4,3,6,2,1,2,1022.55,4,63,3,0.509
15,40,5,30,FALSE,TRUE,0.25,1.5,1,0.5,6,4,3,7,2,1,2,978.46,4,59,3,0.486
15,40,5,30,FALSE,TRUE,0.25,1.5,1,0.5,6,4,3,8,2,1,2,978.46,4,59,3,0.486
15,40,5,30,FALSE,TRUE,0.25,1.5,1.25,0.5,6,6,3,7,2,1,2,982.02,4,60,3,0.496
15,40,5,30,FALSE,TRUE,0.25,1.5,1.25,0.5,6,6,3,8,2,1,2,982.02,4,60,3,0.496
15,30,6,30,TRUE,TRUE,0.25,1.25,1.25,0.5,6,6,3,7,2,1,2,455.8,4,49,1.297,-0.025
15,30,6,30,TRUE,TRUE,0.25,1.25,1.25,0.5,6,6,3,8,2,1,2,455.8,4,49,1.297,-0.025
15,30,6,30,TRUE,TRUE,0.25,1.25,1.5,0.5,6,6,3,7,2,1,2,455.8,4,49,1.297,-0.025
15,30,6,30,TRUE,TRUE,0.25,1.25,1.5,0.5,6,6,3,8,2,1,2,455.8,4,49,1.297,-0.025
10,20,4,20,TRUE,TRUE,0.25,1.5,1.25,0.5,6,6,3,7,2,1,2,541.34,3.99,70,1.497,0.141
10,20,4,20,TRUE,TRUE,0.25,1.5,1.25,0.5,6,6,3,8,2,1,2,541.34,3.99,70,1.497,0.141
10,20,4,20,FALSE,TRUE,0.25,1.25,1,0.5,6,4,3,6,2,1,2,1014.96,3.99,67,3,0.527
10,20,4,30,TRUE,TRUE,0.25,1.25,1.25,0.5,6,4,3,7,2,1,2,538.05,3.99,68,1.497,0.133
10,20,4,30,TRUE,TRUE,0.25,1.25,1.25,0.5,6,4,3,8,2,1,2,538.05,3.99,68,1.497,0.133
10,20,4,30,TRUE,TRUE,0.25,1.25,1.5,0.5,6,7,3,6,2,1,2,533.5,3.99,69,1.497,0.126
10,20,4,30,FALSE,TRUE,0.25,1,1,0.5,6,7,3,7,2,1,2,1114.89,3.99,74,3,0.587
10,20,4,30,FALSE,TRUE,0.25,1,1,0.5,6,7,3,8,2,1,2,1114.89,3.99,74,3,0.587
10,20,4,30,FALSE,TRUE,0.25,1,1.25,0.5,6,6,3,6,2,1,2,1043.88,3.99,69,3,0.547
10,20,4,30,FALSE,TRUE,0.25,1,1.5,0.5,6,6,3,6,2,1,2,1043.88,3.99,69,3,0.547
10,20,4,30,FALSE,TRUE,0.25,1.5,1,0.5,6,4,3,7,2,1,2,1057.69,3.99,67,3,0.558
10,20,4,30,FALSE,TRUE,0.25,1.5,1,0.5,6,4,3,8,2,1,2,1057.69,3.99,67,3,0.558
10,30,4,20,FALSE,TRUE,0.25,1.25,1,0.5,6,4,3,6,2,1,2,1014.96,3.99,67,3,0.527
10,30,4,30,TRUE,TRUE,0.25,1.25,1.25,0.5,6,5,3,6,2,1,2,524.99,3.99,65,1.497,0.108
10,30,4,30,FALSE,TRUE,0.25,1,1,0.5,6,7,3,7,2,1,2,1114.89,3.99,74,3,0.587
10,30,4,30,FALSE,TRUE,0.25,1,1,0.5,6,7,3,8,2,1,2,1114.89,3.99,74,3,0.587
10,30,4,30,FALSE,TRUE,0.25,1,1.25,0.5,6,6,3,6,2,1,2,1043.88,3.99,69,3,0.547
10,30,4,30,FALSE,TRUE,0.25,1,1.5,0.5,6,6,3,6,2,1,2,1043.88,3.99,69,3,0.547
10,30,4,30,FALSE,TRUE,0.25,1.5,1,0.5,6,4,3,7,2,1,2,1057.69,3.99,67,3,0.558
10,30,4,30,FALSE,TRUE,0.25,1.5,1,0.5,6,4,3,8,2,1,2,1057.69,3.99,67,3,0.558
10,40,4,30,FALSE,TRUE,0.25,1,1,0.5,6,4,3,6,2,1,2,1035.85,3.99,67,3,0.54
10,40,4,30,FALSE,TRUE,0.25,1,1.25,0.5,6,4,3,6,2,1,2,1034.22,3.99,67,3,0.538
10,40,4,30,FALSE,TRUE,0.25,1,1.5,0.5,6,4,3,6,2,1,2,1034.22,3.99,67,3,0.538
10,40,4,30,FALSE,TRUE,0.25,1.25,1.25,0.5,6,4,3,6,2,1,2,984.22,3.99,63,3,0.512
10,20,5,20,FALSE,TRUE,0.25,1.25,1,0.5,6,4,3,6,2,1,2,983.07,3.99,61,3,0.489
10,20,5,30,TRUE,TRUE,0.25,1,1.25,0.5,6,4,3,6,2,1,2,534.09,3.99,64,1.497,0.113
10,20,5,30,TRUE,TRUE,0.25,1,1.5,0.5,6,4,3,6,2,1,2,534.09,3.99,64,1.497,0.113
10,20,5,30,TRUE,TRUE,0.25,1.25,1.5,0.5,6,6,3,6,2,1,2,515.9,3.99,62,1.497,0.088
10,20,5,30,FALSE,TRUE,0.25,1.25,1,0.5,6,4,3,6,2,1,2,983.07,3.99,61,3,0.489
10,30,5,20,TRUE,TRUE,0.25,1.25,1.25,0.5,6,7,3,7,2,1,2,596.95,3.99,70,1.497,0.209
10,30,5,20,TRUE,TRUE,0.25,1.25,1.25,0.5,6,7,3,8,2,1,2,596.95,3.99,70,1.497,0.209
10,30,5,20,FALSE,TRUE,0.25,1.25,1,0.5,6,4,3,6,2,1,2,983.07,3.99,61,3,0.489
10,30,5,30,TRUE,TRUE,0.25,1,1,0.5,6,4,3,6,2,1,2,553.22,3.99,63,1.497,0.136
10,30,5,30,TRUE,TRUE,0.25,1.25,1.25,0.5,6,6,3,7,2,1,2,571.98,3.99,66,1.497,0.175
10,30,5,30,TRUE,TRUE,0.25,1.25,1.25,0.5,6,6,3,8,2,1,2,571.98,3.99,66,1.497,0.175
10,30,5,30,FALSE,TRUE,0.25,1.25,1,0.5,6,4,3,6,2,1,2,983.07,3.99,61,3,0.489
10,20,6,20,TRUE,TRUE,0.25,1.5,1,0.5,6,4,3,7,2,1,2,476.88,3.99,51,1.497,0.019
10,20,6,20,TRUE,TRUE,0.25,1.5,1,0.5,6,4,3,8,2,1,2,476.88,3.99,51,1.497,0.019
10,30,6,20,TRUE,TRUE,0.25,1,1.25,0.5,6,7,3,5,2,1,2,473.34,3.99,54,1.497,0.002
10,30,6,20,TRUE,TRUE,0.25,1,1.5,0.5,6,7,3,5,2,1,2,473.34,3.99,54,1.497,0.002
10,30,6,20,TRUE,TRUE,0.25,1.25,1,0.5,6,6,3,5,2,1,2,448.68,3.99,49,1.497,-0.046
10,40,6,20,TRUE,TRUE,0.25,1.5,1.25,0.5,6,6,3,6,2,1,2,447.87,3.99,49,1.497,-0.042
10,40,6,20,TRUE,TRUE,0.25,1.5,1.5,0.5,6,7,3,6,2,1,2,496.91,3.99,54,1.497,0.04
15,20,4,20,TRUE,TRUE,0.25,1,1,0.5,6,7,3,7,2,1,2,545.36,3.99,75,1.297,0.141
15,20,4,20,TRUE,TRUE,0.25,1,1,0.5,6,7,3,8,2,1,2,545.36,3.99,75,1.297,0.141
15,20,4,20,TRUE,TRUE,0.25,1,1.25,0.5,6,7,3,7,2,1,2,545.36,3.99,75,1.297,0.141
15,20,4,20,TRUE,TRUE,0.25,1,1.25,0.5,6,7,3,8,2,1,2,545.36,3.99,75,1.297,0.141
15,20,4,20,TRUE,TRUE,0.25,1,1.5,0.5,6,7,3,7,2,1,2,545.36,3.99,75,1.297,0.141
15,20,4,20,TRUE,TRUE,0.25,1,1.5,0.5,6,7,3,8,2,1,2,545.36,3.99,75,1.297,0.141
15,20,4,20,TRUE,TRUE,0.25,1.25,1.5,0.5,6,5,3,6,2,1,2,516.58,3.99,67,1.297,0.097
15,20,4,30,FALSE,TRUE,0.25,1.5,1,0.5,6,4,3,5,2,1,2,993.11,3.99,63,3,0.512
15,30,4,20,TRUE,TRUE,0.25,1.25,1.25,0.5,6,5,3,7,2,1,2,538.26,3.99,69,1.297,0.13
15,30,4,20,TRUE,TRUE,0.25,1.25,1.25,0.5,6,5,3,8,2,1,2,538.26,3.99,69,1.297,0.13
15,30,4,20,TRUE,TRUE,0.25,1.5,1,0.5,6,6,3,7,2,1,2,541.58,3.99,69,1.297,0.136
15,30,4,20,TRUE,TRUE,0.25,1.5,1,0.5,6,6,3,8,2,1,2,541.58,3.99,69,1.297,0.136
15,30,4,30,FALSE,TRUE,0.25,1.5,1,0.5,6,4,3,5,2,1,2,993.11,3.99,63,3,0.512
15,40,4,20,TRUE,TRUE,0.25,1.5,1.25,0.5,6,5,3,7,2,1,2,534.99,3.99,67,1.297,0.124
15,40,4,20,TRUE,TRUE,0.25,1.5,1.25,0.5,6,5,3,8,2,1,2,534.99,3.99,67,1.297,0.124
15,40,4,20,TRUE,TRUE,0.25,1.5,1.5,0.5,6,4,3,6,2,1,2,528.38,3.99,64,1.297,0.111
15,40,4,20,FALSE,TRUE,0.25,1.5,1.25,0.5,6,6,3,5,2,1,2,1001.43,3.99,66,3,0.522
15,40,4,30,TRUE,TRUE,0.25,1.25,1.25,0.5,6,5,3,7,2,1,2,534.76,3.99,67,1.297,0.124
15,40,4,30,TRUE,TRUE,0.25,1.25,1.25,0.5,6,5,3,8,2,1,2,534.76,3.99,67,1.297,0.124
15,40,4,30,TRUE,TRUE,0.25,1.25,1.25,0.5,6,6,3,7,2,1,2,534.76,3.99,67,1.297,0.124
15,40,4,30,TRUE,TRUE,0.25,1.25,1.25,0.5,6,6,3,8,2,1,2,534.76,3.99,67,1.297,0.124
15,40,4,30,TRUE,TRUE,0.25,1.25,1.5,0.5,6,4,3,6,2,1,2,527.04,3.99,63,1.297,0.108
15,40,4,30,FALSE,TRUE,0.25,1,1,0.5,6,5,3,7,2,1,2,1053.06,3.99,70,3,0.55
15,40,4,30,FALSE,TRUE,0.25,1,1,0.5,6,5,3,8,2,1,2,1053.06,3.99,70,3,0.55
15,40,4,30,FALSE,TRUE,0.25,1,1,0.5,6,6,3,7,2,1,2,1053.06,3.99,70,3,0.55
15,40,4,30,FALSE,TRUE,0.25,1,1,0.5,6,6,3,8,2,1,2,1053.06,3.99,70,3,0.55
15,40,4,30,FALSE,TRUE,0.25,1,1.25,0.5,6,5,3,7,2,1,2,1053.06,3.99,70,3,0.55
15,40,4,30,FALSE,TRUE,0.25,1,1.25,0.5,6,5,3,8,2,1,2,1053.06,3.99,70,3,0.55
15,40,4,30,FALSE,TRUE,0.25,1,1.25,0.5,6,6,3,7,2,1,2,1053.06,3.99,70,3,0.55
15,40,4,30,FALSE,TRUE,0.25,1,1.25,0.5,6,6,3,8,2,1,2,1053.06,3.99,70,3,0.55
15,40,4,30,FALSE,TRUE,0.25,1,1.5,0.5,6,5,3,7,2,1,2,1053.06,3.99,70,3,0.55
15,40,4,30,FALSE,TRUE,0.25,1,1.5,0.5,6,5,3,8,2,1,2,1053.06,3.99,70,3,0.55
15,40,4,30,FALSE,TRUE,0.25,1,1.5,0.5,6,6,3,7,2,1,2,1053.06,3.99,70,3,0.55
15,40,4,30,FALSE,TRUE,0.25,1,1.5,0.5,6,6,3,8,2,1,2,1053.06,3.99,70,3,0.55
15,20,5,20,TRUE,TRUE,0.25,1,1,0.5,6,4,3,7,2,1,2,536.03,3.99,65,1.297,0.114
15,20,5,20,TRUE,TRUE,0.25,1,1,0.5,6,4,3,8,2,1,2,536.03,3.99,65,1.297,0.114
15,20,5,20,TRUE,TRUE,0.25,1,1.25,0.5,6,4,3,7,2,1,2,536.03,3.99,65,1.297,0.114
15,20,5,20,TRUE,TRUE,0.25,1,1.25,0.5,6,4,3,8,2,1,2,536.03,3.99,65,1.297,0.114
15,20,5,20,TRUE,TRUE,0.25,1,1.5,0.5,6,4,3,7,2,1,2,536.03,3.99,65,1.297,0.114
15,20,5,20,TRUE,TRUE,0.25,1,1.5,0.5,6,4,3,8,2,1,2,536.03,3.99,65,1.297,0.114
15,20,5,20,TRUE,TRUE,0.25,1.25,1.25,0.5,6,5,3,7,2,1,2,517.96,3.99,63,1.297,0.09
15,20,5,20,TRUE,TRUE,0.25,1.25,1.25,0.5,6,5,3,8,2,1,2,517.96,3.99,63,1.297,0.09
15,20,5,20,FALSE,TRUE,0.25,1.25,1.5,0.5,6,7,3,7,2,1,2,1051.52,3.99,66,3,0.529
15,20,5,20,FALSE,TRUE,0.25,1.25,1.5,0.5,6,7,3,8,2,1,2,1051.52,3.99,66,3,0.529
15,20,5,30,TRUE,TRUE,0.25,1.25,1,0.5,6,6,3,7,2,1,2,527.3,3.99,65,1.297,0.104
15,20,5,30,TRUE,TRUE,0.25,1.25,1,0.5,6,6,3,8,2,1,2,527.3,3.99,65,1.297,0.104
15,20,5,30,FALSE,TRUE,0.25,1.25,1.5,0.5,6,7,3,7,2,1,2,1051.52,3.99,66,3,0.529
15,20,5,30,FALSE,TRUE,0.25,1.25,1.5,0.5,6,7,3,8,2,1,2,1051.52,3.99,66,3,0.529
15,30,5,20,FALSE,TRUE,0.25,1.25,1.5,0.5,6,7,3,7,2,1,2,1051.52,3.99,66,3,0.529
15,30,5,20,FALSE,TRUE,0.25,1.25,1.5,0.5,6,7,3,8,2,1,2,1051.52,3.99,66,3,0.529
15,30,5,30,TRUE,TRUE,0.25,1,1.25,0.5,6,4,3,6,2,1,2,558.42,3.99,64,1.297,0.142
15,30,5,30,TRUE,TRUE,0.25,1,1.5,0.5,6,4,3,6,2,1,2,558.42,3.99,64,1.297,0.142
15,30,5,30,TRUE,TRUE,0.25,1.25,1.25,0.5,6,5,3,6,2,1,2,540.86,3.99,62,1.297,0.122
15,30,5,30,FALSE,TRUE,0.25,1.25,1.5,0.5,6,7,3,7,2,1,2,1051.52,3.99,66,3,0.529
15,30,5,30,FALSE,TRUE,0.25,1.25,1.5,0.5,6,7,3,8,2,1,2,1051.52,3.99,66,3,0.529
15,40,5,20,TRUE,TRUE,0.25,1.25,1.25,0.5,6,6,3,6,2,1,2,538.86,3.99,62,1.297,0.118
15,40,5,30,TRUE,TRUE,0.25,1.25,1.25,0.5,6,7,3,7,2,1,2,569.96,3.99,66,1.297,0.167
15,40,5,30,TRUE,TRUE,0.25,1.25,1.25,0.5,6,7,3,8,2,1,2,569.96,3.99,66,1.297,0.167
15,20,6,20,FALSE,TRUE,0.25,1.25,1.25,0.5,6,5,3,6,2,1,2,750.55,3.99,47,3,0.346
15,20,6,20,FALSE,TRUE,0.25,1.25,1.5,0.5,6,5,3,6,2,1,2,750.55,3.99,47,3,0.346
15,20,6,30,TRUE,TRUE,0.25,1.25,1,0.5,6,7,3,7,2,1,2,455.13,3.99,51,1.297,-0.028
15,20,6,30,TRUE,TRUE,0.25,1.25,1,0.5,6,7,3,8,2,1,2,455.13,3.99,51,1.297,-0.028
15,20,6,30,FALSE,TRUE,0.25,1.25,1.25,0.5,6,5,3,6,2,1,2,750.55,3.99,47,3,0.346
15,20,6,30,FALSE,TRUE,0.25,1.25,1.5,0.5,6,5,3,6,2,1,2,750.55,3.99,47,3,0.346
15,30,6,20,FALSE,TRUE,0.25,1.25,1.25,0.5,6,5,3,6,2,1,2,750.55,3.99,47,3,0.346
15,30,6,20,FALSE,TRUE,0.25,1.25,1.5,0.5,6,5,3,6,2,1,2,750.55,3.99,47,3,0.346
15,30,6,30,FALSE,TRUE,0.25,1.25,1.25,0.5,6,5,3,6,2,1,2,750.55,3.99,47,3,0.346
15,30,6,30,FALSE,TRUE,0.25,1.25,1.5,0.5,6,5,3,6,2,1,2,750.55,3.99,47,3,0.346
15,40,6,20,FALSE,TRUE,0.25,1.25,1.25,0.5,6,5,3,6,2,1,2,750.55,3.99,47,3,0.346
15,40,6,20,FALSE,TRUE,0.25,1.25,1.5,0.5,6,5,3,6,2,1,2,750.55,3.99,47,3,0.346
15,40,6,30,TRUE,TRUE,0.25,1.25,1.25,0.5,6,6,3,7,2,1,2,455.37,3.99,49,1.297,-0.026
15,40,6,30,TRUE,TRUE,0.25,1.25,1.25,0.5,6,6,3,8,2,1,2,455.37,3.99,49,1.297,-0.026
15,40,6,30,TRUE,TRUE,0.25,1.25,1.5,0.5,6,6,3,7,2,1,2,455.37,3.99,49,1.297,-0.026
15,40,6,30,TRUE,TRUE,0.25,1.25,1.5,0.5,6,6,3,8,2,1,2,455.37,3.99,49,1.297,-0.026
15,40,6,30,FALSE,TRUE,0.25,1.25,1.25,0.5,6,5,3,6,2,1,2,750.55,3.99,47,3,0.346
15,40,6,30,FALSE,TRUE,0.25,1.25,1.5,0.5,6,5,3,6,2,1,2,750.55,3.99,47,3,0.346
10,20,4,20,FALSE,TRUE,0.25,1,1,0.5,6,6,3,7,2,1,2,1115.21,3.98,74,3,0.59
10,20,4,20,FALSE,TRUE,0.25,1,1,0.5,6,6,3,8,2,1,2,1115.21,3.98,74,3,0.59
10,20,4,20,FALSE,TRUE,0.25,1,1.25,0.5,6,6,3,7,2,1,2,1113.59,3.98,74,3,0.589
10,20,4,20,FALSE,TRUE,0.25,1,1.25,0.5,6,6,3,8,2,1,2,1113.59,3.98,74,3,0.589
10,20,4,20,FALSE,TRUE,0.25,1,1.5,0.5,6,6,3,7,2,1,2,1113.59,3.98,74,3,0.589
10,20,4,20,FALSE,TRUE,0.25,1,1.5,0.5,6,6,3,8,2,1,2,1113.59,3.98,74,3,0.589
10,20,4,20,FALSE,TRUE,0.25,1.5,1,0.5,6,4,3,6,2,1,2,998.7,3.98,65,3,0.522
10,20,4,20,FALSE,TRUE,0.25,1.5,1.25,0.5,6,7,3,7,2,1,2,1187.44,3.98,75,3,0.608
10,20,4,20,FALSE,TRUE,0.25,1.5,1.25,0.5,6,7,3,8,2,1,2,1187.44,3.98,75,3,0.608
10,20,4,20,FALSE,TRUE,0.25,1.5,1.5,0.5,6,4,3,6,2,1,2,988.78,3.98,64,3,0.518
10,20,4,30,TRUE,TRUE,0.25,1.25,1.25,0.5,6,6,3,6,2,1,2,507.99,3.98,66,1.497,0.083
10,20,4,30,TRUE,TRUE,0.25,1.5,1.25,0.5,6,4,3,6,2,1,2,500.82,3.98,63,1.497,0.069
10,20,4,30,FALSE,TRUE,0.25,1,1,0.5,6,5,3,6,2,1,2,1038.8,3.98,68,3,0.543
10,20,4,30,FALSE,TRUE,0.25,1,1.25,0.5,6,7,3,7,2,1,2,1113.26,3.98,74,3,0.586
10,20,4,30,FALSE,TRUE,0.25,1,1.25,0.5,6,7,3,8,2,1,2,1113.26,3.98,74,3,0.586
10,20,4,30,FALSE,TRUE,0.25,1,1.5,0.5,6,7,3,7,2,1,2,1113.26,3.98,74,3,0.586
10,20,4,30,FALSE,TRUE,0.25,1,1.5,0.5,6,7,3,8,2,1,2,1113.26,3.98,74,3,0.586
10,20,4,30,FALSE,TRUE,0.25,1.25,1.5,0.5,6,4,3,7,2,1,2,1051.37,3.98,67,3,0.553
10,20,4,30,FALSE,TRUE,0.25,1.25,1.5,0.5,6,4,3,8,2,1,2,1051.37,3.98,67,3,0.553
10,20,4,30,FALSE,TRUE,0.25,1.25,1.5,0.5,6,6,3,6,2,1,2,992.19,3.98,65,3,0.519
10,20,4,30,FALSE,TRUE,0.25,1.5,1.5,0.5,6,5,3,6,2,1,2,981.89,3.98,63,3,0.516
10,30,4,20,TRUE,TRUE,0.25,1.25,1.25,0.5,6,6,3,7,2,1,2,562.66,3.98,71,1.497,0.171
10,30,4,20,TRUE,TRUE,0.25,1.25,1.25,0.5,6,6,3,8,2,1,2,562.66,3.98,71,1.497,0.171
10,30,4,20,TRUE,TRUE,0.25,1.25,1.5,0.5,6,7,3,7,2,1,2,587.92,3.98,74,1.497,0.206
10,30,4,20,TRUE,TRUE,0.25,1.25,1.5,0.5,6,7,3,8,2,1,2,587.92,3.98,74,1.497,0.206
10,30,4,20,FALSE,TRUE,0.25,1,1,0.5,6,6,3,7,2,1,2,1115.21,3.98,74,3,0.59
10,30,4,20,FALSE,TRUE,0.25,1,1,0.5,6,6,3,8,2,1,2,1115.21,3.98,74,3,0.59
10,30,4,20,FALSE,TRUE,0.25,1,1.25,0.5,6,6,3,7,2,1,2,1113.59,3.98,74,3,0.589
10,30,4,20,FALSE,TRUE,0.25,1,1.25,0.5,6,6,3,8,2,1,2,1113.59,3.98,74,3,0.589
10,30,4,20,FALSE,TRUE,0.25,1,1.5,0.5,6,6,3,7,2,1,2,1113.59,3.98,74,3,0.589
10,30,4,20,FALSE,TRUE,0.25,1,1.5,0.5,6,6,3,8,2,1,2,1113.59,3.98,74,3,0.589
10,30,4,20,FALSE,TRUE,0.25,1.5,1,0.5,6,4,3,6,2,1,2,998.7,3.98,65,3,0.522
10,30,4,20,FALSE,TRUE,0.25,1.5,1.25,0.5,6,7,3,7,2,1,2,1187.44,3.98,75,3,0.608
10,30,4,20,FALSE,TRUE,0.25,1.5,1.25,0.5,6,7,3,8,2,1,2,1187.44,3.98,75,3,0.608
10,30,4,20,FALSE,TRUE,0.25,1.5,1.5,0.5,6,4,3,6,2,1,2,988.78,3.98,64,3,0.518
10,30,4,30,FALSE,TRUE,0.25,1,1,0.5,6,5,3,6,2,1,2,1038.8,3.98,68,3,0.543
10,30,4,30,FALSE,TRUE,0.25,1,1.25,0.5,6,7,3,7,2,1,2,1113.26,3.98,74,3,0.586
10,30,4,30,FALSE,TRUE,0.25,1,1.25,0.5,6,7,3,8,2,1,2,1113.26,3.98,74,3,0.586
10,30,4,30,FALSE,TRUE,0.25,1,1.5,0.5,6,7,3,7,2,1,2,1113.26,3.98,74,3,0.586
10,30,4,30,FALSE,TRUE,0.25,1,1.5,0.5,6,7,3,8,2,1,2,1113.26,3.98,74,3,0.586
10,30,4,30,FALSE,TRUE,0.25,1.25,1.5,0.5,6,4,3,7,2,1,2,1051.37,3.98,67,3,0.553
10,30,4,30,FALSE,TRUE,0.25,1.25,1.5,0.5,6,4,3,8,2,1,2,1051.37,3.98,67,3,0.553
10,30,4,30,FALSE,TRUE,0.25,1.25,1.5,0.5,6,6,3,6,2,1,2,992.19,3.98,65,3,0.519
10,30,4,30,FALSE,TRUE,0.25,1.5,1.5,0.5,6,5,3,6,2,1,2,981.89,3.98,63,3,0.516
10,40,4,30,FALSE,TRUE,0.25,1.25,1.25,0.5,6,7,3,6,2,1,2,1053.65,3.98,69,3,0.544
10,20,5,20,FALSE,TRUE,0.25,1.25,1,0.5,6,7,3,6,2,1,2,1056.75,3.98,67,3,0.527
10,20,5,30,FALSE,TRUE,0.25,1.25,1,0.5,6,7,3,6,2,1,2,1056.75,3.98,67,3,0.527
10,30,5,20,FALSE,TRUE,0.25,1.25,1,0.5,6,7,3,6,2,1,2,1056.75,3.98,67,3,0.527
10,30,5,30,FALSE,TRUE,0.25,1.25,1,0.5,6,7,3,6,2,1,2,1056.75,3.98,67,3,0.527
10,20,6,20,TRUE,TRUE,0.25,1,1,0.5,6,4,3,5,2,1,2,456.39,3.98,49,1.497,-0.032
10,20,6,20,TRUE,TRUE,0.25,1,1.25,0.5,6,4,3,5,2,1,2,455.56,3.98,49,1.497,-0.034
10,20,6,20,TRUE,TRUE,0.25,1,1.5,0.5,6,4,3,5,2,1,2,455.56,3.98,49,1.497,-0.034
10,20,6,20,TRUE,TRUE,0.25,1.25,1,0.5,6,4,3,5,2,1,2,439.19,3.98,47,1.497,-0.065
10,20,6,30,TRUE,TRUE,0.25,1.25,1,0.5,6,5,3,7,2,1,2,489.01,3.98,54,1.497,0.042
10,20,6,30,TRUE,TRUE,0.25,1.25,1,0.5,6,5,3,8,2,1,2,489.01,3.98,54,1.497,0.042
10,20,6,30,TRUE,TRUE,0.25,1.5,1,0.5,6,6,3,6,2,1,2,451.95,3.98,50,1.497,-0.035
10,20,6,30,TRUE,TRUE,0.25,1.5,1,0.5,6,7,3,6,2,1,2,502.41,3.98,55,1.497,0.049
10,20,6,30,TRUE,TRUE,0.25,1.5,1.25,0.5,6,6,3,6,2,1,2,448.25,3.98,49,1.497,-0.04
10,20,6,30,TRUE,TRUE,0.25,1.5,1.25,0.5,6,7,3,6,2,1,2,498.71,3.98,54,1.497,0.045
10,30,6,20,TRUE,TRUE,0.25,1.5,1.25,0.5,6,4,3,6,2,1,2,446.63,3.98,47,1.497,-0.046
10,30,6,30,TRUE,TRUE,0.25,1.5,1,0.5,6,6,3,7,2,1,2,487.4,3.98,53,1.497,0.039
10,30,6,30,TRUE,TRUE,0.25,1.5,1,0.5,6,6,3,8,2,1,2,487.4,3.98,53,1.497,0.039
10,30,6,30,TRUE,TRUE,0.25,1.5,1.25,0.5,6,6,3,7,2,1,2,483.7,3.98,52,1.497,0.034
10,30,6,30,TRUE,TRUE,0.25,1.5,1.25,0.5,6,6,3,8,2,1,2,483.7,3.98,52,1.497,0.034
10,30,6,30,TRUE,TRUE,0.25,1.5,1.25,0.5,6,7,3,7,2,1,2,534.15,3.98,57,1.497,0.11
10,30,6,30,TRUE,TRUE,0.25,1.5,1.25,0.5,6,7,3,8,2,1,2,534.15,3.98,57,1.497,0.11
10,40,6,20,TRUE,TRUE,0.25,1.25,1,0.5,6,5,3,7,2,1,2,485.98,3.98,53,1.497,0.034
10,40,6,20,TRUE,TRUE,0.25,1.25,1,0.5,6,5,3,8,2,1,2,485.98,3.98,53,1.497,0.034
10,40,6,20,TRUE,TRUE,0.25,1.25,1.25,0.5,6,5,3,5,2,1,2,439.76,3.98,47,1.497,-0.064
10,40,6,20,TRUE,TRUE,0.25,1.25,1.5,0.5,6,5,3,5,2,1,2,439.76,3.98,47,1.497,-0.064
10,40,6,20,TRUE,TRUE,0.25,1.5,1.5,0.5,6,6,3,6,2,1,2,446.07,3.98,49,1.497,-0.047
10,40,6,20,FALSE,TRUE,0.25,1.5,1,0.5,6,4,3,5,2,1,2,735.83,3.98,45,3,0.325
10,40,6,30,TRUE,TRUE,0.25,1,1,0.5,6,7,3,5,2,1,2,473.41,3.98,54,1.497,0.002
10,40,6,30,TRUE,TRUE,0.25,1.5,1.25,0.5,6,4,3,6,2,1,2,444.11,3.98,46,1.497,-0.052
10,40,6,30,FALSE,TRUE,0.25,1.5,1,0.5,6,4,3,5,2,1,2,735.83,3.98,45,3,0.325
15,20,4,20,TRUE,TRUE,0.25,1.25,1,0.5,6,4,3,7,2,1,2,524.11,3.98,69,1.297,0.107
15,20,4,20,TRUE,TRUE,0.25,1.25,1,0.5,6,4,3,8,2,1,2,524.11,3.98,69,1.297,0.107
15,20,4,30,TRUE,TRUE,0.25,1.25,1.5,0.5,6,6,3,6,2,1,2,512.35,3.98,66,1.297,0.09
15,20,4,30,FALSE,TRUE,0.25,1.5,1.25,0.5,6,7,3,7,2,1,2,1127.38,3.98,71,3,0.573
15,20,4,30,FALSE,TRUE,0.25,1.5,1.25,0.5,6,7,3,8,2,1,2,1127.38,3.98,71,3,0.573
15,30,4,30,FALSE,TRUE,0.25,1.5,1.25,0.5,6,7,3,7,2,1,2,1127.38,3.98,71,3,0.573
15,30,4,30,FALSE,TRUE,0.25,1.5,1.25,0.5,6,7,3,8,2,1,2,1127.38,3.98,71,3,0.573
15,40,4,20,TRUE,TRUE,0.25,1.25,1.5,0.5,6,6,3,6,2,1,2,535.1,3.98,67,1.297,0.124
15,40,4,20,FALSE,TRUE,0.25,1.25,1,0.5,6,4,3,7,2,1,2,1022.51,3.98,68,3,0.529
15,40,4,20,FALSE,TRUE,0.25,1.25,1,0.5,6,4,3,8,2,1,2,1022.51,3.98,68,3,0.529
15,40,4,20,FALSE,TRUE,0.25,1.25,1.5,0.5,6,5,3,6,2,1,2,1005.61,3.98,66,3,0.525
15,20,5,20,TRUE,TRUE,0.25,1.5,1.25,0.5,6,6,3,7,2,1,2,514.42,3.98,61,1.297,0.085
15,20,5,20,TRUE,TRUE,0.25,1.5,1.25,0.5,6,6,3,8,2,1,2,514.42,3.98,61,1.297,0.085
15,20,5,20,FALSE,TRUE,0.25,1.25,1.5,0.5,6,4,3,6,2,1,2,977.11,3.98,60,3,0.487
15,20,5,20,FALSE,TRUE,0.25,1.25,1.5,0.5,6,7,3,6,2,1,2,1045.84,3.98,65,3,0.523
15,20,5,30,TRUE,TRUE,0.25,1.5,1.25,0.5,6,4,3,6,2,1,2,511.02,3.98,58,1.297,0.076
15,20,5,30,FALSE,TRUE,0.25,1.25,1.5,0.5,6,4,3,6,2,1,2,977.11,3.98,60,3,0.487
15,20,5,30,FALSE,TRUE,0.25,1.25,1.5,0.5,6,7,3,6,2,1,2,1045.84,3.98,65,3,0.523
15,30,5,20,TRUE,TRUE,0.25,1.25,1.25,0.5,6,6,3,7,2,1,2,540.9,3.98,64,1.297,0.123
15,30,5,20,TRUE,TRUE,0.25,1.25,1.25,0.5,6,6,3,8,2,1,2,540.9,3.98,64,1.297,0.123
15,30,5,20,TRUE,TRUE,0.25,1.5,1,0.5,6,4,3,7,2,1,2,534.99,3.98,60,1.297,0.11
15,30,5,20,TRUE,TRUE,0.25,1.5,1,0.5,6,4,3,8,2,1,2,534.99,3.98,60,1.297,0.11
15,30,5,20,FALSE,TRUE,0.25,1.25,1.5,0.5,6,4,3,6,2,1,2,977.11,3.98,60,3,0.487
15,30,5,20,FALSE,TRUE,0.25,1.25,1.5,0.5,6,7,3,6,2,1,2,1045.84,3.98,65,3,0.523
15,30,5,30,TRUE,TRUE,0.25,1.25,1.5,0.5,6,6,3,6,2,1,2,539.99,3.98,62,1.297,0.121
15,30,5,30,FALSE,TRUE,0.25,1.25,1.5,0.5,6,4,3,6,2,1,2,977.11,3.98,60,3,0.487
15,30,5,30,FALSE,TRUE,0.25,1.25,1.5,0.5,6,7,3,6,2,1,2,1045.84,3.98,65,3,0.523
15,40,5,20,FALSE,TRUE,0.25,1.25,1,0.5,6,4,3,7,2,1,2,992.43,3.98,62,3,0.493
15,40,5,20,FALSE,TRUE,0.25,1.25,1,0.5,6,4,3,8,2,1,2,992.43,3.98,62,3,0.493
15,40,5,20,FALSE,TRUE,0.25,1.25,1,0.5,6,6,3,6,2,1,2,990.59,3.98,62,3,0.492
15,40,5,20,FALSE,TRUE,0.25,1.5,1,0.5,6,4,3,6,2,1,2,972.78,3.98,58,3,0.48
15,40,5,20,FALSE,TRUE,0.25,1.5,1.25,0.5,6,6,3,6,2,1,2,976.33,3.98,59,3,0.49
15,40,5,30,TRUE,TRUE,0.25,1,1,0.5,6,4,3,6,2,1,2,553.42,3.98,62,1.297,0.133
15,40,5,30,FALSE,TRUE,0.25,1.25,1,0.5,6,4,3,7,2,1,2,992.43,3.98,62,3,0.493
15,40,5,30,FALSE,TRUE,0.25,1.25,1,0.5,6,4,3,8,2,1,2,992.43,3.98,62,3,0.493
15,40,5,30,FALSE,TRUE,0.25,1.25,1,0.5,6,6,3,6,2,1,2,990.59,3.98,62,3,0.492
15,40,5,30,FALSE,TRUE,0.25,1.5,1,0.5,6,4,3,6,2,1,2,972.78,3.98,58,3,0.48
15,40,5,30,FALSE,TRUE,0.25,1.5,1.25,0.5,6,6,3,6,2,1,2,976.33,3.98,59,3,0.49
15,20,6,20,FALSE,TRUE,0.25,1.5,1,0.5,6,6,3,6,2,1,2,747.98,3.98,46,3,0.343
15,20,6,30,FALSE,TRUE,0.25,1.5,1,0.5,6,6,3,6,2,1,2,747.98,3.98,46,3,0.343
15,30,6,20,FALSE,TRUE,0.25,1.5,1,0.5,6,6,3,6,2,1,2,747.98,3.98,46,3,0.343
15,30,6,30,TRUE,TRUE,0.25,1.25,1,0.5,6,4,3,6,2,1,2,444.47,3.98,45,1.297,-0.053
15,30,6,30,TRUE,TRUE,0.25,1.25,1.25,0.5,6,6,3,6,2,1,2,452.2,3.98,48,1.297,-0.033
15,30,6,30,TRUE,TRUE,0.25,1.25,1.5,0.5,6,6,3,6,2,1,2,452.2,3.98,48,1.297,-0.033
15,30,6,30,FALSE,TRUE,0.25,1.5,1,0.5,6,6,3,6,2,1,2,747.98,3.98,46,3,0.343
15,40,6,20,FALSE,TRUE,0.25,1.5,1,0.5,6,6,3,6,2,1,2,747.98,3.98,46,3,0.343
15,40,6,30,FALSE,TRUE,0.25,1.5,1,0.5,6,6,3,6,2,1,2,747.98,3.98,46,3,0.343
10,20,4,20,TRUE,TRUE,0.25,1.25,1.5,0.5,6,6,3,6,2,1,2,511.35,3.97,67,1.497,0.089
10,20,4,20,FALSE,TRUE,0.25,1.25,1,0.5,6,7,3,6,2,1,2,1083.88,3.97,73,3,0.558
10,20,4,30,FALSE,TRUE,0.25,1,1.25,0.5,6,5,3,6,2,1,2,1037.17,3.97,68,3,0.542
10,20,4,30,FALSE,TRUE,0.25,1,1.5,0.5,6,5,3,6,2,1,2,1037.17,3.97,68,3,0.542
10,30,4,20,FALSE,TRUE,0.25,1.25,1,0.5,6,7,3,6,2,1,2,1083.88,3.97,73,3,0.558
10,30,4,30,TRUE,TRUE,0.25,1.25,1.25,0.5,6,7,3,7,2,1,2,583.94,3.97,73,1.497,0.2
10,30,4,30,TRUE,TRUE,0.25,1.25,1.25,0.5,6,7,3,8,2,1,2,583.94,3.97,73,1.497,0.2
10,30,4,30,FALSE,TRUE,0.25,1,1.25,0.5,6,5,3,6,2,1,2,1037.17,3.97,68,3,0.542
10,30,4,30,FALSE,TRUE,0.25,1,1.5,0.5,6,5,3,6,2,1,2,1037.17,3.97,68,3,0.542
10,40,4,20,FALSE,TRUE,0.25,1.25,1.5,0.5,6,7,3,6,2,1,2,1060.27,3.97,70,3,0.549
10,40,4,20,FALSE,TRUE,0.25,1.5,1.25,0.5,6,6,3,7,2,1,2,1057.67,3.97,69,3,0.559
10,40,4,20,FALSE,TRUE,0.25,1.5,1.25,0.5,6,6,3,8,2,1,2,1057.67,3.97,69,3,0.559
10,20,5,20,TRUE,TRUE,0.25,1.25,1.5,0.5,6,7,3,6,2,1,2,540.01,3.97,66,1.497,0.128
10,20,5,30,TRUE,TRUE,0.25,1.25,1,0.5,6,7,3,6,2,1,2,544.96,3.97,67,1.497,0.132
10,20,5,30,TRUE,TRUE,0.25,1.25,1.5,0.5,6,7,3,7,2,1,2,573.97,3.97,69,1.497,0.181
10,20,5,30,TRUE,TRUE,0.25,1.25,1.5,0.5,6,7,3,8,2,1,2,573.97,3.97,69,1.497,0.181
10,30,5,30,TRUE,TRUE,0.25,1.25,1,0.5,6,4,3,6,2,1,2,536.08,3.97,61,1.497,0.111
10,20,6,20,TRUE,TRUE,0.25,1.25,1.25,0.5,6,4,3,5,2,1,2,438,3.97,47,1.497,-0.067
10,20,6,20,TRUE,TRUE,0.25,1.25,1.5,0.5,6,4,3,5,2,1,2,438,3.97,47,1.497,-0.067
10,20,6,30,TRUE,TRUE,0.25,1.25,1.25,0.5,6,5,3,5,2,1,2,441.67,3.97,48,1.497,-0.059
10,20,6,30,TRUE,TRUE,0.25,1.25,1.5,0.5,6,5,3,5,2,1,2,441.67,3.97,48,1.497,-0.059
10,20,6,30,TRUE,TRUE,0.25,1.5,1.5,0.5,6,6,3,6,2,1,2,446.45,3.97,49,1.497,-0.045
10,20,6,30,TRUE,TRUE,0.25,1.5,1.5,0.5,6,7,3,6,2,1,2,496.91,3.97,54,1.497,0.041
10,30,6,20,TRUE,TRUE,0.25,1,1,0.5,6,6,3,5,2,1,2,461.95,3.97,50,1.497,-0.021
10,30,6,20,TRUE,TRUE,0.25,1,1.25,0.5,6,6,3,5,2,1,2,461.12,3.97,50,1.497,-0.022
10,30,6,20,TRUE,TRUE,0.25,1,1.5,0.5,6,6,3,5,2,1,2,461.12,3.97,50,1.497,-0.022
10,30,6,20,TRUE,TRUE,0.25,1.5,1.5,0.5,6,4,3,6,2,1,2,444.83,3.97,47,1.497,-0.051
10,30,6,30,TRUE,TRUE,0.25,1.5,1,0.5,6,7,3,7,2,1,2,537.86,3.97,58,1.497,0.113
10,30,6,30,TRUE,TRUE,0.25,1.5,1,0.5,6,7,3,8,2,1,2,537.86,3.97,58,1.497,0.113
10,30,6,30,TRUE,TRUE,0.25,1.5,1.5,0.5,6,6,3,7,2,1,2,481.9,3.97,52,1.497,0.03
10,30,6,30,TRUE,TRUE,0.25,1.5,1.5,0.5,6,6,3,8,2,1,2,481.9,3.97,52,1.497,0.03
10,30,6,30,TRUE,TRUE,0.25,1.5,1.5,0.5,6,7,3,7,2,1,2,532.35,3.97,57,1.497,0.107
10,30,6,30,TRUE,TRUE,0.25,1.5,1.5,0.5,6,7,3,8,2,1,2,532.35,3.97,57,1.497,0.107
10,40,6,30,TRUE,TRUE,0.25,1,1.25,0.5,6,7,3,5,2,1,2,472.58,3.97,54,1.497,0.001
10,40,6,30,TRUE,TRUE,0.25,1,1.5,0.5,6,7,3,5,2,1,2,472.58,3.97,54,1.497,0.001
10,40,6,30,TRUE,TRUE,0.25,1.5,1.5,0.5,6,4,3,6,2,1,2,442.31,3.97,46,1.497,-0.057
15,20,4,20,TRUE,TRUE,0.25,1,1,0.5,6,7,3,6,2,1,2,541.93,3.97,74,1.297,0.135
15,20,4,20,TRUE,TRUE,0.25,1,1.25,0.5,6,7,3,6,2,1,2,541.93,3.97,74,1.297,0.135
15,20,4,20,TRUE,TRUE,0.25,1,1.5,0.5,6,7,3,6,2,1,2,541.93,3.97,74,1.297,0.135
15,20,4,20,FALSE,TRUE,0.25,1.25,1,0.5,6,6,3,7,2,1,2,1031.63,3.97,71,3,0.539
15,20,4,20,FALSE,TRUE,0.25,1.25,1,0.5,6,6,3,8,2,1,2,1031.63,3.97,71,3,0.539
15,20,4,20,FALSE,TRUE,0.25,1.5,1.25,0.5,6,5,3,5,2,1,2,999.46,3.97,66,3,0.52
15,20,4,30,TRUE,TRUE,0.25,1.25,1,0.5,6,4,3,7,2,1,2,520,3.97,68,1.297,0.1
15,20,4,30,TRUE,TRUE,0.25,1.25,1,0.5,6,4,3,8,2,1,2,520,3.97,68,1.297,0.1
15,30,4,20,TRUE,TRUE,0.25,1.25,1.25,0.5,6,5,3,6,2,1,2,534.66,3.97,68,1.297,0.123
15,30,4,20,TRUE,TRUE,0.25,1.25,1.5,0.5,6,6,3,7,2,1,2,537.14,3.97,69,1.297,0.129
15,30,4,20,TRUE,TRUE,0.25,1.25,1.5,0.5,6,6,3,8,2,1,2,537.14,3.97,69,1.297,0.129
15,30,4,20,TRUE,TRUE,0.25,1.5,1,0.5,6,6,3,6,2,1,2,537.98,3.97,68,1.297,0.129
15,30,4,20,FALSE,TRUE,0.25,1.25,1,0.5,6,6,3,7,2,1,2,1031.63,3.97,71,3,0.539
15,30,4,20,FALSE,TRUE,0.25,1.25,1,0.5,6,6,3,8,2,1,2,1031.63,3.97,71,3,0.539
15,30,4,20,FALSE,TRUE,0.25,1.5,1.25,0.5,6,5,3,5,2,1,2,999.46,3.97,66,3,0.52
15,40,4,20,TRUE,TRUE,0.25,1.5,1.25,0.5,6,5,3,6,2,1,2,531.22,3.97,66,1.297,0.117
15,40,4,30,TRUE,TRUE,0.25,1.25,1.25,0.5,6,6,3,6,2,1,2,530.8,3.97,66,1.297,0.116
15,40,4,30,TRUE,TRUE,0.25,1.5,1,0.5,6,4,3,6,2,1,2,527.38,3.97,63,1.297,0.108
15,40,4,30,TRUE,TRUE,0.25,1.5,1.25,0.5,6,5,3,7,2,1,2,531.11,3.97,66,1.297,0.117
15,40,4,30,TRUE,TRUE,0.25,1.5,1.25,0.5,6,5,3,8,2,1,2,531.11,3.97,66,1.297,0.117
15,40,4,30,TRUE,TRUE,0.25,1.5,1.25,0.5,6,6,3,7,2,1,2,531.11,3.97,66,1.297,0.117
15,40,4,30,TRUE,TRUE,0.25,1.5,1.25,0.5,6,6,3,8,2,1,2,531.11,3.97,66,1.297,0.117
15,40,4,30,FALSE,TRUE,0.25,1,1,0.5,6,6,3,6,2,1,2,1047.38,3.97,69,3,0.544
15,40,4,30,FALSE,TRUE,0.25,1,1.25,0.5,6,6,3,6,2,1,2,1047.38,3.97,69,3,0.544
15,40,4,30,FALSE,TRUE,0.25,1,1.5,0.5,6,6,3,6,2,1,2,1047.38,3.97,69,3,0.544
15,40,4,30,FALSE,TRUE,0.25,1.25,1.5,0.5,6,5,3,7,2,1,2,1001.37,3.97,66,3,0.524
15,40,4,30,FALSE,TRUE,0.25,1.25,1.5,0.5,6,5,3,8,2,1,2,1001.37,3.97,66,3,0.524
15,40,4,30,FALSE,TRUE,0.25,1.25,1.5,0.5,6,6,3,7,2,1,2,1001.37,3.97,66,3,0.524
15,40,4,30,FALSE,TRUE,0.25,1.25,1.5,0.5,6,6,3,8,2,1,2,1001.37,3.97,66,3,0.524
15,20,5,20,TRUE,TRUE,0.25,1,1.25,0.5,6,4,3,6,2,1,2,532.59,3.97,64,1.297,0.108
15,20,5,20,TRUE,TRUE,0.25,1,1.5,0.5,6,4,3,6,2,1,2,532.59,3.97,64,1.297,0.108
15,20,5,20,TRUE,TRUE,0.25,1.25,1.25,0.5,6,5,3,6,2,1,2,514.52,3.97,62,1.297,0.084
15,20,5,20,FALSE,TRUE,0.25,1.25,1,0.5,6,6,3,7,2,1,2,1001.55,3.97,65,3,0.503
15,20,5,20,FALSE,TRUE,0.25,1.25,1,0.5,6,6,3,8,2,1,2,1001.55,3.97,65,3,0.503
15,20,5,20,FALSE,TRUE,0.25,1.5,1.25,0.5,6,5,3,7,2,1,2,980.05,3.97,60,3,0.494
15,20,5,20,FALSE,TRUE,0.25,1.5,1.25,0.5,6,5,3,8,2,1,2,980.05,3.97,60,3,0.494
15,20,5,30,TRUE,TRUE,0.25,1.25,1.5,0.5,6,7,3,7,2,1,2,545.1,3.97,66,1.297,0.135
15,20,5,30,TRUE,TRUE,0.25,1.25,1.5,0.5,6,7,3,8,2,1,2,545.1,3.97,66,1.297,0.135
15,20,5,30,FALSE,TRUE,0.25,1.25,1,0.5,6,6,3,7,2,1,2,1001.55,3.97,65,3,0.503
15,20,5,30,FALSE,TRUE,0.25,1.25,1,0.5,6,6,3,8,2,1,2,1001.55,3.97,65,3,0.503
15,20,5,30,FALSE,TRUE,0.25,1.5,1.25,0.5,6,5,3,7,2,1,2,980.05,3.97,60,3,0.494
15,20,5,30,FALSE,TRUE,0.25,1.5,1.25,0.5,6,5,3,8,2,1,2,980.05,3.97,60,3,0.494
15,30,5,20,FALSE,TRUE,0.25,1.25,1,0.5,6,6,3,7,2,1,2,1001.55,3.97,65,3,0.503
15,30,5,20,FALSE,TRUE,0.25,1.25,1,0.5,6,6,3,8,2,1,2,1001.55,3.97,65,3,0.503
15,30,5,20,FALSE,TRUE,0.25,1.5,1.25,0.5,6,5,3,7,2,1,2,980.05,3.97,60,3,0.494
15,30,5,20,FALSE,TRUE,0.25,1.5,1.25,0.5,6,5,3,8,2,1,2,980.05,3.97,60,3,0.494
15,30,5,30,TRUE,TRUE,0.25,1.25,1,0.5,6,4,3,7,2,1,2,544.06,3.97,63,1.297,0.123
15,30,5,30,TRUE,TRUE,0.25,1.25,1,0.5,6,4,3,8,2,1,2,544.06,3.97,63,1.297,0.123
15,30,5,30,FALSE,TRUE,0.25,1.25,1,0.5,6,6,3,7,2,1,2,1001.55,3.97,65,3,0.503
15,30,5,30,FALSE,TRUE,0.25,1.25,1,0.5,6,6,3,8,2,1,2,1001.55,3.97,65,3,0.503
15,30,5,30,FALSE,TRUE,0.25,1.5,1.25,0.5,6,5,3,7,2,1,2,980.05,3.97,60,3,0.494
15,30,5,30,FALSE,TRUE,0.25,1.5,1.25,0.5,6,5,3,8,2,1,2,980.05,3.97,60,3,0.494
15,40,5,20,FALSE,TRUE,0.25,1,1,0.5,6,4,3,6,2,1,2,1012.33,3.97,62,3,0.5
15,40,5,20,FALSE,TRUE,0.25,1.25,1.25,0.5,6,5,3,7,2,1,2,985.05,3.97,62,3,0.498
15,40,5,20,FALSE,TRUE,0.25,1.25,1.25,0.5,6,5,3,8,2,1,2,985.05,3.97,62,3,0.498
15,40,5,30,TRUE,TRUE,0.25,1.25,1.25,0.5,6,7,3,6,2,1,2,566.01,3.97,65,1.297,0.16
15,40,5,30,FALSE,TRUE,0.25,1,1,0.5,6,4,3,6,2,1,2,1012.33,3.97,62,3,0.5
15,40,5,30,FALSE,TRUE,0.25,1.25,1.25,0.5,6,5,3,7,2,1,2,985.05,3.97,62,3,0.498
15,40,5,30,FALSE,TRUE,0.25,1.25,1.25,0.5,6,5,3,8,2,1,2,985.05,3.97,62,3,0.498
15,30,6,20,TRUE,TRUE,0.25,1.25,1,0.5,6,7,3,6,2,1,2,448.44,3.97,49,1.297,-0.043
15,40,6,30,TRUE,TRUE,0.25,1.25,1,0.5,6,4,3,6,2,1,2,443.87,3.97,45,1.297,-0.054
10,20,4,20,FALSE,TRUE,0.25,1,1,0.5,6,4,3,7,2,1,2,1108.97,3.96,73,3,0.582
10,20,4,20,FALSE,TRUE,0.25,1,1,0.5,6,4,3,8,2,1,2,1108.97,3.96,73,3,0.582
10,20,4,20,FALSE,TRUE,0.25,1,1.25,0.5,6,4,3,7,2,1,2,1107.34,3.96,73,3,0.58
10,20,4,20,FALSE,TRUE,0.25,1,1.25,0.5,6,4,3,8,2,1,2,1107.34,3.96,73,3,0.58
10,20,4,20,FALSE,TRUE,0.25,1,1.5,0.5,6,4,3,7,2,1,2,1107.34,3.96,73,3,0.58
10,20,4,20,FALSE,TRUE,0.25,1,1.5,0.5,6,4,3,8,2,1,2,1107.34,3.96,73,3,0.58
10,20,4,20,FALSE,TRUE,0.25,1.25,1.5,0.5,6,4,3,6,2,1,2,994.27,3.96,65,3,0.517
10,20,4,30,TRUE,TRUE,0.25,1.25,1.25,0.5,6,5,3,6,2,1,2,505.19,3.96,65,1.497,0.078
10,20,4,30,FALSE,TRUE,0.25,1.25,1.5,0.5,6,5,3,6,2,1,2,985.48,3.96,64,3,0.514
10,30,4,20,TRUE,TRUE,0.25,1.25,1.25,0.5,6,4,3,6,2,1,2,527.15,3.96,66,1.497,0.11
10,30,4,20,FALSE,TRUE,0.25,1,1,0.5,6,4,3,7,2,1,2,1108.97,3.96,73,3,0.582
10,30,4,20,FALSE,TRUE,0.25,1,1,0.5,6,4,3,8,2,1,2,1108.97,3.96,73,3,0.582
10,30,4,20,FALSE,TRUE,0.25,1,1.25,0.5,6,4,3,7,2,1,2,1107.34,3.96,73,3,0.58
10,30,4,20,FALSE,TRUE,0.25,1,1.25,0.5,6,4,3,8,2,1,2,1107.34,3.96,73,3,0.58
10,30,4,20,FALSE,TRUE,0.25,1,1.5,0.5,6,4,3,7,2,1,2,1107.34,3.96,73,3,0.58
10,30,4,20,FALSE,TRUE,0.25,1,1.5,0.5,6,4,3,8,2,1,2,1107.34,3.96,73,3,0.58
10,30,4,20,FALSE,TRUE,0.25,1.25,1.5,0.5,6,4,3,6,2,1,2,994.27,3.96,65,3,0.517
10,30,4,30,FALSE,TRUE,0.25,1.25,1.5,0.5,6,5,3,6,2,1,2,985.48,3.96,64,3,0.514
10,40,4,20,FALSE,TRUE,0.25,1.25,1.25,0.5,6,6,3,7,2,1,2,1061.9,3.96,70,3,0.565
10,40,4,20,FALSE,TRUE,0.25,1.25,1.25,0.5,6,6,3,8,2,1,2,1061.9,3.96,70,3,0.565
10,20,5,20,FALSE,TRUE,0.25,1.25,1.25,0.5,6,4,3,6,2,1,2,976.42,3.96,61,3,0.492
10,20,5,20,FALSE,TRUE,0.25,1.25,1.5,0.5,6,6,3,6,2,1,2,980.98,3.96,62,3,0.5
10,20,5,30,TRUE,TRUE,0.25,1,1,0.5,6,4,3,6,2,1,2,528.51,3.96,63,1.497,0.102
10,20,5,30,FALSE,TRUE,0.25,1.25,1.25,0.5,6,4,3,6,2,1,2,976.42,3.96,61,3,0.492
10,20,5,30,FALSE,TRUE,0.25,1.25,1.5,0.5,6,6,3,6,2,1,2,980.98,3.96,62,3,0.5
10,30,5,20,FALSE,TRUE,0.25,1.25,1.25,0.5,6,4,3,6,2,1,2,976.42,3.96,61,3,0.492
10,30,5,20,FALSE,TRUE,0.25,1.25,1.5,0.5,6,6,3,6,2,1,2,980.98,3.96,62,3,0.5
10,30,5,30,TRUE,TRUE,0.25,1.25,1.25,0.5,6,4,3,6,2,1,2,535.38,3.96,61,1.497,0.112
10,30,5,30,FALSE,TRUE,0.25,1.25,1.25,0.5,6,4,3,6,2,1,2,976.42,3.96,61,3,0.492
10,30,5,30,FALSE,TRUE,0.25,1.25,1.5,0.5,6,6,3,6,2,1,2,980.98,3.96,62,3,0.5
10,40,5,20,FALSE,TRUE,0.25,1.25,1.5,0.5,6,7,3,6,2,1,2,1044.45,3.96,65,3,0.526
10,40,5,30,FALSE,TRUE,0.25,1.25,1.5,0.5,6,7,3,6,2,1,2,1044.45,3.96,65,3,0.526
10,20,6,30,TRUE,TRUE,0.25,1,1,0.5,6,5,3,7,2,1,2,502.26,3.96,55,1.497,0.065
10,20,6,30,TRUE,TRUE,0.25,1,1,0.5,6,5,3,8,2,1,2,502.26,3.96,55,1.497,0.065
10,20,6,30,TRUE,TRUE,0.25,1,1.25,0.5,6,5,3,7,2,1,2,501.43,3.96,55,1.497,0.063
10,20,6,30,TRUE,TRUE,0.25,1,1.25,0.5,6,5,3,8,2,1,2,501.43,3.96,55,1.497,0.063
10,20,6,30,TRUE,TRUE,0.25,1,1.5,0.5,6,5,3,7,2,1,2,501.43,3.96,55,1.497,0.063
10,20,6,30,TRUE,TRUE,0.25,1,1.5,0.5,6,5,3,8,2,1,2,501.43,3.96,55,1.497,0.063
10,30,6,20,TRUE,TRUE,0.25,1.5,1,0.5,6,7,3,6,2,1,2,503,3.96,55,1.497,0.049
10,40,6,20,TRUE,TRUE,0.25,1,1,0.5,6,5,3,7,2,1,2,499.25,3.96,54,1.497,0.057
10,40,6,20,TRUE,TRUE,0.25,1,1,0.5,6,5,3,8,2,1,2,499.25,3.96,54,1.497,0.057
10,40,6,20,TRUE,TRUE,0.25,1,1.25,0.5,6,5,3,7,2,1,2,498.42,3.96,54,1.497,0.056
10,40,6,20,TRUE,TRUE,0.25,1,1.25,0.5,6,5,3,8,2,1,2,498.42,3.96,54,1.497,0.056
10,40,6,20,TRUE,TRUE,0.25,1,1.5,0.5,6,5,3,7,2,1,2,498.42,3.96,54,1.497,0.056
10,40,6,20,TRUE,TRUE,0.25,1,1.5,0.5,6,5,3,8,2,1,2,498.42,3.96,54,1.497,0.056
10,40,6,30,TRUE,TRUE,0.25,1.25,1,0.5,6,6,3,5,2,1,2,446.65,3.96,49,1.497,-0.05
10,40,6,30,TRUE,TRUE,0.25,1.5,1.25,0.5,6,6,3,6,2,1,2,448.47,3.96,49,1.497,-0.04
10,40,6,30,TRUE,TRUE,0.25,1.5,1.25,0.5,6,7,3,6,2,1,2,498.93,3.96,54,1.497,0.044
15,20,4,20,TRUE,TRUE,0.25,1,1,0.5,6,4,3,7,2,1,2,539.1,3.96,72,1.297,0.129
15,20,4,20,TRUE,TRUE,0.25,1,1,0.5,6,4,3,8,2,1,2,539.1,3.96,72,1.297,0.129
15,20,4,20,TRUE,TRUE,0.25,1,1.25,0.5,6,4,3,7,2,1,2,539.1,3.96,72,1.297,0.129
15,20,4,20,TRUE,TRUE,0.25,1,1.25,0.5,6,4,3,8,2,1,2,539.1,3.96,72,1.297,0.129
15,20,4,20,TRUE,TRUE,0.25,1,1.5,0.5,6,4,3,7,2,1,2,539.1,3.96,72,1.297,0.129
15,20,4,20,TRUE,TRUE,0.25,1,1.5,0.5,6,4,3,8,2,1,2,539.1,3.96,72,1.297,0.129
15,20,4,20,TRUE,TRUE,0.25,1.25,1,0.5,6,4,3,6,2,1,2,520.68,3.96,68,1.297,0.101
15,20,4,20,TRUE,TRUE,0.25,1.5,1.25,0.5,6,6,3,5,2,1,2,511.93,3.96,67,1.297,0.09
15,20,4,20,FALSE,TRUE,0.25,1.5,1.5,0.5,6,7,3,7,2,1,2,1129.54,3.96,72,3,0.579
15,20,4,20,FALSE,TRUE,0.25,1.5,1.5,0.5,6,7,3,8,2,1,2,1129.54,3.96,72,3,0.579
15,20,4,30,TRUE,TRUE,0.25,1.25,1.5,0.5,6,5,3,6,2,1,2,509.54,3.96,65,1.297,0.085
15,20,4,30,FALSE,TRUE,0.25,1.5,1.25,0.5,6,7,3,6,2,1,2,1121.7,3.96,70,3,0.567
15,30,4,20,FALSE,TRUE,0.25,1.5,1.5,0.5,6,7,3,7,2,1,2,1129.54,3.96,72,3,0.579
15,30,4,20,FALSE,TRUE,0.25,1.5,1.5,0.5,6,7,3,8,2,1,2,1129.54,3.96,72,3,0.579
15,30,4,30,TRUE,TRUE,0.25,1.25,1.25,0.5,6,5,3,7,2,1,2,533.17,3.96,68,1.297,0.122
15,30,4,30,TRUE,TRUE,0.25,1.25,1.25,0.5,6,5,3,8,2,1,2,533.17,3.96,68,1.297,0.122
15,30,4,30,TRUE,TRUE,0.25,1.25,1.25,0.5,6,6,3,7,2,1,2,533.17,3.96,68,1.297,0.122
15,30,4,30,TRUE,TRUE,0.25,1.25,1.25,0.5,6,6,3,8,2,1,2,533.17,3.96,68,1.297,0.122
15,30,4,30,TRUE,TRUE,0.25,1.25,1.5,0.5,6,4,3,6,2,1,2,525.66,3.96,64,1.297,0.106
15,30,4,30,FALSE,TRUE,0.25,1.5,1.25,0.5,6,7,3,6,2,1,2,1121.7,3.96,70,3,0.567
15,40,4,20,TRUE,TRUE,0.25,1.25,1.25,0.5,6,4,3,7,2,1,2,534.11,3.96,67,1.297,0.121
15,40,4,20,TRUE,TRUE,0.25,1.25,1.25,0.5,6,4,3,8,2,1,2,534.11,3.96,67,1.297,0.121
15,40,4,20,TRUE,TRUE,0.25,1.25,1.25,0.5,6,7,3,7,2,1,2,561.47,3.96,72,1.297,0.166
15,40,4,20,TRUE,TRUE,0.25,1.25,1.25,0.5,6,7,3,8,2,1,2,561.47,3.96,72,1.297,0.166
15,40,4,20,TRUE,TRUE,0.25,1.5,1.5,0.5,6,6,3,7,2,1,2,532.24,3.96,67,1.297,0.121
15,40,4,20,TRUE,TRUE,0.25,1.5,1.5,0.5,6,6,3,8,2,1,2,532.24,3.96,67,1.297,0.121
15,40,4,20,FALSE,TRUE,0.25,1.25,1,0.5,6,4,3,6,2,1,2,1016.83,3.96,67,3,0.523
15,40,4,20,FALSE,TRUE,0.25,1.25,1.5,0.5,6,4,3,7,2,1,2,1003.45,3.96,66,3,0.521
15,40,4,20,FALSE,TRUE,0.25,1.25,1.5,0.5,6,4,3,8,2,1,2,1003.45,3.96,66,3,0.521
15,40,4,30,TRUE,TRUE,0.25,1,1,0.5,6,4,3,7,2,1,2,555.01,3.96,70,1.297,0.15
15,40,4,30,TRUE,TRUE,0.25,1,1,0.5,6,4,3,8,2,1,2,555.01,3.96,70,1.297,0.15
15,40,4,30,TRUE,TRUE,0.25,1,1.25,0.5,6,4,3,7,2,1,2,555.01,3.96,70,1.297,0.15
15,40,4,30,TRUE,TRUE,0.25,1,1.25,0.5,6,4,3,8,2,1,2,555.01,3.96,70,1.297,0.15
15,40,4,30,TRUE,TRUE,0.25,1,1.5,0.5,6,4,3,7,2,1,2,555.01,3.96,70,1.297,0.15
15,40,4,30,TRUE,TRUE,0.25,1,1.5,0.5,6,4,3,8,2,1,2,555.01,3.96,70,1.297,0.15
15,40,4,30,TRUE,TRUE,0.25,1.5,1.5,0.5,6,4,3,6,2,1,2,521.75,3.96,62,1.297,0.099
15,20,5,20,TRUE,TRUE,0.25,1.25,1,0.5,6,4,3,7,2,1,2,518.32,3.96,63,1.297,0.087
15,20,5,20,TRUE,TRUE,0.25,1.25,1,0.5,6,4,3,8,2,1,2,518.32,3.96,63,1.297,0.087
15,20,5,20,TRUE,TRUE,0.25,1.25,1.5,0.5,6,6,3,7,2,1,2,516.84,3.96,63,1.297,0.089
15,20,5,20,TRUE,TRUE,0.25,1.25,1.5,0.5,6,6,3,8,2,1,2,516.84,3.96,63,1.297,0.089
15,20,5,20,TRUE,TRUE,0.25,1.5,1.25,0.5,6,6,3,6,2,1,2,510.98,3.96,60,1.297,0.079
15,20,5,20,FALSE,TRUE,0.25,1,1,0.5,6,4,3,7,2,1,2,1023.29,3.96,65,3,0.511
15,20,5,20,FALSE,TRUE,0.25,1,1,0.5,6,4,3,8,2,1,2,1023.29,3.96,65,3,0.511
15,20,5,20,FALSE,TRUE,0.25,1,1.25,0.5,6,4,3,7,2,1,2,1023.29,3.96,65,3,0.511
15,20,5,20,FALSE,TRUE,0.25,1,1.25,0.5,6,4,3,8,2,1,2,1023.29,3.96,65,3,0.511
15,20,5,20,FALSE,TRUE,0.25,1,1.5,0.5,6,4,3,7,2,1,2,1023.29,3.96,65,3,0.511
15,20,5,20,FALSE,TRUE,0.25,1,1.5,0.5,6,4,3,8,2,1,2,1023.29,3.96,65,3,0.511
15,20,5,30,TRUE,TRUE,0.25,1.5,1,0.5,6,6,3,7,2,1,2,518.63,3.96,62,1.297,0.091
15,20,5,30,TRUE,TRUE,0.25,1.5,1,0.5,6,6,3,8,2,1,2,518.63,3.96,62,1.297,0.091
15,20,5,30,FALSE,TRUE,0.25,1,1,0.5,6,4,3,7,2,1,2,1023.29,3.96,65,3,0.511
15,20,5,30,FALSE,TRUE,0.25,1,1,0.5,6,4,3,8,2,1,2,1023.29,3.96,65,3,0.511
15,20,5,30,FALSE,TRUE,0.25,1,1.25,0.5,6,4,3,7,2,1,2,1023.29,3.96,65,3,0.511
15,20,5,30,FALSE,TRUE,0.25,1,1.25,0.5,6,4,3,8,2,1,2,1023.29,3.96,65,3,0.511
15,20,5,30,FALSE,TRUE,0.25,1,1.5,0.5,6,4,3,7,2,1,2,1023.29,3.96,65,3,0.511
15,20,5,30,FALSE,TRUE,0.25,1,1.5,0.5,6,4,3,8,2,1,2,1023.29,3.96,65,3,0.511
15,30,5,20,TRUE,TRUE,0.25,1.25,1.25,0.5,6,6,3,6,2,1,2,537.3,3.96,63,1.297,0.116
15,30,5,20,TRUE,TRUE,0.25,1.5,1,0.5,6,4,3,6,2,1,2,531.39,3.96,59,1.297,0.103
15,30,5,20,FALSE,TRUE,0.25,1,1,0.5,6,4,3,7,2,1,2,1023.29,3.96,65,3,0.511
15,30,5,20,FALSE,TRUE,0.25,1,1,0.5,6,4,3,8,2,1,2,1023.29,3.96,65,3,0.511
15,30,5,20,FALSE,TRUE,0.25,1,1.25,0.5,6,4,3,7,2,1,2,1023.29,3.96,65,3,0.511
15,30,5,20,FALSE,TRUE,0.25,1,1.25,0.5,6,4,3,8,2,1,2,1023.29,3.96,65,3,0.511
15,30,5,20,FALSE,TRUE,0.25,1,1.5,0.5,6,4,3,7,2,1,2,1023.29,3.96,65,3,0.511
15,30,5,20,FALSE,TRUE,0.25,1,1.5,0.5,6,4,3,8,2,1,2,1023.29,3.96,65,3,0.511
15,30,5,30,TRUE,TRUE,0.25,1.25,1.25,0.5,6,7,3,7,2,1,2,568.37,3.96,67,1.297,0.165
15,30,5,30,TRUE,TRUE,0.25,1.25,1.25,0.5,6,7,3,8,2,1,2,568.37,3.96,67,1.297,0.165
15,30,5,30,FALSE,TRUE,0.25,1,1,0.5,6,4,3,7,2,1,2,1023.29,3.96,65,3,0.511
15,30,5,30,FALSE,TRUE,0.25,1,1,0.5,6,4,3,8,2,1,2,1023.29,3.96,65,3,0.511
15,30,5,30,FALSE,TRUE,0.25,1,1.25,0.5,6,4,3,7,2,1,2,1023.29,3.96,65,3,0.511
15,30,5,30,FALSE,TRUE,0.25,1,1.25,0.5,6,4,3,8,2,1,2,1023.29,3.96,65,3,0.511
15,30,5,30,FALSE,TRUE,0.25,1,1.5,0.5,6,4,3,7,2,1,2,1023.29,3.96,65,3,0.511
15,30,5,30,FALSE,TRUE,0.25,1,1.5,0.5,6,4,3,8,2,1,2,1023.29,3.96,65,3,0.511
15,40,5,30,TRUE,TRUE,0.25,1.25,1.25,0.5,6,4,3,7,2,1,2,539.36,3.96,61,1.297,0.117
15,40,5,30,TRUE,TRUE,0.25,1.25,1.25,0.5,6,4,3,8,2,1,2,539.36,3.96,61,1.297,0.117
15,20,6,20,FALSE,TRUE,0.25,1.5,1.25,0.5,6,6,3,7,2,1,2,744.3,3.96,46,3,0.345
15,20,6,20,FALSE,TRUE,0.25,1.5,1.25,0.5,6,6,3,8,2,1,2,744.3,3.96,46,3,0.345
15,20,6,30,FALSE,TRUE,0.25,1.5,1.25,0.5,6,6,3,7,2,1,2,744.3,3.96,46,3,0.345
15,20,6,30,FALSE,TRUE,0.25,1.5,1.25,0.5,6,6,3,8,2,1,2,744.3,3.96,46,3,0.345
15,30,6,20,FALSE,TRUE,0.25,1.5,1.25,0.5,6,6,3,7,2,1,2,744.3,3.96,46,3,0.345
15,30,6,20,FALSE,TRUE,0.25,1.5,1.25,0.5,6,6,3,8,2,1,2,744.3,3.96,46,3,0.345
15,30,6,30,FALSE,TRUE,0.25,1.5,1.25,0.5,6,6,3,7,2,1,2,744.3,3.96,46,3,0.345
15,30,6,30,FALSE,TRUE,0.25,1.5,1.25,0.5,6,6,3,8,2,1,2,744.3,3.96,46,3,0.345
15,40,6,20,TRUE,TRUE,0.25,1.25,1,0.5,6,7,3,6,2,1,2,447.83,3.96,49,1.297,-0.044
15,40,6,20,FALSE,TRUE,0.25,1.5,1.25,0.5,6,6,3,7,2,1,2,744.3,3.96,46,3,0.345
15,40,6,20,FALSE,TRUE,0.25,1.5,1.25,0.5,6,6,3,8,2,1,2,744.3,3.96,46,3,0.345
15,40,6,30,TRUE,TRUE,0.25,1.25,1.25,0.5,6,6,3,6,2,1,2,451.6,3.96,48,1.297,-0.034
15,40,6,30,TRUE,TRUE,0.25,1.25,1.5,0.5,6,6,3,6,2,1,2,451.6,3.96,48,1.297,-0.034
15,40,6,30,FALSE,TRUE,0.25,1.5,1.25,0.5,6,6,3,7,2,1,2,744.3,3.96,46,3,0.345
15,40,6,30,FALSE,TRUE,0.25,1.5,1.25,0.5,6,6,3,8,2,1,2,744.3,3.96,46,3,0.345
10,20,4,20,FALSE,TRUE,0.25,1.5,1.25,0.5,6,5,3,7,2,1,2,1055.71,3.95,69,3,0.557
10,20,4,20,FALSE,TRUE,0.25,1.5,1.25,0.5,6,5,3,8,2,1,2,1055.71,3.95,69,3,0.557
10,20,4,30,TRUE,TRUE,0.25,1.25,1.25,0.5,6,7,3,7,2,1,2,563.76,3.95,73,1.497,0.173
10,20,4,30,TRUE,TRUE,0.25,1.25,1.25,0.5,6,7,3,8,2,1,2,563.76,3.95,73,1.497,0.173
10,20,4,30,FALSE,TRUE,0.25,1,1,0.5,6,7,3,6,2,1,2,1047.86,3.95,71,3,0.546
10,20,4,30,FALSE,TRUE,0.25,1,1.25,0.5,6,7,3,6,2,1,2,1046.23,3.95,71,3,0.544
10,20,4,30,FALSE,TRUE,0.25,1,1.5,0.5,6,7,3,6,2,1,2,1046.23,3.95,71,3,0.544
10,20,4,30,FALSE,TRUE,0.25,1.25,1.5,0.5,6,7,3,7,2,1,2,1114.08,3.95,72,3,0.576
10,20,4,30,FALSE,TRUE,0.25,1.25,1.5,0.5,6,7,3,8,2,1,2,1114.08,3.95,72,3,0.576
10,30,4,20,FALSE,TRUE,0.25,1.5,1.25,0.5,6,5,3,7,2,1,2,1055.71,3.95,69,3,0.557
10,30,4,20,FALSE,TRUE,0.25,1.5,1.25,0.5,6,5,3,8,2,1,2,1055.71,3.95,69,3,0.557
10,30,4,30,FALSE,TRUE,0.25,1,1,0.5,6,7,3,6,2,1,2,1047.86,3.95,71,3,0.546
10,30,4,30,FALSE,TRUE,0.25,1,1.25,0.5,6,7,3,6,2,1,2,1046.23,3.95,71,3,0.544
10,30,4,30,FALSE,TRUE,0.25,1,1.5,0.5,6,7,3,6,2,1,2,1046.23,3.95,71,3,0.544
10,30,4,30,FALSE,TRUE,0.25,1.25,1.5,0.5,6,7,3,7,2,1,2,1114.08,3.95,72,3,0.576
10,30,4,30,FALSE,TRUE,0.25,1.25,1.5,0.5,6,7,3,8,2,1,2,1114.08,3.95,72,3,0.576
10,20,5,20,TRUE,TRUE,0.25,1.25,1.25,0.5,6,6,3,6,2,1,2,512.46,3.95,63,1.497,0.082
10,20,5,20,FALSE,TRUE,0.25,1.25,1.5,0.5,6,7,3,7,2,1,2,1107.63,3.95,69,3,0.564
10,20,5,20,FALSE,TRUE,0.25,1.25,1.5,0.5,6,7,3,8,2,1,2,1107.63,3.95,69,3,0.564
10,20,5,30,TRUE,TRUE,0.25,1.25,1.25,0.5,6,6,3,7,2,1,2,546.17,3.95,66,1.497,0.14
10,20,5,30,TRUE,TRUE,0.25,1.25,1.25,0.5,6,6,3,8,2,1,2,546.17,3.95,66,1.497,0.14
10,20,5,30,FALSE,TRUE,0.25,1.25,1.5,0.5,6,7,3,7,2,1,2,1107.63,3.95,69,3,0.564
10,20,5,30,FALSE,TRUE,0.25,1.25,1.5,0.5,6,7,3,8,2,1,2,1107.63,3.95,69,3,0.564
10,30,5,20,FALSE,TRUE,0.25,1.25,1.5,0.5,6,7,3,7,2,1,2,1107.63,3.95,69,3,0.564
10,30,5,20,FALSE,TRUE,0.25,1.25,1.5,0.5,6,7,3,8,2,1,2,1107.63,3.95,69,3,0.564
10,30,5,30,TRUE,TRUE,0.25,1.25,1.5,0.5,6,7,3,6,2,1,2,564.22,3.95,66,1.497,0.159
10,30,5,30,FALSE,TRUE,0.25,1.25,1.5,0.5,6,7,3,7,2,1,2,1107.63,3.95,69,3,0.564
10,30,5,30,FALSE,TRUE,0.25,1.25,1.5,0.5,6,7,3,8,2,1,2,1107.63,3.95,69,3,0.564
10,20,6,20,TRUE,TRUE,0.25,1,1.25,0.5,6,5,3,6,2,1,2,466.86,3.95,52,1.497,-0.009
10,20,6,20,TRUE,TRUE,0.25,1,1.5,0.5,6,5,3,6,2,1,2,466.86,3.95,52,1.497,-0.009
10,30,6,20,TRUE,TRUE,0.25,1.5,1,0.5,6,6,3,6,2,1,2,452.16,3.95,50,1.497,-0.036
10,30,6,20,TRUE,TRUE,0.25,1.5,1.25,0.5,6,7,3,6,2,1,2,498.52,3.95,54,1.497,0.043
10,30,6,30,TRUE,TRUE,0.25,1.5,1.25,0.5,6,4,3,6,2,1,2,447.24,3.95,47,1.497,-0.044
10,40,6,30,TRUE,TRUE,0.25,1,1,0.5,6,6,3,5,2,1,2,460.01,3.95,50,1.497,-0.025
10,40,6,30,TRUE,TRUE,0.25,1.5,1,0.5,6,6,3,6,2,1,2,452.18,3.95,50,1.497,-0.035
10,40,6,30,TRUE,TRUE,0.25,1.5,1,0.5,6,7,3,6,2,1,2,502.63,3.95,55,1.497,0.048
10,40,6,30,TRUE,TRUE,0.25,1.5,1.5,0.5,6,7,3,6,2,1,2,497.13,3.95,54,1.497,0.041
15,20,4,20,TRUE,TRUE,0.25,1.25,1.5,0.5,6,4,3,7,2,1,2,514.89,3.95,67,1.297,0.093
15,20,4,20,TRUE,TRUE,0.25,1.25,1.5,0.5,6,4,3,8,2,1,2,514.89,3.95,67,1.297,0.093
15,20,4,20,FALSE,TRUE,0.25,1.25,1,0.5,6,6,3,6,2,1,2,1025.94,3.95,70,3,0.533
15,20,4,30,TRUE,TRUE,0.25,1.25,1.25,0.5,6,7,3,7,2,1,2,538.07,3.95,71,1.297,0.133
15,20,4,30,TRUE,TRUE,0.25,1.25,1.25,0.5,6,7,3,8,2,1,2,538.07,3.95,71,1.297,0.133
15,20,4,30,FALSE,TRUE,0.25,1.5,1.25,0.5,6,6,3,5,2,1,2,991.42,3.95,65,3,0.514
15,30,4,20,TRUE,TRUE,0.25,1.25,1.5,0.5,6,6,3,6,2,1,2,533.54,3.95,68,1.297,0.122
15,30,4,20,FALSE,TRUE,0.25,1.25,1,0.5,6,6,3,6,2,1,2,1025.94,3.95,70,3,0.533
15,30,4,30,FALSE,TRUE,0.25,1.5,1.25,0.5,6,6,3,5,2,1,2,991.42,3.95,65,3,0.514
15,40,4,30,TRUE,TRUE,0.25,1.25,1.25,0.5,6,5,3,6,2,1,2,528,3.95,65,1.297,0.112
15,40,4,30,TRUE,TRUE,0.25,1.5,1.25,0.5,6,6,3,6,2,1,2,527.15,3.95,65,1.297,0.11
15,40,4,30,FALSE,TRUE,0.25,1,1,0.5,6,5,3,6,2,1,2,1040.67,3.95,68,3,0.539
15,40,4,30,FALSE,TRUE,0.25,1,1.25,0.5,6,5,3,6,2,1,2,1040.67,3.95,68,3,0.539
15,40,4,30,FALSE,TRUE,0.25,1,1.5,0.5,6,5,3,6,2,1,2,1040.67,3.95,68,3,0.539
15,40,4,30,FALSE,TRUE,0.25,1.25,1,0.5,6,4,3,7,2,1,2,1012.58,3.95,67,3,0.522
15,40,4,30,FALSE,TRUE,0.25,1.25,1,0.5,6,4,3,8,2,1,2,1012.58,3.95,67,3,0.522
15,40,4,30,FALSE,TRUE,0.25,1.25,1.25,0.5,6,7,3,7,2,1,2,1060.77,3.95,70,3,0.545
15,40,4,30,FALSE,TRUE,0.25,1.25,1.25,0.5,6,7,3,8,2,1,2,1060.77,3.95,70,3,0.545
15,40,4,30,FALSE,TRUE,0.25,1.25,1.5,0.5,6,6,3,6,2,1,2,995.68,3.95,65,3,0.518
15,20,5,20,FALSE,TRUE,0.25,1.5,1.25,0.5,6,5,3,6,2,1,2,974.37,3.95,59,3,0.488
15,20,5,30,TRUE,TRUE,0.25,1.25,1.5,0.5,6,4,3,7,2,1,2,515.43,3.95,61,1.297,0.084
15,20,5,30,TRUE,TRUE,0.25,1.25,1.5,0.5,6,4,3,8,2,1,2,515.43,3.95,61,1.297,0.084
15,20,5,30,TRUE,TRUE,0.25,1.25,1.5,0.5,6,7,3,6,2,1,2,541.73,3.95,65,1.297,0.129
15,20,5,30,TRUE,TRUE,0.25,1.5,1,0.5,6,6,3,6,2,1,2,515.27,3.95,61,1.297,0.084
15,20,5,30,TRUE,TRUE,0.25,1.5,1.25,0.5,6,6,3,7,2,1,2,514.5,3.95,61,1.297,0.086
15,20,5,30,TRUE,TRUE,0.25,1.5,1.25,0.5,6,6,3,8,2,1,2,514.5,3.95,61,1.297,0.086
15,20,5,30,FALSE,TRUE,0.25,1.5,1.25,0.5,6,5,3,6,2,1,2,974.37,3.95,59,3,0.488
15,30,5,20,FALSE,TRUE,0.25,1.5,1.25,0.5,6,5,3,6,2,1,2,974.37,3.95,59,3,0.488
15,30,5,30,TRUE,TRUE,0.25,1,1,0.5,6,4,3,6,2,1,2,552.04,3.95,63,1.297,0.131
15,30,5,30,FALSE,TRUE,0.25,1.5,1.25,0.5,6,5,3,6,2,1,2,974.37,3.95,59,3,0.488
15,40,5,20,FALSE,TRUE,0.25,1.25,1.25,0.5,6,5,3,6,2,1,2,979.37,3.95,61,3,0.492
15,40,5,30,FALSE,TRUE,0.25,1.25,1.25,0.5,6,5,3,6,2,1,2,979.37,3.95,61,3,0.492
15,20,6,20,FALSE,TRUE,0.25,1.25,1,0.5,6,4,3,7,2,1,2,749.11,3.95,47,3,0.341
15,20,6,20,FALSE,TRUE,0.25,1.25,1,0.5,6,4,3,8,2,1,2,749.11,3.95,47,3,0.341
15,20,6,20,FALSE,TRUE,0.25,1.25,1,0.5,6,6,3,6,2,1,2,747.27,3.95,47,3,0.34
15,20,6,20,FALSE,TRUE,0.25,1.25,1.25,0.5,6,4,3,7,2,1,2,748.38,3.95,47,3,0.342
15,20,6,20,FALSE,TRUE,0.25,1.25,1.25,0.5,6,4,3,8,2,1,2,748.38,3.95,47,3,0.342
15,20,6,20,FALSE,TRUE,0.25,1.25,1.5,0.5,6,4,3,7,2,1,2,748.38,3.95,47,3,0.342
15,20,6,20,FALSE,TRUE,0.25,1.25,1.5,0.5,6,4,3,8,2,1,2,748.38,3.95,47,3,0.342
15,20,6,20,FALSE,TRUE,0.25,1.5,1.5,0.5,6,6,3,7,2,1,2,741.72,3.95,46,3,0.345
15,20,6,20,FALSE,TRUE,0.25,1.5,1.5,0.5,6,6,3,8,2,1,2,741.72,3.95,46,3,0.345
15,20,6,30,FALSE,TRUE,0.25,1.25,1,0.5,6,4,3,7,2,1,2,749.11,3.95,47,3,0.341
15,20,6,30,FALSE,TRUE,0.25,1.25,1,0.5,6,4,3,8,2,1,2,749.11,3.95,47,3,0.341
15,20,6,30,FALSE,TRUE,0.25,1.25,1,0.5,6,6,3,6,2,1,2,747.27,3.95,47,3,0.34
15,20,6,30,FALSE,TRUE,0.25,1.25,1.25,0.5,6,4,3,7,2,1,2,748.38,3.95,47,3,0.342
15,20,6,30,FALSE,TRUE,0.25,1.25,1.25,0.5,6,4,3,8,2,1,2,748.38,3.95,47,3,0.342
15,20,6,30,FALSE,TRUE,0.25,1.25,1.5,0.5,6,4,3,7,2,1,2,748.38,3.95,47,3,0.342
15,20,6,30,FALSE,TRUE,0.25,1.25,1.5,0.5,6,4,3,8,2,1,2,748.38,3.95,47,3,0.342
15,20,6,30,FALSE,TRUE,0.25,1.5,1.5,0.5,6,6,3,7,2,1,2,741.72,3.95,46,3,0.345
15,20,6,30,FALSE,TRUE,0.25,1.5,1.5,0.5,6,6,3,8,2,1,2,741.72,3.95,46,3,0.345
15,30,6,20,FALSE,TRUE,0.25,1.25,1,0.5,6,4,3,7,2,1,2,749.11,3.95,47,3,0.341
15,30,6,20,FALSE,TRUE,0.25,1.25,1,0.5,6,4,3,8,2,1,2,749.11,3.95,47,3,0.341
15,30,6,20,FALSE,TRUE,0.25,1.25,1,0.5,6,6,3,6,2,1,2,747.27,3.95,47,3,0.34
15,30,6,20,FALSE,TRUE,0.25,1.25,1.25,0.5,6,4,3,7,2,1,2,748.38,3.95,47,3,0.342
15,30,6,20,FALSE,TRUE,0.25,1.25,1.25,0.5,6,4,3,8,2,1,2,748.38,3.95,47,3,0.342
15,30,6,20,FALSE,TRUE,0.25,1.25,1.5,0.5,6,4,3,7,2,1,2,748.38,3.95,47,3,0.342
15,30,6,20,FALSE,TRUE,0.25,1.25,1.5,0.5,6,4,3,8,2,1,2,748.38,3.95,47,3,0.342
15,30,6,20,FALSE,TRUE,0.25,1.5,1.5,0.5,6,6,3,7,2,1,2,741.72,3.95,46,3,0.345
15,30,6,20,FALSE,TRUE,0.25,1.5,1.5,0.5,6,6,3,8,2,1,2,741.72,3.95,46,3,0.345
15,30,6,30,TRUE,TRUE,0.25,1.25,1,0.5,6,7,3,7,2,1,2,457.22,3.95,51,1.297,-0.024
15,30,6,30,TRUE,TRUE,0.25,1.25,1,0.5,6,7,3,8,2,1,2,457.22,3.95,51,1.297,-0.024
15,30,6,30,FALSE,TRUE,0.25,1.25,1,0.5,6,4,3,7,2,1,2,749.11,3.95,47,3,0.341
15,30,6,30,FALSE,TRUE,0.25,1.25,1,0.5,6,4,3,8,2,1,2,749.11,3.95,47,3,0.341
15,30,6,30,FALSE,TRUE,0.25,1.25,1,0.5,6,6,3,6,2,1,2,747.27,3.95,47,3,0.34
15,30,6,30,FALSE,TRUE,0.25,1.25,1.25,0.5,6,4,3,7,2,1,2,748.38,3.95,47,3,0.342
15,30,6,30,FALSE,TRUE,0.25,1.25,1.25,0.5,6,4,3,8,2,1,2,748.38,3.95,47,3,0.342
15,30,6,30,FALSE,TRUE,0.25,1.25,1.5,0.5,6,4,3,7,2,1,2,748.38,3.95,47,3,0.342
15,30,6,30,FALSE,TRUE,0.25,1.25,1.5,0.5,6,4,3,8,2,1,2,748.38,3.95,47,3,0.342
15,30,6,30,FALSE,TRUE,0.25,1.5,1.5,0.5,6,6,3,7,2,1,2,741.72,3.95,46,3,0.345
15,30,6,30,FALSE,TRUE,0.25,1.5,1.5,0.5,6,6,3,8,2,1,2,741.72,3.95,46,3,0.345
15,40,6,20,FALSE,TRUE,0.25,1.25,1,0.5,6,4,3,7,2,1,2,749.11,3.95,47,3,0.341
15,40,6,20,FALSE,TRUE,0.25,1.25,1,0.5,6,4,3,8,2,1,2,749.11,3.95,47,3,0.341
15,40,6,20,FALSE,TRUE,0.25,1.25,1,0.5,6,6,3,6,2,1,2,747.27,3.95,47,3,0.34
15,40,6,20,FALSE,TRUE,0.25,1.25,1.25,0.5,6,4,3,7,2,1,2,748.38,3.95,47,3,0.342
15,40,6,20,FALSE,TRUE,0.25,1.25,1.25,0.5,6,4,3,8,2,1,2,748.38,3.95,47,3,0.342
15,40,6,20,FALSE,TRUE,0.25,1.25,1.5,0.5,6,4,3,7,2,1,2,748.38,3.95,47,3,0.342
15,40,6,20,FALSE,TRUE,0.25,1.25,1.5,0.5,6,4,3,8,2,1,2,748.38,3.95,47,3,0.342
15,40,6,20,FALSE,TRUE,0.25,1.5,1.5,0.5,6,6,3,7,2,1,2,741.72,3.95,46,3,0.345
15,40,6,20,FALSE,TRUE,0.25,1.5,1.5,0.5,6,6,3,8,2,1,2,741.72,3.95,46,3,0.345
15,40,6,30,FALSE,TRUE,0.25,1.25,1,0.5,6,4,3,7,2,1,2,749.11,3.95,47,3,0.341
15,40,6,30,FALSE,TRUE,0.25,1.25,1,0.5,6,4,3,8,2,1,2,749.11,3.95,47,3,0.341
15,40,6,30,FALSE,TRUE,0.25,1.25,1,0.5,6,6,3,6,2,1,2,747.27,3.95,47,3,0.34
15,40,6,30,FALSE,TRUE,0.25,1.25,1.25,0.5,6,4,3,7,2,1,2,748.38,3.95,47,3,0.342
15,40,6,30,FALSE,TRUE,0.25,1.25,1.25,0.5,6,4,3,8,2,1,2,748.38,3.95,47,3,0.342
15,40,6,30,FALSE,TRUE,0.25,1.25,1.5,0.5,6,4,3,7,2,1,2,748.38,3.95,47,3,0.342
15,40,6,30,FALSE,TRUE,0.25,1.25,1.5,0.5,6,4,3,8,2,1,2,748.38,3.95,47,3,0.342
15,40,6,30,FALSE,TRUE,0.25,1.5,1.5,0.5,6,6,3,7,2,1,2,741.72,3.95,46,3,0.345
15,40,6,30,FALSE,TRUE,0.25,1.5,1.5,0.5,6,6,3,8,2,1,2,741.72,3.95,46,3,0.345
10,20,4,20,TRUE,TRUE,0.25,1.25,1.25,0.5,6,6,3,7,2,1,2,541.93,3.94,71,1.497,0.142
10,20,4,20,TRUE,TRUE,0.25,1.25,1.25,0.5,6,6,3,8,2,1,2,541.93,3.94,71,1.497,0.142
10,20,4,20,TRUE,TRUE,0.25,1.25,1.5,0.5,6,7,3,7,2,1,2,567.19,3.94,74,1.497,0.179
10,20,4,20,TRUE,TRUE,0.25,1.25,1.5,0.5,6,7,3,8,2,1,2,567.19,3.94,74,1.497,0.179
10,20,4,20,FALSE,TRUE,0.25,1,1,0.5,6,6,3,6,2,1,2,1048.18,3.94,71,3,0.549
10,20,4,20,FALSE,TRUE,0.25,1,1,0.5,6,7,3,7,2,1,2,1117.56,3.94,76,3,0.588
10,20,4,20,FALSE,TRUE,0.25,1,1,0.5,6,7,3,8,2,1,2,1117.56,3.94,76,3,0.588
10,20,4,20,FALSE,TRUE,0.25,1,1.25,0.5,6,6,3,6,2,1,2,1046.56,3.94,71,3,0.547
10,20,4,20,FALSE,TRUE,0.25,1,1.5,0.5,6,6,3,6,2,1,2,1046.56,3.94,71,3,0.547
10,20,4,20,FALSE,TRUE,0.25,1.5,1.25,0.5,6,7,3,6,2,1,2,1120.41,3.94,72,3,0.571
10,20,4,30,FALSE,TRUE,0.25,1.25,1,0.5,6,4,3,6,2,1,2,998.32,3.94,65,3,0.515
10,20,4,30,FALSE,TRUE,0.25,1.5,1.5,0.5,6,4,3,6,2,1,2,974.03,3.94,62,3,0.506
10,30,4,20,FALSE,TRUE,0.25,1,1,0.5,6,6,3,6,2,1,2,1048.18,3.94,71,3,0.549
10,30,4,20,FALSE,TRUE,0.25,1,1,0.5,6,7,3,7,2,1,2,1117.56,3.94,76,3,0.588
10,30,4,20,FALSE,TRUE,0.25,1,1,0.5,6,7,3,8,2,1,2,1117.56,3.94,76,3,0.588
10,30,4,20,FALSE,TRUE,0.25,1,1.25,0.5,6,6,3,6,2,1,2,1046.56,3.94,71,3,0.547
10,30,4,20,FALSE,TRUE,0.25,1,1.5,0.5,6,6,3,6,2,1,2,1046.56,3.94,71,3,0.547
10,30,4,20,FALSE,TRUE,0.25,1.5,1.25,0.5,6,7,3,6,2,1,2,1120.41,3.94,72,3,0.571
10,30,4,30,TRUE,TRUE,0.25,1,1,0.5,6,4,3,6,2,1,2,545.07,3.94,68,1.497,0.135
10,30,4,30,TRUE,TRUE,0.25,1,1.25,0.5,6,4,3,6,2,1,2,544.27,3.94,68,1.497,0.134
10,30,4,30,TRUE,TRUE,0.25,1,1.5,0.5,6,4,3,6,2,1,2,544.27,3.94,68,1.497,0.134
10,30,4,30,FALSE,TRUE,0.25,1.25,1,0.5,6,4,3,6,2,1,2,998.32,3.94,65,3,0.515
10,30,4,30,FALSE,TRUE,0.25,1.5,1.5,0.5,6,4,3,6,2,1,2,974.03,3.94,62,3,0.506
10,20,5,20,TRUE,TRUE,0.25,1.25,1.25,0.5,6,7,3,7,2,1,2,570.59,3.94,70,1.497,0.176
10,20,5,20,TRUE,TRUE,0.25,1.25,1.25,0.5,6,7,3,8,2,1,2,570.59,3.94,70,1.497,0.176
10,20,5,30,TRUE,TRUE,0.25,1.25,1,0.5,6,4,3,6,2,1,2,511.59,3.94,61,1.497,0.076
10,40,5,20,FALSE,TRUE,0.25,1.25,1.25,0.5,6,6,3,7,2,1,2,1041.31,3.94,65,3,0.538
10,40,5,20,FALSE,TRUE,0.25,1.25,1.25,0.5,6,6,3,8,2,1,2,1041.31,3.94,65,3,0.538
10,40,5,30,FALSE,TRUE,0.25,1.25,1.25,0.5,6,6,3,7,2,1,2,1041.31,3.94,65,3,0.538
10,40,5,30,FALSE,TRUE,0.25,1.25,1.25,0.5,6,6,3,8,2,1,2,1041.31,3.94,65,3,0.538
10,30,6,20,TRUE,TRUE,0.25,1.25,1,0.5,6,5,3,7,2,1,2,488.95,3.94,54,1.497,0.041
10,30,6,20,TRUE,TRUE,0.25,1.25,1,0.5,6,5,3,8,2,1,2,488.95,3.94,54,1.497,0.041
10,30,6,20,TRUE,TRUE,0.25,1.25,1.25,0.5,6,5,3,5,2,1,2,442.89,3.94,48,1.497,-0.056
10,30,6,20,TRUE,TRUE,0.25,1.25,1.5,0.5,6,5,3,5,2,1,2,442.89,3.94,48,1.497,-0.056
10,30,6,20,TRUE,TRUE,0.25,1.5,1.25,0.5,6,6,3,6,2,1,2,447.68,3.94,49,1.497,-0.042
10,30,6,20,TRUE,TRUE,0.25,1.5,1.5,0.5,6,7,3,6,2,1,2,496.72,3.94,54,1.497,0.04
10,40,6,30,TRUE,TRUE,0.25,1,1.25,0.5,6,6,3,5,2,1,2,459.18,3.94,50,1.497,-0.026
10,40,6,30,TRUE,TRUE,0.25,1,1.5,0.5,6,6,3,5,2,1,2,459.18,3.94,50,1.497,-0.026
10,40,6,30,TRUE,TRUE,0.25,1.5,1.5,0.5,6,6,3,6,2,1,2,446.67,3.94,49,1.497,-0.045
15,20,4,20,TRUE,TRUE,0.25,1,1,0.5,6,4,3,6,2,1,2,535.66,3.94,71,1.297,0.123
15,20,4,20,TRUE,TRUE,0.25,1,1.25,0.5,6,4,3,6,2,1,2,535.66,3.94,71,1.297,0.123
15,20,4,20,TRUE,TRUE,0.25,1,1.5,0.5,6,4,3,6,2,1,2,535.66,3.94,71,1.297,0.123
15,20,4,20,TRUE,TRUE,0.25,1.25,1.5,0.5,6,7,3,7,2,1,2,541.49,3.94,72,1.297,0.139
15,20,4,20,TRUE,TRUE,0.25,1.25,1.5,0.5,6,7,3,8,2,1,2,541.49,3.94,72,1.297,0.139
15,20,4,20,TRUE,TRUE,0.25,1.5,1,0.5,6,6,3,7,2,1,2,520.14,3.94,69,1.297,0.104
15,20,4,20,TRUE,TRUE,0.25,1.5,1,0.5,6,6,3,8,2,1,2,520.14,3.94,69,1.297,0.104
15,20,4,20,FALSE,TRUE,0.25,1.25,1.5,0.5,6,5,3,7,2,1,2,1006.36,3.94,68,3,0.527
15,20,4,20,FALSE,TRUE,0.25,1.25,1.5,0.5,6,5,3,8,2,1,2,1006.36,3.94,68,3,0.527
15,20,4,20,FALSE,TRUE,0.25,1.5,1.5,0.5,6,7,3,6,2,1,2,1123.85,3.94,71,3,0.573
15,20,4,30,TRUE,TRUE,0.25,1.25,1,0.5,6,4,3,6,2,1,2,513.83,3.94,66,1.297,0.089
15,20,4,30,TRUE,TRUE,0.25,1.25,1.5,0.5,6,4,3,7,2,1,2,510.59,3.94,66,1.297,0.085
15,20,4,30,TRUE,TRUE,0.25,1.25,1.5,0.5,6,4,3,8,2,1,2,510.59,3.94,66,1.297,0.085
15,30,4,20,TRUE,TRUE,0.25,1.5,1.5,0.5,6,5,3,7,2,1,2,531.53,3.94,67,1.297,0.12
15,30,4,20,TRUE,TRUE,0.25,1.5,1.5,0.5,6,5,3,8,2,1,2,531.53,3.94,67,1.297,0.12
15,30,4,20,FALSE,TRUE,0.25,1.25,1.5,0.5,6,5,3,7,2,1,2,1006.36,3.94,68,3,0.527
15,30,4,20,FALSE,TRUE,0.25,1.25,1.5,0.5,6,5,3,8,2,1,2,1006.36,3.94,68,3,0.527
15,30,4,20,FALSE,TRUE,0.25,1.5,1.5,0.5,6,7,3,6,2,1,2,1123.85,3.94,71,3,0.573
15,30,4,30,TRUE,TRUE,0.25,1.25,1.25,0.5,6,6,3,6,2,1,2,529.42,3.94,67,1.297,0.114
15,40,4,20,TRUE,TRUE,0.25,1.25,1.25,0.5,6,4,3,6,2,1,2,530.34,3.94,66,1.297,0.114
15,40,4,20,TRUE,TRUE,0.25,1.25,1.25,0.5,6,7,3,6,2,1,2,557.7,3.94,71,1.297,0.159
15,40,4,20,TRUE,TRUE,0.25,1.5,1.5,0.5,6,6,3,6,2,1,2,528.47,3.94,66,1.297,0.114
15,40,4,20,FALSE,TRUE,0.25,1.25,1.5,0.5,6,4,3,6,2,1,2,997.76,3.94,65,3,0.515
15,40,4,20,FALSE,TRUE,0.25,1.25,1.5,0.5,6,7,3,7,2,1,2,1067.4,3.94,71,3,0.551
15,40,4,20,FALSE,TRUE,0.25,1.25,1.5,0.5,6,7,3,8,2,1,2,1067.4,3.94,71,3,0.551
15,40,4,30,FALSE,TRUE,0.25,1,1,0.5,6,7,3,7,2,1,2,1055.41,3.94,72,3,0.549
15,40,4,30,FALSE,TRUE,0.25,1,1,0.5,6,7,3,8,2,1,2,1055.41,3.94,72,3,0.549
15,40,4,30,FALSE,TRUE,0.25,1,1.25,0.5,6,7,3,7,2,1,2,1055.41,3.94,72,3,0.549
15,40,4,30,FALSE,TRUE,0.25,1,1.25,0.5,6,7,3,8,2,1,2,1055.41,3.94,72,3,0.549
15,40,4,30,FALSE,TRUE,0.25,1,1.5,0.5,6,7,3,7,2,1,2,1055.41,3.94,72,3,0.549
15,40,4,30,FALSE,TRUE,0.25,1,1.5,0.5,6,7,3,8,2,1,2,1055.41,3.94,72,3,0.549
15,40,4,30,FALSE,TRUE,0.25,1.25,1.25,0.5,6,7,3,6,2,1,2,1055.09,3.94,69,3,0.54
15,20,5,20,TRUE,TRUE,0.25,1,1,0.5,6,4,3,6,2,1,2,526.78,3.94,63,1.297,0.097
15,20,5,20,TRUE,TRUE,0.25,1.25,1.25,0.5,6,7,3,7,2,1,2,541.72,3.94,67,1.297,0.129
15,20,5,20,TRUE,TRUE,0.25,1.25,1.25,0.5,6,7,3,8,2,1,2,541.72,3.94,67,1.297,0.129
15,20,5,20,TRUE,TRUE,0.25,1.25,1.5,0.5,6,6,3,6,2,1,2,513.4,3.94,62,1.297,0.082
15,20,5,20,FALSE,TRUE,0.25,1,1.25,0.5,6,4,3,6,2,1,2,1017.61,3.94,64,3,0.505
15,20,5,20,FALSE,TRUE,0.25,1,1.5,0.5,6,4,3,6,2,1,2,1017.61,3.94,64,3,0.505
15,20,5,30,TRUE,TRUE,0.25,1.25,1,0.5,6,6,3,6,2,1,2,517.56,3.94,63,1.297,0.086
15,20,5,30,FALSE,TRUE,0.25,1,1.25,0.5,6,4,3,6,2,1,2,1017.61,3.94,64,3,0.505
15,20,5,30,FALSE,TRUE,0.25,1,1.5,0.5,6,4,3,6,2,1,2,1017.61,3.94,64,3,0.505
15,30,5,20,FALSE,TRUE,0.25,1,1.25,0.5,6,4,3,6,2,1,2,1017.61,3.94,64,3,0.505
15,30,5,20,FALSE,TRUE,0.25,1,1.5,0.5,6,4,3,6,2,1,2,1017.61,3.94,64,3,0.505
15,30,5,30,TRUE,TRUE,0.25,1.25,1.25,0.5,6,7,3,6,2,1,2,564.63,3.94,66,1.297,0.158
15,30,5,30,FALSE,TRUE,0.25,1,1.25,0.5,6,4,3,6,2,1,2,1017.61,3.94,64,3,0.505
15,30,5,30,FALSE,TRUE,0.25,1,1.5,0.5,6,4,3,6,2,1,2,1017.61,3.94,64,3,0.505
15,40,5,20,FALSE,TRUE,0.25,1.25,1,0.5,6,4,3,6,2,1,2,976.53,3.94,60,3,0.477
15,40,5,30,TRUE,TRUE,0.25,1.25,1,0.5,6,4,3,6,2,1,2,535.32,3.94,60,1.297,0.107
15,40,5,30,TRUE,TRUE,0.25,1.25,1.25,0.5,6,4,3,6,2,1,2,535.4,3.94,60,1.297,0.11
15,40,5,30,FALSE,TRUE,0.25,1.25,1,0.5,6,4,3,6,2,1,2,976.53,3.94,60,3,0.477
15,20,6,20,FALSE,TRUE,0.25,1.5,1,0.5,6,4,3,7,2,1,2,739.61,3.94,45,3,0.333
15,20,6,20,FALSE,TRUE,0.25,1.5,1,0.5,6,4,3,8,2,1,2,739.61,3.94,45,3,0.333
15,20,6,20,FALSE,TRUE,0.25,1.5,1.25,0.5,6,6,3,6,2,1,2,738.62,3.94,45,3,0.338
15,20,6,30,FALSE,TRUE,0.25,1.5,1,0.5,6,4,3,7,2,1,2,739.61,3.94,45,3,0.333
15,20,6,30,FALSE,TRUE,0.25,1.5,1,0.5,6,4,3,8,2,1,2,739.61,3.94,45,3,0.333
15,20,6,30,FALSE,TRUE,0.25,1.5,1.25,0.5,6,6,3,6,2,1,2,738.62,3.94,45,3,0.338
15,30,6,20,FALSE,TRUE,0.25,1.5,1,0.5,6,4,3,7,2,1,2,739.61,3.94,45,3,0.333
15,30,6,20,FALSE,TRUE,0.25,1.5,1,0.5,6,4,3,8,2,1,2,739.61,3.94,45,3,0.333
15,30,6,20,FALSE,TRUE,0.25,1.5,1.25,0.5,6,6,3,6,2,1,2,738.62,3.94,45,3,0.338
15,30,6,30,FALSE,TRUE,0.25,1.5,1,0.5,6,4,3,7,2,1,2,739.61,3.94,45,3,0.333
15,30,6,30,FALSE,TRUE,0.25,1.5,1,0.5,6,4,3,8,2,1,2,739.61,3.94,45,3,0.333
15,30,6,30,FALSE,TRUE,0.25,1.5,1.25,0.5,6,6,3,6,2,1,2,738.62,3.94,45,3,0.338
15,40,6,20,FALSE,TRUE,0.25,1.5,1,0.5,6,4,3,7,2,1,2,739.61,3.94,45,3,0.333
15,40,6,20,FALSE,TRUE,0.25,1.5,1,0.5,6,4,3,8,2,1,2,739.61,3.94,45,3,0.333
15,40,6,20,FALSE,TRUE,0.25,1.5,1.25,0.5,6,6,3,6,2,1,2,738.62,3.94,45,3,0.338
15,40,6,30,TRUE,TRUE,0.25,1.25,1,0.5,6,7,3,7,2,1,2,456.78,3.94,51,1.297,-0.025
15,40,6,30,TRUE,TRUE,0.25,1.25,1,0.5,6,7,3,8,2,1,2,456.78,3.94,51,1.297,-0.025
15,40,6,30,FALSE,TRUE,0.25,1.5,1,0.5,6,4,3,7,2,1,2,739.61,3.94,45,3,0.333
15,40,6,30,FALSE,TRUE,0.25,1.5,1,0.5,6,4,3,8,2,1,2,739.61,3.94,45,3,0.333
15,40,6,30,FALSE,TRUE,0.25,1.5,1.25,0.5,6,6,3,6,2,1,2,738.62,3.94,45,3,0.338
10,20,4,20,TRUE,TRUE,0.25,1.25,1.25,0.5,6,4,3,6,2,1,2,507.34,3.93,66,1.497,0.08
10,20,4,20,FALSE,TRUE,0.25,1,1.25,0.5,6,7,3,7,2,1,2,1115.94,3.93,76,3,0.587
10,20,4,20,FALSE,TRUE,0.25,1,1.25,0.5,6,7,3,8,2,1,2,1115.94,3.93,76,3,0.587
10,20,4,20,FALSE,TRUE,0.25,1,1.5,0.5,6,7,3,7,2,1,2,1115.94,3.93,76,3,0.587
10,20,4,20,FALSE,TRUE,0.25,1,1.5,0.5,6,7,3,8,2,1,2,1115.94,3.93,76,3,0.587
10,20,4,20,FALSE,TRUE,0.25,1.25,1.25,0.5,6,5,3,7,2,1,2,1058.61,3.93,70,3,0.559
10,20,4,20,FALSE,TRUE,0.25,1.25,1.25,0.5,6,5,3,8,2,1,2,1058.61,3.93,70,3,0.559
10,20,4,30,TRUE,TRUE,0.25,1,1,0.5,6,4,3,6,2,1,2,525.83,3.93,68,1.497,0.108
10,20,4,30,FALSE,TRUE,0.25,1.5,1,0.5,6,4,3,6,2,1,2,983.95,3.93,63,3,0.51
10,20,4,30,FALSE,TRUE,0.25,1.5,1.25,0.5,6,5,3,7,2,1,2,1047.67,3.93,68,3,0.551
10,20,4,30,FALSE,TRUE,0.25,1.5,1.25,0.5,6,5,3,8,2,1,2,1047.67,3.93,68,3,0.551
10,20,4,30,FALSE,TRUE,0.25,1.5,1.25,0.5,6,6,3,7,2,1,2,1047.67,3.93,68,3,0.551
10,20,4,30,FALSE,TRUE,0.25,1.5,1.25,0.5,6,6,3,8,2,1,2,1047.67,3.93,68,3,0.551
10,30,4,20,FALSE,TRUE,0.25,1,1.25,0.5,6,7,3,7,2,1,2,1115.94,3.93,76,3,0.587
10,30,4,20,FALSE,TRUE,0.25,1,1.25,0.5,6,7,3,8,2,1,2,1115.94,3.93,76,3,0.587
10,30,4,20,FALSE,TRUE,0.25,1,1.5,0.5,6,7,3,7,2,1,2,1115.94,3.93,76,3,0.587
10,30,4,20,FALSE,TRUE,0.25,1,1.5,0.5,6,7,3,8,2,1,2,1115.94,3.93,76,3,0.587
10,30,4,20,FALSE,TRUE,0.25,1.25,1.25,0.5,6,5,3,7,2,1,2,1058.61,3.93,70,3,0.559
10,30,4,20,FALSE,TRUE,0.25,1.25,1.25,0.5,6,5,3,8,2,1,2,1058.61,3.93,70,3,0.559
10,30,4,30,FALSE,TRUE,0.25,1.5,1,0.5,6,4,3,6,2,1,2,983.95,3.93,63,3,0.51
10,30,4,30,FALSE,TRUE,0.25,1.5,1.25,0.5,6,5,3,7,2,1,2,1047.67,3.93,68,3,0.551
10,30,4,30,FALSE,TRUE,0.25,1.5,1.25,0.5,6,5,3,8,2,1,2,1047.67,3.93,68,3,0.551
10,30,4,30,FALSE,TRUE,0.25,1.5,1.25,0.5,6,6,3,7,2,1,2,1047.67,3.93,68,3,0.551
10,30,4,30,FALSE,TRUE,0.25,1.5,1.25,0.5,6,6,3,8,2,1,2,1047.67,3.93,68,3,0.551
10,40,4,20,FALSE,TRUE,0.25,1.5,1.25,0.5,6,6,3,6,2,1,2,990.64,3.93,66,3,0.517
10,20,5,30,TRUE,TRUE,0.25,1.25,1.25,0.5,6,4,3,6,2,1,2,510.88,3.93,61,1.497,0.077
10,30,5,20,TRUE,TRUE,0.25,1.25,1.25,0.5,6,7,3,6,2,1,2,561.54,3.93,67,1.497,0.155
10,40,5,30,TRUE,TRUE,0.25,1.25,1.25,0.5,6,7,3,6,2,1,2,561.48,3.93,66,1.497,0.154
10,20,6,20,TRUE,TRUE,0.25,1.25,1,0.5,6,5,3,6,2,1,2,448.19,3.93,50,1.497,-0.045
10,20,6,30,TRUE,TRUE,0.25,1.5,1,0.5,6,4,3,7,2,1,2,476.71,3.93,51,1.497,0.019
10,20,6,30,TRUE,TRUE,0.25,1.5,1,0.5,6,4,3,8,2,1,2,476.71,3.93,51,1.497,0.019
10,30,6,20,TRUE,TRUE,0.25,1,1,0.5,6,5,3,7,2,1,2,502.21,3.93,55,1.497,0.064
10,30,6,20,TRUE,TRUE,0.25,1,1,0.5,6,5,3,8,2,1,2,502.21,3.93,55,1.497,0.064
10,30,6,30,TRUE,TRUE,0.25,1,1,0.5,6,7,3,5,2,1,2,473.22,3.93,54,1.497,0.002
10,30,6,30,TRUE,TRUE,0.25,1.5,1.5,0.5,6,4,3,6,2,1,2,445.44,3.93,47,1.497,-0.049
15,20,4,20,TRUE,TRUE,0.25,1.25,1.5,0.5,6,4,3,6,2,1,2,511.46,3.93,66,1.297,0.086
15,20,4,20,FALSE,TRUE,0.25,1.25,1.5,0.5,6,5,3,6,2,1,2,1000.68,3.93,67,3,0.52
15,20,4,20,FALSE,TRUE,0.25,1.5,1.25,0.5,6,4,3,5,2,1,2,991.61,3.93,65,3,0.51
15,20,4,30,TRUE,TRUE,0.25,1.25,1.25,0.5,6,7,3,6,2,1,2,534.7,3.93,70,1.297,0.127
15,20,4,30,FALSE,TRUE,0.25,1,1,0.5,6,5,3,7,2,1,2,1048.12,3.93,71,3,0.546
15,20,4,30,FALSE,TRUE,0.25,1,1,0.5,6,5,3,8,2,1,2,1048.12,3.93,71,3,0.546
15,20,4,30,FALSE,TRUE,0.25,1,1,0.5,6,6,3,7,2,1,2,1048.12,3.93,71,3,0.546
15,20,4,30,FALSE,TRUE,0.25,1,1,0.5,6,6,3,8,2,1,2,1048.12,3.93,71,3,0.546
15,20,4,30,FALSE,TRUE,0.25,1,1.25,0.5,6,5,3,7,2,1,2,1048.12,3.93,71,3,0.546
15,20,4,30,FALSE,TRUE,0.25,1,1.25,0.5,6,5,3,8,2,1,2,1048.12,3.93,71,3,0.546
15,20,4,30,FALSE,TRUE,0.25,1,1.25,0.5,6,6,3,7,2,1,2,1048.12,3.93,71,3,0.546
15,20,4,30,FALSE,TRUE,0.25,1,1.25,0.5,6,6,3,8,2,1,2,1048.12,3.93,71,3,0.546
15,20,4,30,FALSE,TRUE,0.25,1,1.5,0.5,6,5,3,7,2,1,2,1048.12,3.93,71,3,0.546
15,20,4,30,FALSE,TRUE,0.25,1,1.5,0.5,6,5,3,8,2,1,2,1048.12,3.93,71,3,0.546
15,20,4,30,FALSE,TRUE,0.25,1,1.5,0.5,6,6,3,7,2,1,2,1048.12,3.93,71,3,0.546
15,20,4,30,FALSE,TRUE,0.25,1,1.5,0.5,6,6,3,8,2,1,2,1048.12,3.93,71,3,0.546
15,20,4,30,FALSE,TRUE,0.25,1.5,1.25,0.5,6,5,3,5,2,1,2,984.71,3.93,64,3,0.508
15,30,4,20,TRUE,TRUE,0.25,1.25,1.25,0.5,6,7,3,7,2,1,2,559.74,3.93,73,1.297,0.163
15,30,4,20,TRUE,TRUE,0.25,1.25,1.25,0.5,6,7,3,8,2,1,2,559.74,3.93,73,1.297,0.163
15,30,4,20,FALSE,TRUE,0.25,1.25,1.5,0.5,6,5,3,6,2,1,2,1000.68,3.93,67,3,0.52
15,30,4,20,FALSE,TRUE,0.25,1.5,1.25,0.5,6,4,3,5,2,1,2,991.61,3.93,65,3,0.51
15,30,4,30,TRUE,TRUE,0.25,1,1,0.5,6,4,3,7,2,1,2,553.42,3.93,71,1.297,0.148
15,30,4,30,TRUE,TRUE,0.25,1,1,0.5,6,4,3,8,2,1,2,553.42,3.93,71,1.297,0.148
15,30,4,30,TRUE,TRUE,0.25,1,1.25,0.5,6,4,3,7,2,1,2,553.42,3.93,71,1.297,0.148
15,30,4,30,TRUE,TRUE,0.25,1,1.25,0.5,6,4,3,8,2,1,2,553.42,3.93,71,1.297,0.148
15,30,4,30,TRUE,TRUE,0.25,1,1.5,0.5,6,4,3,7,2,1,2,553.42,3.93,71,1.297,0.148
15,30,4,30,TRUE,TRUE,0.25,1,1.5,0.5,6,4,3,8,2,1,2,553.42,3.93,71,1.297,0.148
15,30,4,30,TRUE,TRUE,0.25,1.5,1.5,0.5,6,5,3,7,2,1,2,528.03,3.93,66,1.297,0.114
15,30,4,30,TRUE,TRUE,0.25,1.5,1.5,0.5,6,5,3,8,2,1,2,528.03,3.93,66,1.297,0.114
15,30,4,30,TRUE,TRUE,0.25,1.5,1.5,0.5,6,6,3,7,2,1,2,528.03,3.93,66,1.297,0.114
15,30,4,30,TRUE,TRUE,0.25,1.5,1.5,0.5,6,6,3,8,2,1,2,528.03,3.93,66,1.297,0.114
15,30,4,30,FALSE,TRUE,0.25,1,1,0.5,6,5,3,7,2,1,2,1048.12,3.93,71,3,0.546
15,30,4,30,FALSE,TRUE,0.25,1,1,0.5,6,5,3,8,2,1,2,1048.12,3.93,71,3,0.546
15,30,4,30,FALSE,TRUE,0.25,1,1,0.5,6,6,3,7,2,1,2,1048.12,3.93,71,3,0.546
15,30,4,30,FALSE,TRUE,0.25,1,1,0.5,6,6,3,8,2,1,2,1048.12,3.93,71,3,0.546
15,30,4,30,FALSE,TRUE,0.25,1,1.25,0.5,6,5,3,7,2,1,2,1048.12,3.93,71,3,0.546
15,30,4,30,FALSE,TRUE,0.25,1,1.25,0.5,6,5,3,8,2,1,2,1048.12,3.93,71,3,0.546
15,30,4,30,FALSE,TRUE,0.25,1,1.25,0.5,6,6,3,7,2,1,2,1048.12,3.93,71,3,0.546
15,30,4,30,FALSE,TRUE,0.25,1,1.25,0.5,6,6,3,8,2,1,2,1048.12,3.93,71,3,0.546
15,30,4,30,FALSE,TRUE,0.25,1,1.5,0.5,6,5,3,7,2,1,2,1048.12,3.93,71,3,0.546
15,30,4,30,FALSE,TRUE,0.25,1,1.5,0.5,6,5,3,8,2,1,2,1048.12,3.93,71,3,0.546
15,30,4,30,FALSE,TRUE,0.25,1,1.5,0.5,6,6,3,7,2,1,2,1048.12,3.93,71,3,0.546
15,30,4,30,FALSE,TRUE,0.25,1,1.5,0.5,6,6,3,8,2,1,2,1048.12,3.93,71,3,0.546
15,30,4,30,FALSE,TRUE,0.25,1.5,1.25,0.5,6,5,3,5,2,1,2,984.71,3.93,64,3,0.508
15,40,4,20,FALSE,TRUE,0.25,1,1,0.5,6,6,3,7,2,1,2,1055.74,3.93,72,3,0.551
15,40,4,20,FALSE,TRUE,0.25,1,1,0.5,6,6,3,8,2,1,2,1055.74,3.93,72,3,0.551
15,40,4,20,FALSE,TRUE,0.25,1,1.25,0.5,6,6,3,7,2,1,2,1055.74,3.93,72,3,0.551
15,40,4,20,FALSE,TRUE,0.25,1,1.25,0.5,6,6,3,8,2,1,2,1055.74,3.93,72,3,0.551
15,40,4,20,FALSE,TRUE,0.25,1,1.5,0.5,6,6,3,7,2,1,2,1055.74,3.93,72,3,0.551
15,40,4,20,FALSE,TRUE,0.25,1,1.5,0.5,6,6,3,8,2,1,2,1055.74,3.93,72,3,0.551
15,40,4,20,FALSE,TRUE,0.25,1.25,1.5,0.5,6,7,3,6,2,1,2,1061.72,3.93,70,3,0.545
15,40,4,20,FALSE,TRUE,0.25,1.5,1,0.5,6,6,3,7,2,1,2,1013.03,3.93,68,3,0.53
15,40,4,20,FALSE,TRUE,0.25,1.5,1,0.5,6,6,3,8,2,1,2,1013.03,3.93,68,3,0.53
15,40,4,20,FALSE,TRUE,0.25,1.5,1.5,0.5,6,5,3,7,2,1,2,998.53,3.93,66,3,0.523
15,40,4,20,FALSE,TRUE,0.25,1.5,1.5,0.5,6,5,3,8,2,1,2,998.53,3.93,66,3,0.523
15,40,4,30,TRUE,TRUE,0.25,1,1,0.5,6,4,3,6,2,1,2,548.25,3.93,68,1.297,0.138
15,40,4,30,TRUE,TRUE,0.25,1,1.25,0.5,6,4,3,6,2,1,2,548.25,3.93,68,1.297,0.138
15,40,4,30,TRUE,TRUE,0.25,1,1.5,0.5,6,4,3,6,2,1,2,548.25,3.93,68,1.297,0.138
15,40,4,30,TRUE,TRUE,0.25,1.5,1.25,0.5,6,5,3,6,2,1,2,524.34,3.93,64,1.297,0.105
15,40,4,30,FALSE,TRUE,0.25,1,1,0.5,6,7,3,6,2,1,2,1049.73,3.93,71,3,0.543
15,40,4,30,FALSE,TRUE,0.25,1,1.25,0.5,6,7,3,6,2,1,2,1049.73,3.93,71,3,0.543
15,40,4,30,FALSE,TRUE,0.25,1,1.5,0.5,6,7,3,6,2,1,2,1049.73,3.93,71,3,0.543
15,40,4,30,FALSE,TRUE,0.25,1.25,1.5,0.5,6,4,3,7,2,1,2,993.52,3.93,65,3,0.514
15,40,4,30,FALSE,TRUE,0.25,1.25,1.5,0.5,6,4,3,8,2,1,2,993.52,3.93,65,3,0.514
15,40,4,30,FALSE,TRUE,0.25,1.25,1.5,0.5,6,5,3,6,2,1,2,988.98,3.93,64,3,0.512
15,20,5,20,FALSE,TRUE,0.25,1.25,1,0.5,6,4,3,7,2,1,2,987.5,3.93,63,3,0.488
15,20,5,20,FALSE,TRUE,0.25,1.25,1,0.5,6,4,3,8,2,1,2,987.5,3.93,63,3,0.488
15,20,5,20,FALSE,TRUE,0.25,1.25,1,0.5,6,6,3,6,2,1,2,985.65,3.93,63,3,0.488
15,20,5,20,FALSE,TRUE,0.25,1.5,1.25,0.5,6,4,3,7,2,1,2,972.2,3.93,59,3,0.484
15,20,5,20,FALSE,TRUE,0.25,1.5,1.25,0.5,6,4,3,8,2,1,2,972.2,3.93,59,3,0.484
15,20,5,30,TRUE,TRUE,0.25,1.25,1.5,0.5,6,4,3,6,2,1,2,512.06,3.93,60,1.297,0.077
15,20,5,30,TRUE,TRUE,0.25,1.5,1.25,0.5,6,6,3,6,2,1,2,511.13,3.93,60,1.297,0.079
15,20,5,30,FALSE,TRUE,0.25,1.25,1,0.5,6,4,3,7,2,1,2,987.5,3.93,63,3,0.488
15,20,5,30,FALSE,TRUE,0.25,1.25,1,0.5,6,4,3,8,2,1,2,987.5,3.93,63,3,0.488
15,20,5,30,FALSE,TRUE,0.25,1.25,1,0.5,6,6,3,6,2,1,2,985.65,3.93,63,3,0.488
15,20,5,30,FALSE,TRUE,0.25,1.5,1.25,0.5,6,4,3,7,2,1,2,972.2,3.93,59,3,0.484
15,20,5,30,FALSE,TRUE,0.25,1.5,1.25,0.5,6,4,3,8,2,1,2,972.2,3.93,59,3,0.484
15,30,5,20,FALSE,TRUE,0.25,1.25,1,0.5,6,4,3,7,2,1,2,987.5,3.93,63,3,0.488
15,30,5,20,FALSE,TRUE,0.25,1.25,1,0.5,6,4,3,8,2,1,2,987.5,3.93,63,3,0.488
15,30,5,20,FALSE,TRUE,0.25,1.25,1,0.5,6,6,3,6,2,1,2,985.65,3.93,63,3,0.488
15,30,5,20,FALSE,TRUE,0.25,1.5,1.25,0.5,6,4,3,7,2,1,2,972.2,3.93,59,3,0.484
15,30,5,20,FALSE,TRUE,0.25,1.5,1.25,0.5,6,4,3,8,2,1,2,972.2,3.93,59,3,0.484
15,30,5,30,TRUE,TRUE,0.25,1.25,1.25,0.5,6,4,3,7,2,1,2,537.77,3.93,62,1.297,0.115
15,30,5,30,TRUE,TRUE,0.25,1.25,1.25,0.5,6,4,3,8,2,1,2,537.77,3.93,62,1.297,0.115
15,30,5,30,FALSE,TRUE,0.25,1.25,1,0.5,6,4,3,7,2,1,2,987.5,3.93,63,3,0.488
15,30,5,30,FALSE,TRUE,0.25,1.25,1,0.5,6,4,3,8,2,1,2,987.5,3.93,63,3,0.488
15,30,5,30,FALSE,TRUE,0.25,1.25,1,0.5,6,6,3,6,2,1,2,985.65,3.93,63,3,0.488
15,30,5,30,FALSE,TRUE,0.25,1.5,1.25,0.5,6,4,3,7,2,1,2,972.2,3.93,59,3,0.484
15,30,5,30,FALSE,TRUE,0.25,1.5,1.25,0.5,6,4,3,8,2,1,2,972.2,3.93,59,3,0.484
15,40,5,20,FALSE,TRUE,0.25,1.25,1.25,0.5,6,4,3,7,2,1,2,977.2,3.93,61,3,0.488
15,40,5,20,FALSE,TRUE,0.25,1.25,1.25,0.5,6,4,3,8,2,1,2,977.2,3.93,61,3,0.488
15,40,5,20,FALSE,TRUE,0.25,1.25,1.25,0.5,6,7,3,7,2,1,2,1045.92,3.93,66,3,0.523
15,40,5,20,FALSE,TRUE,0.25,1.25,1.25,0.5,6,7,3,8,2,1,2,1045.92,3.93,66,3,0.523
15,40,5,20,FALSE,TRUE,0.25,1.25,1.5,0.5,6,6,3,7,2,1,2,981.75,3.93,62,3,0.496
15,40,5,20,FALSE,TRUE,0.25,1.25,1.5,0.5,6,6,3,8,2,1,2,981.75,3.93,62,3,0.496
15,40,5,30,FALSE,TRUE,0.25,1.25,1.25,0.5,6,4,3,7,2,1,2,977.2,3.93,61,3,0.488
15,40,5,30,FALSE,TRUE,0.25,1.25,1.25,0.5,6,4,3,8,2,1,2,977.2,3.93,61,3,0.488
15,40,5,30,FALSE,TRUE,0.25,1.25,1.25,0.5,6,7,3,7,2,1,2,1045.92,3.93,66,3,0.523
15,40,5,30,FALSE,TRUE,0.25,1.25,1.25,0.5,6,7,3,8,2,1,2,1045.92,3.93,66,3,0.523
15,40,5,30,FALSE,TRUE,0.25,1.25,1.5,0.5,6,6,3,7,2,1,2,981.75,3.93,62,3,0.496
15,40,5,30,FALSE,TRUE,0.25,1.25,1.5,0.5,6,6,3,8,2,1,2,981.75,3.93,62,3,0.496
15,20,6,20,FALSE,TRUE,0.25,1.25,1.25,0.5,6,4,3,6,2,1,2,742.69,3.93,46,3,0.334
15,20,6,20,FALSE,TRUE,0.25,1.25,1.5,0.5,6,4,3,6,2,1,2,742.69,3.93,46,3,0.334
15,20,6,20,FALSE,TRUE,0.25,1.5,1.5,0.5,6,6,3,6,2,1,2,736.03,3.93,45,3,0.337
15,20,6,30,FALSE,TRUE,0.25,1.25,1.25,0.5,6,4,3,6,2,1,2,742.69,3.93,46,3,0.334
15,20,6,30,FALSE,TRUE,0.25,1.25,1.5,0.5,6,4,3,6,2,1,2,742.69,3.93,46,3,0.334
15,20,6,30,FALSE,TRUE,0.25,1.5,1.5,0.5,6,6,3,6,2,1,2,736.03,3.93,45,3,0.337
15,30,6,20,FALSE,TRUE,0.25,1.25,1.25,0.5,6,4,3,6,2,1,2,742.69,3.93,46,3,0.334
15,30,6,20,FALSE,TRUE,0.25,1.25,1.5,0.5,6,4,3,6,2,1,2,742.69,3.93,46,3,0.334
15,30,6,20,FALSE,TRUE,0.25,1.5,1.5,0.5,6,6,3,6,2,1,2,736.03,3.93,45,3,0.337
15,30,6,30,FALSE,TRUE,0.25,1.25,1.25,0.5,6,4,3,6,2,1,2,742.69,3.93,46,3,0.334
15,30,6,30,FALSE,TRUE,0.25,1.25,1.5,0.5,6,4,3,6,2,1,2,742.69,3.93,46,3,0.334
15,30,6,30,FALSE,TRUE,0.25,1.5,1.5,0.5,6,6,3,6,2,1,2,736.03,3.93,45,3,0.337
15,40,6,20,FALSE,TRUE,0.25,1.25,1.25,0.5,6,4,3,6,2,1,2,742.69,3.93,46,3,0.334
15,40,6,20,FALSE,TRUE,0.25,1.25,1.5,0.5,6,4,3,6,2,1,2,742.69,3.93,46,3,0.334
15,40,6,20,FALSE,TRUE,0.25,1.5,1.5,0.5,6,6,3,6,2,1,2,736.03,3.93,45,3,0.337
15,40,6,30,FALSE,TRUE,0.25,1.25,1.25,0.5,6,4,3,6,2,1,2,742.69,3.93,46,3,0.334
15,40,6,30,FALSE,TRUE,0.25,1.25,1.5,0.5,6,4,3,6,2,1,2,742.69,3.93,46,3,0.334
15,40,6,30,FALSE,TRUE,0.25,1.5,1.5,0.5,6,6,3,6,2,1,2,736.03,3.93,45,3,0.337
10,20,4,20,TRUE,TRUE,0.25,1.5,1.25,0.5,6,6,3,6,2,1,2,506.08,3.92,67,1.497,0.081
10,20,4,20,FALSE,TRUE,0.25,1,1,0.5,6,4,3,6,2,1,2,1041.94,3.92,70,3,0.54
10,20,4,20,FALSE,TRUE,0.25,1,1.25,0.5,6,4,3,6,2,1,2,1040.31,3.92,70,3,0.538
10,20,4,20,FALSE,TRUE,0.25,1,1.5,0.5,6,4,3,6,2,1,2,1040.31,3.92,70,3,0.538
10,20,4,30,TRUE,TRUE,0.25,1,1.25,0.5,6,4,3,6,2,1,2,525.03,3.92,68,1.497,0.107
10,20,4,30,TRUE,TRUE,0.25,1,1.5,0.5,6,4,3,6,2,1,2,525.03,3.92,68,1.497,0.107
10,30,4,20,FALSE,TRUE,0.25,1,1,0.5,6,4,3,6,2,1,2,1041.94,3.92,70,3,0.54
10,30,4,20,FALSE,TRUE,0.25,1,1.25,0.5,6,4,3,6,2,1,2,1040.31,3.92,70,3,0.538
10,30,4,20,FALSE,TRUE,0.25,1,1.5,0.5,6,4,3,6,2,1,2,1040.31,3.92,70,3,0.538
10,40,4,20,FALSE,TRUE,0.25,1.25,1.25,0.5,6,6,3,6,2,1,2,994.87,3.92,67,3,0.522
10,30,5,30,TRUE,TRUE,0.25,1.25,1.25,0.5,6,6,3,6,2,1,2,536.42,3.92,63,1.497,0.116
10,20,6,20,FALSE,TRUE,0.25,1.5,1,0.5,6,5,3,7,2,1,2,818.6,3.92,52,3,0.415
10,20,6,20,FALSE,TRUE,0.25,1.5,1,0.5,6,5,3,8,2,1,2,818.6,3.92,52,3,0.415
10,20,6,30,FALSE,TRUE,0.25,1.5,1,0.5,6,5,3,7,2,1,2,818.6,3.92,52,3,0.415
10,20,6,30,FALSE,TRUE,0.25,1.5,1,0.5,6,5,3,8,2,1,2,818.6,3.92,52,3,0.415
10,30,6,20,TRUE,TRUE,0.25,1,1.25,0.5,6,5,3,7,2,1,2,501.38,3.92,55,1.497,0.062
10,30,6,20,TRUE,TRUE,0.25,1,1.25,0.5,6,5,3,8,2,1,2,501.38,3.92,55,1.497,0.062
10,30,6,20,TRUE,TRUE,0.25,1,1.5,0.5,6,5,3,7,2,1,2,501.38,3.92,55,1.497,0.062
10,30,6,20,TRUE,TRUE,0.25,1,1.5,0.5,6,5,3,8,2,1,2,501.38,3.92,55,1.497,0.062
10,30,6,20,TRUE,TRUE,0.25,1.5,1.5,0.5,6,6,3,6,2,1,2,445.88,3.92,49,1.497,-0.047
10,30,6,20,FALSE,TRUE,0.25,1.5,1,0.5,6,5,3,7,2,1,2,818.6,3.92,52,3,0.415
10,30,6,20,FALSE,TRUE,0.25,1.5,1,0.5,6,5,3,8,2,1,2,818.6,3.92,52,3,0.415
10,30,6,30,TRUE,TRUE,0.25,1,1.25,0.5,6,7,3,5,2,1,2,472.39,3.92,54,1.497,0.001
10,30,6,30,TRUE,TRUE,0.25,1,1.5,0.5,6,7,3,5,2,1,2,472.39,3.92,54,1.497,0.001
10,30,6,30,FALSE,TRUE,0.25,1.5,1,0.5,6,5,3,7,2,1,2,818.6,3.92,52,3,0.415
10,30,6,30,FALSE,TRUE,0.25,1.5,1,0.5,6,5,3,8,2,1,2,818.6,3.92,52,3,0.415
10,40,6,20,TRUE,TRUE,0.25,1.5,1,0.5,6,4,3,7,2,1,2,473.18,3.92,50,1.497,0.01
10,40,6,20,TRUE,TRUE,0.25,1.5,1,0.5,6,4,3,8,2,1,2,473.18,3.92,50,1.497,0.01
15,20,4,20,TRUE,TRUE,0.25,1.25,1.5,0.5,6,7,3,6,2,1,2,538.06,3.92,71,1.297,0.133
15,20,4,20,TRUE,TRUE,0.25,1.5,1,0.5,6,6,3,6,2,1,2,516.71,3.92,68,1.297,0.097
15,20,4,20,FALSE,TRUE,0.25,1.25,1,0.5,6,4,3,7,2,1,2,1017.57,3.92,69,3,0.525
15,20,4,20,FALSE,TRUE,0.25,1.25,1,0.5,6,4,3,8,2,1,2,1017.57,3.92,69,3,0.525
15,20,4,20,FALSE,TRUE,0.25,1.5,1.5,0.5,6,6,3,5,2,1,2,993.58,3.92,66,3,0.52
15,30,4,20,TRUE,TRUE,0.25,1.25,1.25,0.5,6,4,3,7,2,1,2,532.38,3.92,68,1.297,0.118
15,30,4,20,TRUE,TRUE,0.25,1.25,1.25,0.5,6,4,3,8,2,1,2,532.38,3.92,68,1.297,0.118
15,30,4,20,TRUE,TRUE,0.25,1.5,1.5,0.5,6,5,3,6,2,1,2,527.93,3.92,66,1.297,0.113
15,30,4,20,FALSE,TRUE,0.25,1.25,1,0.5,6,4,3,7,2,1,2,1017.57,3.92,69,3,0.525
15,30,4,20,FALSE,TRUE,0.25,1.25,1,0.5,6,4,3,8,2,1,2,1017.57,3.92,69,3,0.525
15,30,4,20,FALSE,TRUE,0.25,1.5,1.5,0.5,6,6,3,5,2,1,2,993.58,3.92,66,3,0.52
15,30,4,30,TRUE,TRUE,0.25,1.25,1.25,0.5,6,5,3,6,2,1,2,526.62,3.92,66,1.297,0.11
15,40,4,20,TRUE,TRUE,0.25,1.5,1.25,0.5,6,4,3,7,2,1,2,529.11,3.92,66,1.297,0.112
15,40,4,20,TRUE,TRUE,0.25,1.5,1.25,0.5,6,4,3,8,2,1,2,529.11,3.92,66,1.297,0.112
15,40,4,20,FALSE,TRUE,0.25,1,1,0.5,6,6,3,6,2,1,2,1050.05,3.92,71,3,0.545
15,40,4,20,FALSE,TRUE,0.25,1,1.25,0.5,6,6,3,6,2,1,2,1050.05,3.92,71,3,0.545
15,40,4,20,FALSE,TRUE,0.25,1,1.5,0.5,6,6,3,6,2,1,2,1050.05,3.92,71,3,0.545
15,40,4,20,FALSE,TRUE,0.25,1.5,1.5,0.5,6,5,3,6,2,1,2,992.85,3.92,65,3,0.517
15,40,4,30,TRUE,TRUE,0.25,1.25,1.25,0.5,6,4,3,7,2,1,2,528.89,3.92,66,1.297,0.112
15,40,4,30,TRUE,TRUE,0.25,1.25,1.25,0.5,6,4,3,8,2,1,2,528.89,3.92,66,1.297,0.112
15,40,4,30,FALSE,TRUE,0.25,1.25,1,0.5,6,4,3,6,2,1,2,1000.19,3.92,65,3,0.511
15,20,5,20,TRUE,TRUE,0.25,1.25,1.25,0.5,6,7,3,6,2,1,2,538.29,3.92,66,1.297,0.123
15,20,5,20,FALSE,TRUE,0.25,1.5,1.5,0.5,6,6,3,7,2,1,2,974.17,3.92,60,3,0.494
15,20,5,20,FALSE,TRUE,0.25,1.5,1.5,0.5,6,6,3,8,2,1,2,974.17,3.92,60,3,0.494
15,20,5,30,TRUE,TRUE,0.25,1,1,0.5,6,4,3,7,2,1,2,534.7,3.92,65,1.297,0.112
15,20,5,30,TRUE,TRUE,0.25,1,1,0.5,6,4,3,8,2,1,2,534.7,3.92,65,1.297,0.112
15,20,5,30,TRUE,TRUE,0.25,1,1.25,0.5,6,4,3,7,2,1,2,534.7,3.92,65,1.297,0.112
15,20,5,30,TRUE,TRUE,0.25,1,1.25,0.5,6,4,3,8,2,1,2,534.7,3.92,65,1.297,0.112
15,20,5,30,TRUE,TRUE,0.25,1,1.5,0.5,6,4,3,7,2,1,2,534.7,3.92,65,1.297,0.112
15,20,5,30,TRUE,TRUE,0.25,1,1.5,0.5,6,4,3,8,2,1,2,534.7,3.92,65,1.297,0.112
15,20,5,30,FALSE,TRUE,0.25,1.5,1.5,0.5,6,6,3,7,2,1,2,974.17,3.92,60,3,0.494
15,20,5,30,FALSE,TRUE,0.25,1.5,1.5,0.5,6,6,3,8,2,1,2,974.17,3.92,60,3,0.494
15,30,5,20,FALSE,TRUE,0.25,1.5,1.5,0.5,6,6,3,7,2,1,2,974.17,3.92,60,3,0.494
15,30,5,20,FALSE,TRUE,0.25,1.5,1.5,0.5,6,6,3,8,2,1,2,974.17,3.92,60,3,0.494
15,30,5,30,FALSE,TRUE,0.25,1.5,1.5,0.5,6,6,3,7,2,1,2,974.17,3.92,60,3,0.494
15,30,5,30,FALSE,TRUE,0.25,1.5,1.5,0.5,6,6,3,8,2,1,2,974.17,3.92,60,3,0.494
15,40,5,30,TRUE,TRUE,0.25,1.25,1.25,0.5,6,6,3,7,2,1,2,540.41,3.92,63,1.297,0.122
15,40,5,30,TRUE,TRUE,0.25,1.25,1.25,0.5,6,6,3,8,2,1,2,540.41,3.92,63,1.297,0.122
15,20,6,20,FALSE,TRUE,0.25,1.5,1,0.5,6,4,3,6,2,1,2,733.93,3.92,44,3,0.325
15,20,6,30,TRUE,TRUE,0.25,1.25,1,0.5,6,7,3,6,2,1,2,444.65,3.92,49,1.297,-0.05
15,20,6,30,FALSE,TRUE,0.25,1.5,1,0.5,6,4,3,6,2,1,2,733.93,3.92,44,3,0.325
15,30,6,20,FALSE,TRUE,0.25,1.5,1,0.5,6,4,3,6,2,1,2,733.93,3.92,44,3,0.325
15,30,6,30,FALSE,TRUE,0.25,1.5,1,0.5,6,4,3,6,2,1,2,733.93,3.92,44,3,0.325
15,40,6,20,FALSE,TRUE,0.25,1.5,1,0.5,6,4,3,6,2,1,2,733.93,3.92,44,3,0.325
15,40,6,30,FALSE,TRUE,0.25,1.5,1,0.5,6,4,3,6,2,1,2,733.93,3.92,44,3,0.325
10,20,4,20,FALSE,TRUE,0.25,1.5,1.25,0.5,6,4,3,7,2,1,2,1047.86,3.91,68,3,0.548
10,20,4,20,FALSE,TRUE,0.25,1.5,1.25,0.5,6,4,3,8,2,1,2,1047.86,3.91,68,3,0.548
10,20,4,20,FALSE,TRUE,0.25,1.5,1.25,0.5,6,5,3,6,2,1,2,988.68,3.91,66,3,0.515
10,20,4,20,FALSE,TRUE,0.25,1.5,1.5,0.5,6,6,3,7,2,1,2,1049.82,3.91,69,3,0.558
10,20,4,20,FALSE,TRUE,0.25,1.5,1.5,0.5,6,6,3,8,2,1,2,1049.82,3.91,69,3,0.558
10,20,4,30,FALSE,TRUE,0.25,1.25,1.5,0.5,6,4,3,6,2,1,2,977.63,3.91,63,3,0.505
10,20,4,30,FALSE,TRUE,0.25,1.25,1.5,0.5,6,7,3,6,2,1,2,1047.05,3.91,69,3,0.537
10,30,4,20,TRUE,TRUE,0.25,1.25,1.25,0.5,6,6,3,6,2,1,2,527.24,3.91,68,1.497,0.112
10,30,4,20,TRUE,TRUE,0.25,1.25,1.5,0.5,6,7,3,6,2,1,2,552.51,3.91,71,1.497,0.152
10,30,4,20,FALSE,TRUE,0.25,1.5,1.25,0.5,6,4,3,7,2,1,2,1047.86,3.91,68,3,0.548
10,30,4,20,FALSE,TRUE,0.25,1.5,1.25,0.5,6,4,3,8,2,1,2,1047.86,3.91,68,3,0.548
10,30,4,20,FALSE,TRUE,0.25,1.5,1.25,0.5,6,5,3,6,2,1,2,988.68,3.91,66,3,0.515
10,30,4,20,FALSE,TRUE,0.25,1.5,1.5,0.5,6,6,3,7,2,1,2,1049.82,3.91,69,3,0.558
10,30,4,20,FALSE,TRUE,0.25,1.5,1.5,0.5,6,6,3,8,2,1,2,1049.82,3.91,69,3,0.558
10,30,4,30,TRUE,TRUE,0.25,1.25,1.25,0.5,6,4,3,6,2,1,2,519.11,3.91,64,1.497,0.096
10,30,4,30,TRUE,TRUE,0.25,1.25,1.25,0.5,6,7,3,6,2,1,2,548.39,3.91,70,1.497,0.145
10,30,4,30,FALSE,TRUE,0.25,1.25,1.5,0.5,6,4,3,6,2,1,2,977.63,3.91,63,3,0.505
10,30,4,30,FALSE,TRUE,0.25,1.25,1.5,0.5,6,7,3,6,2,1,2,1047.05,3.91,69,3,0.537
10,20,5,20,FALSE,TRUE,0.25,1.25,1.5,0.5,6,7,3,6,2,1,2,1040.6,3.91,66,3,0.523
10,20,5,30,FALSE,TRUE,0.25,1.25,1.5,0.5,6,7,3,6,2,1,2,1040.6,3.91,66,3,0.523
10,30,5,20,FALSE,TRUE,0.25,1.25,1.5,0.5,6,7,3,6,2,1,2,1040.6,3.91,66,3,0.523
10,30,5,30,TRUE,TRUE,0.25,1.25,1.25,0.5,6,7,3,7,2,1,2,594.86,3.91,70,1.497,0.206
10,30,5,30,TRUE,TRUE,0.25,1.25,1.25,0.5,6,7,3,8,2,1,2,594.86,3.91,70,1.497,0.206
10,30,5,30,FALSE,TRUE,0.25,1.25,1.5,0.5,6,7,3,6,2,1,2,1040.6,3.91,66,3,0.523
10,20,6,20,TRUE,TRUE,0.25,1,1,0.5,6,5,3,6,2,1,2,461.35,3.91,51,1.497,-0.021
10,20,6,20,TRUE,TRUE,0.25,1.25,1,0.5,6,6,3,7,2,1,2,484,3.91,55,1.497,0.032
10,20,6,20,TRUE,TRUE,0.25,1.25,1,0.5,6,6,3,8,2,1,2,484,3.91,55,1.497,0.032
10,20,6,20,TRUE,TRUE,0.25,1.5,1,0.5,6,4,3,6,2,1,2,441.63,3.91,48,1.497,-0.056
10,30,6,30,TRUE,TRUE,0.25,1.25,1,0.5,6,6,3,5,2,1,2,446.46,3.91,49,1.497,-0.05
10,30,6,30,TRUE,TRUE,0.25,1.5,1.25,0.5,6,7,3,6,2,1,2,498.74,3.91,54,1.497,0.044
10,40,6,30,TRUE,TRUE,0.25,1.25,1,0.5,6,5,3,7,2,1,2,485.21,3.91,53,1.497,0.033
10,40,6,30,TRUE,TRUE,0.25,1.25,1,0.5,6,5,3,8,2,1,2,485.21,3.91,53,1.497,0.033
15,20,4,20,FALSE,TRUE,0.25,1.25,1,0.5,6,4,3,6,2,1,2,1011.89,3.91,68,3,0.519
15,20,4,20,FALSE,TRUE,0.25,1.5,1,0.5,6,5,3,7,2,1,2,1011.06,3.91,68,3,0.528
15,20,4,20,FALSE,TRUE,0.25,1.5,1,0.5,6,5,3,8,2,1,2,1011.06,3.91,68,3,0.528
15,20,4,30,FALSE,TRUE,0.25,1,1,0.5,6,6,3,6,2,1,2,1042.44,3.91,70,3,0.54
15,20,4,30,FALSE,TRUE,0.25,1,1.25,0.5,6,6,3,6,2,1,2,1042.44,3.91,70,3,0.54
15,20,4,30,FALSE,TRUE,0.25,1,1.5,0.5,6,6,3,6,2,1,2,1042.44,3.91,70,3,0.54
15,20,4,30,FALSE,TRUE,0.25,1.25,1.5,0.5,6,5,3,7,2,1,2,996.43,3.91,67,3,0.52
15,20,4,30,FALSE,TRUE,0.25,1.25,1.5,0.5,6,5,3,8,2,1,2,996.43,3.91,67,3,0.52
15,20,4,30,FALSE,TRUE,0.25,1.25,1.5,0.5,6,6,3,7,2,1,2,996.43,3.91,67,3,0.52
15,20,4,30,FALSE,TRUE,0.25,1.25,1.5,0.5,6,6,3,8,2,1,2,996.43,3.91,67,3,0.52
15,30,4,20,TRUE,TRUE,0.25,1.25,1.25,0.5,6,7,3,6,2,1,2,556.14,3.91,72,1.297,0.157
15,30,4,20,FALSE,TRUE,0.25,1.25,1,0.5,6,4,3,6,2,1,2,1011.89,3.91,68,3,0.519
15,30,4,20,FALSE,TRUE,0.25,1.5,1,0.5,6,5,3,7,2,1,2,1011.06,3.91,68,3,0.528
15,30,4,20,FALSE,TRUE,0.25,1.5,1,0.5,6,5,3,8,2,1,2,1011.06,3.91,68,3,0.528
15,30,4,30,TRUE,TRUE,0.25,1.5,1.5,0.5,6,6,3,6,2,1,2,524.29,3.91,65,1.297,0.107
15,30,4,30,FALSE,TRUE,0.25,1,1,0.5,6,6,3,6,2,1,2,1042.44,3.91,70,3,0.54
15,30,4,30,FALSE,TRUE,0.25,1,1.25,0.5,6,6,3,6,2,1,2,1042.44,3.91,70,3,0.54
15,30,4,30,FALSE,TRUE,0.25,1,1.5,0.5,6,6,3,6,2,1,2,1042.44,3.91,70,3,0.54
15,30,4,30,FALSE,TRUE,0.25,1.25,1.5,0.5,6,5,3,7,2,1,2,996.43,3.91,67,3,0.52
15,30,4,30,FALSE,TRUE,0.25,1.25,1.5,0.5,6,5,3,8,2,1,2,996.43,3.91,67,3,0.52
15,30,4,30,FALSE,TRUE,0.25,1.25,1.5,0.5,6,6,3,7,2,1,2,996.43,3.91,67,3,0.52
15,30,4,30,FALSE,TRUE,0.25,1.25,1.5,0.5,6,6,3,8,2,1,2,996.43,3.91,67,3,0.52
15,40,4,20,FALSE,TRUE,0.25,1,1,0.5,6,4,3,7,2,1,2,1049.49,3.91,71,3,0.541
15,40,4,20,FALSE,TRUE,0.25,1,1,0.5,6,4,3,8,2,1,2,1049.49,3.91,71,3,0.541
15,40,4,20,FALSE,TRUE,0.25,1,1.25,0.5,6,4,3,7,2,1,2,1049.49,3.91,71,3,0.541
15,40,4,20,FALSE,TRUE,0.25,1,1.25,0.5,6,4,3,8,2,1,2,1049.49,3.91,71,3,0.541
15,40,4,20,FALSE,TRUE,0.25,1,1.5,0.5,6,4,3,7,2,1,2,1049.49,3.91,71,3,0.541
15,40,4,20,FALSE,TRUE,0.25,1,1.5,0.5,6,4,3,8,2,1,2,1049.49,3.91,71,3,0.541
15,40,4,20,FALSE,TRUE,0.25,1.5,1,0.5,6,6,3,6,2,1,2,1007.34,3.91,67,3,0.524
15,40,4,30,FALSE,TRUE,0.25,1.5,1.5,0.5,6,5,3,7,2,1,2,990.49,3.91,65,3,0.517
15,40,4,30,FALSE,TRUE,0.25,1.5,1.5,0.5,6,5,3,8,2,1,2,990.49,3.91,65,3,0.517
15,40,4,30,FALSE,TRUE,0.25,1.5,1.5,0.5,6,6,3,7,2,1,2,990.49,3.91,65,3,0.517
15,40,4,30,FALSE,TRUE,0.25,1.5,1.5,0.5,6,6,3,8,2,1,2,990.49,3.91,65,3,0.517
15,20,5,20,TRUE,TRUE,0.25,1.25,1.25,0.5,6,4,3,7,2,1,2,512.06,3.91,62,1.297,0.078
15,20,5,20,TRUE,TRUE,0.25,1.25,1.25,0.5,6,4,3,8,2,1,2,512.06,3.91,62,1.297,0.078
15,20,5,20,TRUE,TRUE,0.25,1.5,1,0.5,6,4,3,7,2,1,2,508.67,3.91,60,1.297,0.072
15,20,5,20,TRUE,TRUE,0.25,1.5,1,0.5,6,4,3,8,2,1,2,508.67,3.91,60,1.297,0.072
15,20,5,20,FALSE,TRUE,0.25,1,1,0.5,6,4,3,6,2,1,2,1007.39,3.91,63,3,0.496
15,20,5,20,FALSE,TRUE,0.25,1.25,1.25,0.5,6,5,3,7,2,1,2,980.11,3.91,63,3,0.493
15,20,5,20,FALSE,TRUE,0.25,1.25,1.25,0.5,6,5,3,8,2,1,2,980.11,3.91,63,3,0.493
15,20,5,20,FALSE,TRUE,0.25,1.5,1.25,0.5,6,4,3,6,2,1,2,966.51,3.91,58,3,0.478
15,20,5,20,FALSE,TRUE,0.25,1.5,1.5,0.5,6,6,3,6,2,1,2,968.48,3.91,59,3,0.488
15,20,5,30,TRUE,TRUE,0.25,1.25,1.25,0.5,6,5,3,7,2,1,2,516.42,3.91,63,1.297,0.088
15,20,5,30,TRUE,TRUE,0.25,1.25,1.25,0.5,6,5,3,8,2,1,2,516.42,3.91,63,1.297,0.088
15,20,5,30,FALSE,TRUE,0.25,1,1,0.5,6,4,3,6,2,1,2,1007.39,3.91,63,3,0.496
15,20,5,30,FALSE,TRUE,0.25,1.25,1.25,0.5,6,5,3,7,2,1,2,980.11,3.91,63,3,0.493
15,20,5,30,FALSE,TRUE,0.25,1.25,1.25,0.5,6,5,3,8,2,1,2,980.11,3.91,63,3,0.493
15,20,5,30,FALSE,TRUE,0.25,1.5,1.25,0.5,6,4,3,6,2,1,2,966.51,3.91,58,3,0.478
15,20,5,30,FALSE,TRUE,0.25,1.5,1.5,0.5,6,6,3,6,2,1,2,968.48,3.91,59,3,0.488
15,30,5,20,FALSE,TRUE,0.25,1,1,0.5,6,4,3,6,2,1,2,1007.39,3.91,63,3,0.496
15,30,5,20,FALSE,TRUE,0.25,1.25,1.25,0.5,6,5,3,7,2,1,2,980.11,3.91,63,3,0.493
15,30,5,20,FALSE,TRUE,0.25,1.25,1.25,0.5,6,5,3,8,2,1,2,980.11,3.91,63,3,0.493
15,30,5,20,FALSE,TRUE,0.25,1.5,1.25,0.5,6,4,3,6,2,1,2,966.51,3.91,58,3,0.478
15,30,5,20,FALSE,TRUE,0.25,1.5,1.5,0.5,6,6,3,6,2,1,2,968.48,3.91,59,3,0.488
15,30,5,30,TRUE,TRUE,0.25,1.25,1,0.5,6,4,3,6,2,1,2,533.94,3.91,61,1.297,0.105
15,30,5,30,TRUE,TRUE,0.25,1.25,1.25,0.5,6,4,3,6,2,1,2,534.03,3.91,61,1.297,0.108
15,30,5,30,TRUE,TRUE,0.25,1.5,1,0.5,6,4,3,7,2,1,2,533.91,3.91,60,1.297,0.108
15,30,5,30,TRUE,TRUE,0.25,1.5,1,0.5,6,4,3,8,2,1,2,533.91,3.91,60,1.297,0.108
15,30,5,30,FALSE,TRUE,0.25,1,1,0.5,6,4,3,6,2,1,2,1007.39,3.91,63,3,0.496
15,30,5,30,FALSE,TRUE,0.25,1.25,1.25,0.5,6,5,3,7,2,1,2,980.11,3.91,63,3,0.493
15,30,5,30,FALSE,TRUE,0.25,1.25,1.25,0.5,6,5,3,8,2,1,2,980.11,3.91,63,3,0.493
15,30,5,30,FALSE,TRUE,0.25,1.5,1.25,0.5,6,4,3,6,2,1,2,966.51,3.91,58,3,0.478
15,30,5,30,FALSE,TRUE,0.25,1.5,1.5,0.5,6,6,3,6,2,1,2,968.48,3.91,59,3,0.488
15,40,5,20,FALSE,TRUE,0.25,1.25,1.25,0.5,6,4,3,6,2,1,2,971.51,3.91,60,3,0.482
15,40,5,20,FALSE,TRUE,0.25,1.25,1.25,0.5,6,7,3,6,2,1,2,1040.23,3.91,65,3,0.518
15,40,5,20,FALSE,TRUE,0.25,1.25,1.5,0.5,6,6,3,6,2,1,2,976.06,3.91,61,3,0.49
15,40,5,30,FALSE,TRUE,0.25,1.25,1.25,0.5,6,4,3,6,2,1,2,971.51,3.91,60,3,0.482
15,40,5,30,FALSE,TRUE,0.25,1.25,1.25,0.5,6,7,3,6,2,1,2,1040.23,3.91,65,3,0.518
15,40,5,30,FALSE,TRUE,0.25,1.25,1.5,0.5,6,6,3,6,2,1,2,976.06,3.91,61,3,0.49
10,20,4,20,FALSE,TRUE,0.25,1,1,0.5,6,7,3,6,2,1,2,1050.53,3.9,73,3,0.547
10,20,4,30,TRUE,TRUE,0.25,1.25,1.25,0.5,6,4,3,6,2,1,2,500.06,3.9,64,1.497,0.067
10,20,4,30,FALSE,TRUE,0.25,1.25,1.25,0.5,6,5,3,7,2,1,2,1048.68,3.9,69,3,0.552
10,20,4,30,FALSE,TRUE,0.25,1.25,1.25,0.5,6,5,3,8,2,1,2,1048.68,3.9,69,3,0.552
10,20,4,30,FALSE,TRUE,0.25,1.25,1.25,0.5,6,6,3,7,2,1,2,1048.68,3.9,69,3,0.552
10,20,4,30,FALSE,TRUE,0.25,1.25,1.25,0.5,6,6,3,8,2,1,2,1048.68,3.9,69,3,0.552
10,30,4,20,FALSE,TRUE,0.25,1,1,0.5,6,7,3,6,2,1,2,1050.53,3.9,73,3,0.547
10,30,4,30,FALSE,TRUE,0.25,1.25,1.25,0.5,6,5,3,7,2,1,2,1048.68,3.9,69,3,0.552
10,30,4,30,FALSE,TRUE,0.25,1.25,1.25,0.5,6,5,3,8,2,1,2,1048.68,3.9,69,3,0.552
10,30,4,30,FALSE,TRUE,0.25,1.25,1.25,0.5,6,6,3,7,2,1,2,1048.68,3.9,69,3,0.552
10,30,4,30,FALSE,TRUE,0.25,1.25,1.25,0.5,6,6,3,8,2,1,2,1048.68,3.9,69,3,0.552
10,40,4,20,FALSE,TRUE,0.25,1.25,1.25,0.5,6,7,3,7,2,1,2,1116.76,3.9,74,3,0.579
10,40,4,20,FALSE,TRUE,0.25,1.25,1.25,0.5,6,7,3,8,2,1,2,1116.76,3.9,74,3,0.579
10,20,5,30,TRUE,TRUE,0.25,1.25,1.5,0.5,6,7,3,6,2,1,2,538.79,3.9,66,1.497,0.126
10,20,6,20,TRUE,TRUE,0.25,1.25,1.25,0.5,6,6,3,5,2,1,2,438.11,3.9,49,1.497,-0.065
10,20,6,20,TRUE,TRUE,0.25,1.25,1.5,0.5,6,6,3,5,2,1,2,438.11,3.9,49,1.497,-0.065
10,20,6,30,TRUE,TRUE,0.25,1,1,0.5,6,4,3,5,2,1,2,454.26,3.9,49,1.497,-0.036
10,20,6,30,TRUE,TRUE,0.25,1,1.25,0.5,6,4,3,5,2,1,2,453.43,3.9,49,1.497,-0.038
10,20,6,30,TRUE,TRUE,0.25,1,1.5,0.5,6,4,3,5,2,1,2,453.43,3.9,49,1.497,-0.038
10,30,6,30,TRUE,TRUE,0.25,1.5,1,0.5,6,6,3,6,2,1,2,451.99,3.9,50,1.497,-0.035
10,30,6,30,TRUE,TRUE,0.25,1.5,1,0.5,6,7,3,6,2,1,2,502.44,3.9,55,1.497,0.048
10,30,6,30,TRUE,TRUE,0.25,1.5,1.25,0.5,6,6,3,6,2,1,2,448.29,3.9,49,1.497,-0.04
10,30,6,30,TRUE,TRUE,0.25,1.5,1.5,0.5,6,7,3,6,2,1,2,496.94,3.9,54,1.497,0.041
10,40,6,30,TRUE,TRUE,0.25,1,1,0.5,6,5,3,7,2,1,2,498.58,3.9,54,1.497,0.056
10,40,6,30,TRUE,TRUE,0.25,1,1,0.5,6,5,3,8,2,1,2,498.58,3.9,54,1.497,0.056
15,20,4,20,TRUE,TRUE,0.25,1.25,1.25,0.5,6,5,3,7,2,1,2,515.34,3.9,69,1.297,0.096
15,20,4,20,TRUE,TRUE,0.25,1.25,1.25,0.5,6,5,3,8,2,1,2,515.34,3.9,69,1.297,0.096
15,20,4,20,FALSE,TRUE,0.25,1.25,1.5,0.5,6,4,3,7,2,1,2,998.51,3.9,67,3,0.517
15,20,4,20,FALSE,TRUE,0.25,1.25,1.5,0.5,6,4,3,8,2,1,2,998.51,3.9,67,3,0.517
15,20,4,30,TRUE,TRUE,0.25,1.25,1.5,0.5,6,4,3,6,2,1,2,504.42,3.9,64,1.297,0.074
15,20,4,30,FALSE,TRUE,0.25,1,1,0.5,6,5,3,6,2,1,2,1035.73,3.9,69,3,0.535
15,20,4,30,FALSE,TRUE,0.25,1,1.25,0.5,6,5,3,6,2,1,2,1035.73,3.9,69,3,0.535
15,20,4,30,FALSE,TRUE,0.25,1,1.5,0.5,6,5,3,6,2,1,2,1035.73,3.9,69,3,0.535
15,20,4,30,FALSE,TRUE,0.25,1.25,1,0.5,6,4,3,7,2,1,2,1007.65,3.9,68,3,0.518
15,20,4,30,FALSE,TRUE,0.25,1.25,1,0.5,6,4,3,8,2,1,2,1007.65,3.9,68,3,0.518
15,20,4,30,FALSE,TRUE,0.25,1.25,1.25,0.5,6,7,3,7,2,1,2,1055.84,3.9,71,3,0.541
15,20,4,30,FALSE,TRUE,0.25,1.25,1.25,0.5,6,7,3,8,2,1,2,1055.84,3.9,71,3,0.541
15,20,4,30,FALSE,TRUE,0.25,1.25,1.5,0.5,6,6,3,6,2,1,2,990.75,3.9,66,3,0.513
15,30,4,20,TRUE,TRUE,0.25,1.25,1.25,0.5,6,4,3,6,2,1,2,528.78,3.9,67,1.297,0.111
15,30,4,20,FALSE,TRUE,0.25,1.25,1.5,0.5,6,4,3,7,2,1,2,998.51,3.9,67,3,0.517
15,30,4,20,FALSE,TRUE,0.25,1.25,1.5,0.5,6,4,3,8,2,1,2,998.51,3.9,67,3,0.517
15,30,4,30,TRUE,TRUE,0.25,1,1,0.5,6,4,3,6,2,1,2,546.87,3.9,69,1.297,0.136
15,30,4,30,TRUE,TRUE,0.25,1,1.25,0.5,6,4,3,6,2,1,2,546.87,3.9,69,1.297,0.136
15,30,4,30,TRUE,TRUE,0.25,1,1.5,0.5,6,4,3,6,2,1,2,546.87,3.9,69,1.297,0.136
15,30,4,30,FALSE,TRUE,0.25,1,1,0.5,6,5,3,6,2,1,2,1035.73,3.9,69,3,0.535
15,30,4,30,FALSE,TRUE,0.25,1,1.25,0.5,6,5,3,6,2,1,2,1035.73,3.9,69,3,0.535
15,30,4,30,FALSE,TRUE,0.25,1,1.5,0.5,6,5,3,6,2,1,2,1035.73,3.9,69,3,0.535
15,30,4,30,FALSE,TRUE,0.25,1.25,1,0.5,6,4,3,7,2,1,2,1007.65,3.9,68,3,0.518
15,30,4,30,FALSE,TRUE,0.25,1.25,1,0.5,6,4,3,8,2,1,2,1007.65,3.9,68,3,0.518
15,30,4,30,FALSE,TRUE,0.25,1.25,1.25,0.5,6,7,3,7,2,1,2,1055.84,3.9,71,3,0.541
15,30,4,30,FALSE,TRUE,0.25,1.25,1.25,0.5,6,7,3,8,2,1,2,1055.84,3.9,71,3,0.541
15,30,4,30,FALSE,TRUE,0.25,1.25,1.5,0.5,6,6,3,6,2,1,2,990.75,3.9,66,3,0.513
15,40,4,20,TRUE,TRUE,0.25,1.25,1.25,0.5,6,6,3,7,2,1,2,534.2,3.9,69,1.297,0.124
15,40,4,20,TRUE,TRUE,0.25,1.25,1.25,0.5,6,6,3,8,2,1,2,534.2,3.9,69,1.297,0.124
15,40,4,20,TRUE,TRUE,0.25,1.5,1.25,0.5,6,4,3,6,2,1,2,525.34,3.9,65,1.297,0.105
15,40,4,30,TRUE,TRUE,0.25,1.5,1.25,0.5,6,4,3,7,2,1,2,525.23,3.9,65,1.297,0.105
15,40,4,30,TRUE,TRUE,0.25,1.5,1.25,0.5,6,4,3,8,2,1,2,525.23,3.9,65,1.297,0.105
15,20,5,20,TRUE,TRUE,0.25,1.25,1,0.5,6,4,3,6,2,1,2,509.07,3.9,61,1.297,0.069
15,20,5,20,FALSE,TRUE,0.25,1.25,1.25,0.5,6,5,3,6,2,1,2,974.43,3.9,62,3,0.487
15,20,5,30,TRUE,TRUE,0.25,1,1.25,0.5,6,4,3,6,2,1,2,531.33,3.9,64,1.297,0.106
15,20,5,30,TRUE,TRUE,0.25,1,1.5,0.5,6,4,3,6,2,1,2,531.33,3.9,64,1.297,0.106
15,20,5,30,FALSE,TRUE,0.25,1.25,1.25,0.5,6,5,3,6,2,1,2,974.43,3.9,62,3,0.487
15,30,5,20,FALSE,TRUE,0.25,1.25,1.25,0.5,6,5,3,6,2,1,2,974.43,3.9,62,3,0.487
15,30,5,30,FALSE,TRUE,0.25,1.25,1.25,0.5,6,5,3,6,2,1,2,974.43,3.9,62,3,0.487
15,40,5,30,TRUE,TRUE,0.25,1.25,1.25,0.5,6,6,3,6,2,1,2,536.45,3.9,62,1.297,0.114
10,20,4,20,FALSE,TRUE,0.25,1,1.25,0.5,6,7,3,6,2,1,2,1048.91,3.89,73,3,0.545
10,20,4,20,FALSE,TRUE,0.25,1,1.5,0.5,6,7,3,6,2,1,2,1048.91,3.89,73,3,0.545
10,20,4,20,FALSE,TRUE,0.25,1.25,1.25,0.5,6,4,3,7,2,1,2,1050.75,3.89,69,3,0.551
10,20,4,20,FALSE,TRUE,0.25,1.25,1.25,0.5,6,4,3,8,2,1,2,1050.75,3.89,69,3,0.551
10,20,4,20,FALSE,TRUE,0.25,1.25,1.5,0.5,6,6,3,7,2,1,2,1055.31,3.89,70,3,0.558
10,20,4,20,FALSE,TRUE,0.25,1.25,1.5,0.5,6,6,3,8,2,1,2,1055.31,3.89,70,3,0.558
10,20,4,30,FALSE,TRUE,0.25,1.5,1.25,0.5,6,4,3,7,2,1,2,1039.81,3.89,67,3,0.543
10,20,4,30,FALSE,TRUE,0.25,1.5,1.25,0.5,6,4,3,8,2,1,2,1039.81,3.89,67,3,0.543
10,30,4,20,TRUE,TRUE,0.25,1.25,1.25,0.5,6,7,3,7,2,1,2,583.25,3.89,75,1.497,0.199
10,30,4,20,TRUE,TRUE,0.25,1.25,1.25,0.5,6,7,3,8,2,1,2,583.25,3.89,75,1.497,0.199
10,30,4,20,FALSE,TRUE,0.25,1,1.25,0.5,6,7,3,6,2,1,2,1048.91,3.89,73,3,0.545
10,30,4,20,FALSE,TRUE,0.25,1,1.5,0.5,6,7,3,6,2,1,2,1048.91,3.89,73,3,0.545
10,30,4,20,FALSE,TRUE,0.25,1.25,1.25,0.5,6,4,3,7,2,1,2,1050.75,3.89,69,3,0.551
10,30,4,20,FALSE,TRUE,0.25,1.25,1.25,0.5,6,4,3,8,2,1,2,1050.75,3.89,69,3,0.551
10,30,4,20,FALSE,TRUE,0.25,1.25,1.5,0.5,6,6,3,7,2,1,2,1055.31,3.89,70,3,0.558
10,30,4,20,FALSE,TRUE,0.25,1.25,1.5,0.5,6,6,3,8,2,1,2,1055.31,3.89,70,3,0.558
10,30,4,30,FALSE,TRUE,0.25,1.5,1.25,0.5,6,4,3,7,2,1,2,1039.81,3.89,67,3,0.543
10,30,4,30,FALSE,TRUE,0.25,1.5,1.25,0.5,6,4,3,8,2,1,2,1039.81,3.89,67,3,0.543
10,20,5,20,FALSE,TRUE,0.25,1.25,1.25,0.5,6,6,3,7,2,1,2,1037.46,3.89,66,3,0.535
10,20,5,20,FALSE,TRUE,0.25,1.25,1.25,0.5,6,6,3,8,2,1,2,1037.46,3.89,66,3,0.535
10,20,5,30,FALSE,TRUE,0.25,1.25,1.25,0.5,6,6,3,7,2,1,2,1037.46,3.89,66,3,0.535
10,20,5,30,FALSE,TRUE,0.25,1.25,1.25,0.5,6,6,3,8,2,1,2,1037.46,3.89,66,3,0.535
10,30,5,20,FALSE,TRUE,0.25,1.25,1.25,0.5,6,6,3,7,2,1,2,1037.46,3.89,66,3,0.535
10,30,5,20,FALSE,TRUE,0.25,1.25,1.25,0.5,6,6,3,8,2,1,2,1037.46,3.89,66,3,0.535
10,30,5,30,FALSE,TRUE,0.25,1.25,1.25,0.5,6,6,3,7,2,1,2,1037.46,3.89,66,3,0.535
10,30,5,30,FALSE,TRUE,0.25,1.25,1.25,0.5,6,6,3,8,2,1,2,1037.46,3.89,66,3,0.535
10,40,5,20,FALSE,TRUE,0.25,1.25,1.25,0.5,6,6,3,6,2,1,2,974.28,3.89,62,3,0.493
10,40,5,20,FALSE,TRUE,0.25,1.25,1.25,0.5,6,7,3,7,2,1,2,1100.94,3.89,69,3,0.558
10,40,5,20,FALSE,TRUE,0.25,1.25,1.25,0.5,6,7,3,8,2,1,2,1100.94,3.89,69,3,0.558
10,40,5,30,FALSE,TRUE,0.25,1.25,1.25,0.5,6,6,3,6,2,1,2,974.28,3.89,62,3,0.493
10,40,5,30,FALSE,TRUE,0.25,1.25,1.25,0.5,6,7,3,7,2,1,2,1100.94,3.89,69,3,0.558
10,40,5,30,FALSE,TRUE,0.25,1.25,1.25,0.5,6,7,3,8,2,1,2,1100.94,3.89,69,3,0.558
10,20,6,20,TRUE,TRUE,0.25,1,1,0.5,6,6,3,7,2,1,2,497.16,3.89,56,1.497,0.056
10,20,6,20,TRUE,TRUE,0.25,1,1,0.5,6,6,3,8,2,1,2,497.16,3.89,56,1.497,0.056
10,20,6,20,TRUE,TRUE,0.25,1,1.25,0.5,6,6,3,7,2,1,2,496.33,3.89,56,1.497,0.054
10,20,6,20,TRUE,TRUE,0.25,1,1.25,0.5,6,6,3,8,2,1,2,496.33,3.89,56,1.497,0.054
10,20,6,20,TRUE,TRUE,0.25,1,1.5,0.5,6,6,3,7,2,1,2,496.33,3.89,56,1.497,0.054
10,20,6,20,TRUE,TRUE,0.25,1,1.5,0.5,6,6,3,8,2,1,2,496.33,3.89,56,1.497,0.054
10,20,6,30,TRUE,TRUE,0.25,1.25,1,0.5,6,4,3,5,2,1,2,436.96,3.89,47,1.497,-0.069
10,30,6,20,TRUE,TRUE,0.25,1.5,1,0.5,6,4,3,7,2,1,2,476.14,3.89,51,1.497,0.017
10,30,6,20,TRUE,TRUE,0.25,1.5,1,0.5,6,4,3,8,2,1,2,476.14,3.89,51,1.497,0.017
10,30,6,30,TRUE,TRUE,0.25,1,1,0.5,6,6,3,5,2,1,2,459.82,3.89,50,1.497,-0.025
10,30,6,30,TRUE,TRUE,0.25,1,1.25,0.5,6,6,3,5,2,1,2,459,3.89,50,1.497,-0.026
10,30,6,30,TRUE,TRUE,0.25,1,1.5,0.5,6,6,3,5,2,1,2,459,3.89,50,1.497,-0.026
10,30,6,30,TRUE,TRUE,0.25,1.5,1.5,0.5,6,6,3,6,2,1,2,446.49,3.89,49,1.497,-0.045
10,40,6,20,TRUE,TRUE,0.25,1,1,0.5,6,4,3,5,2,1,2,451.43,3.89,48,1.497,-0.043
10,40,6,20,FALSE,TRUE,0.25,1.5,1,0.5,6,5,3,7,2,1,2,811.35,3.89,51,3,0.405
10,40,6,20,FALSE,TRUE,0.25,1.5,1,0.5,6,5,3,8,2,1,2,811.35,3.89,51,3,0.405
10,40,6,30,TRUE,TRUE,0.25,1,1.25,0.5,6,5,3,7,2,1,2,497.75,3.89,54,1.497,0.055
10,40,6,30,TRUE,TRUE,0.25,1,1.25,0.5,6,5,3,8,2,1,2,497.75,3.89,54,1.497,0.055
10,40,6,30,TRUE,TRUE,0.25,1,1.5,0.5,6,5,3,7,2,1,2,497.75,3.89,54,1.497,0.055
10,40,6,30,TRUE,TRUE,0.25,1,1.5,0.5,6,5,3,8,2,1,2,497.75,3.89,54,1.497,0.055
10,40,6,30,TRUE,TRUE,0.25,1.25,1.25,0.5,6,5,3,5,2,1,2,437.54,3.89,47,1.497,-0.068
10,40,6,30,TRUE,TRUE,0.25,1.25,1.5,0.5,6,5,3,5,2,1,2,437.54,3.89,47,1.497,-0.068
10,40,6,30,FALSE,TRUE,0.25,1.5,1,0.5,6,5,3,7,2,1,2,811.35,3.89,51,3,0.405
10,40,6,30,FALSE,TRUE,0.25,1.5,1,0.5,6,5,3,8,2,1,2,811.35,3.89,51,3,0.405
15,20,4,20,TRUE,TRUE,0.25,1.5,1.5,0.5,6,5,3,7,2,1,2,510.37,3.89,67,1.297,0.088
15,20,4,20,TRUE,TRUE,0.25,1.5,1.5,0.5,6,5,3,8,2,1,2,510.37,3.89,67,1.297,0.088
15,20,4,20,FALSE,TRUE,0.25,1.25,1.5,0.5,6,7,3,7,2,1,2,1062.46,3.89,72,3,0.547
15,20,4,20,FALSE,TRUE,0.25,1.25,1.5,0.5,6,7,3,8,2,1,2,1062.46,3.89,72,3,0.547
15,20,4,20,FALSE,TRUE,0.25,1.5,1,0.5,6,5,3,6,2,1,2,1005.38,3.89,67,3,0.522
15,20,4,30,TRUE,TRUE,0.25,1.25,1.25,0.5,6,5,3,7,2,1,2,510.8,3.89,68,1.297,0.088
15,20,4,30,TRUE,TRUE,0.25,1.25,1.25,0.5,6,5,3,8,2,1,2,510.8,3.89,68,1.297,0.088
15,20,4,30,TRUE,TRUE,0.25,1.25,1.25,0.5,6,6,3,7,2,1,2,510.8,3.89,68,1.297,0.088
15,20,4,30,TRUE,TRUE,0.25,1.25,1.25,0.5,6,6,3,8,2,1,2,510.8,3.89,68,1.297,0.088
15,20,4,30,TRUE,TRUE,0.25,1.5,1.5,0.5,6,5,3,7,2,1,2,507.42,3.89,66,1.297,0.083
15,20,4,30,TRUE,TRUE,0.25,1.5,1.5,0.5,6,5,3,8,2,1,2,507.42,3.89,66,1.297,0.083
15,20,4,30,TRUE,TRUE,0.25,1.5,1.5,0.5,6,6,3,7,2,1,2,507.42,3.89,66,1.297,0.083
15,20,4,30,TRUE,TRUE,0.25,1.5,1.5,0.5,6,6,3,8,2,1,2,507.42,3.89,66,1.297,0.083
15,20,4,30,FALSE,TRUE,0.25,1,1,0.5,6,7,3,7,2,1,2,1050.47,3.89,73,3,0.545
15,20,4,30,FALSE,TRUE,0.25,1,1,0.5,6,7,3,8,2,1,2,1050.47,3.89,73,3,0.545
15,20,4,30,FALSE,TRUE,0.25,1,1.25,0.5,6,7,3,7,2,1,2,1050.47,3.89,73,3,0.545
15,20,4,30,FALSE,TRUE,0.25,1,1.25,0.5,6,7,3,8,2,1,2,1050.47,3.89,73,3,0.545
15,20,4,30,FALSE,TRUE,0.25,1,1.5,0.5,6,7,3,7,2,1,2,1050.47,3.89,73,3,0.545
15,20,4,30,FALSE,TRUE,0.25,1,1.5,0.5,6,7,3,8,2,1,2,1050.47,3.89,73,3,0.545
15,30,4,20,TRUE,TRUE,0.25,1.5,1,0.5,6,4,3,7,2,1,2,531.1,3.89,67,1.297,0.116
15,30,4,20,TRUE,TRUE,0.25,1.5,1,0.5,6,4,3,8,2,1,2,531.1,3.89,67,1.297,0.116
15,30,4,20,FALSE,TRUE,0.25,1.25,1.5,0.5,6,7,3,7,2,1,2,1062.46,3.89,72,3,0.547
15,30,4,20,FALSE,TRUE,0.25,1.25,1.5,0.5,6,7,3,8,2,1,2,1062.46,3.89,72,3,0.547
15,30,4,20,FALSE,TRUE,0.25,1.5,1,0.5,6,5,3,6,2,1,2,1005.38,3.89,67,3,0.522
15,30,4,30,TRUE,TRUE,0.25,1.25,1.25,0.5,6,4,3,7,2,1,2,527.29,3.89,67,1.297,0.109
15,30,4,30,TRUE,TRUE,0.25,1.25,1.25,0.5,6,4,3,8,2,1,2,527.29,3.89,67,1.297,0.109
15,30,4,30,TRUE,TRUE,0.25,1.5,1.5,0.5,6,5,3,6,2,1,2,521.48,3.89,64,1.297,0.102
15,30,4,30,FALSE,TRUE,0.25,1,1,0.5,6,7,3,7,2,1,2,1050.47,3.89,73,3,0.545
15,30,4,30,FALSE,TRUE,0.25,1,1,0.5,6,7,3,8,2,1,2,1050.47,3.89,73,3,0.545
15,30,4,30,FALSE,TRUE,0.25,1,1.25,0.5,6,7,3,7,2,1,2,1050.47,3.89,73,3,0.545
15,30,4,30,FALSE,TRUE,0.25,1,1.25,0.5,6,7,3,8,2,1,2,1050.47,3.89,73,3,0.545
15,30,4,30,FALSE,TRUE,0.25,1,1.5,0.5,6,7,3,7,2,1,2,1050.47,3.89,73,3,0.545
15,30,4,30,FALSE,TRUE,0.25,1,1.5,0.5,6,7,3,8,2,1,2,1050.47,3.89,73,3,0.545
15,40,4,20,FALSE,TRUE,0.25,1,1,0.5,6,4,3,6,2,1,2,1043.81,3.89,70,3,0.535
15,40,4,20,FALSE,TRUE,0.25,1,1,0.5,6,7,3,7,2,1,2,1058.09,3.89,74,3,0.549
15,40,4,20,FALSE,TRUE,0.25,1,1,0.5,6,7,3,8,2,1,2,1058.09,3.89,74,3,0.549
15,40,4,20,FALSE,TRUE,0.25,1,1.25,0.5,6,4,3,6,2,1,2,1043.81,3.89,70,3,0.535
15,40,4,20,FALSE,TRUE,0.25,1,1.25,0.5,6,7,3,7,2,1,2,1058.09,3.89,74,3,0.549
15,40,4,20,FALSE,TRUE,0.25,1,1.25,0.5,6,7,3,8,2,1,2,1058.09,3.89,74,3,0.549
15,40,4,20,FALSE,TRUE,0.25,1,1.5,0.5,6,4,3,6,2,1,2,1043.81,3.89,70,3,0.535
15,40,4,20,FALSE,TRUE,0.25,1,1.5,0.5,6,7,3,7,2,1,2,1058.09,3.89,74,3,0.549
15,40,4,20,FALSE,TRUE,0.25,1,1.5,0.5,6,7,3,8,2,1,2,1058.09,3.89,74,3,0.549
15,40,4,20,FALSE,TRUE,0.25,1.5,1.5,0.5,6,4,3,7,2,1,2,990.68,3.89,65,3,0.513
15,40,4,20,FALSE,TRUE,0.25,1.5,1.5,0.5,6,4,3,8,2,1,2,990.68,3.89,65,3,0.513
15,40,4,30,FALSE,TRUE,0.25,1.25,1.5,0.5,6,4,3,6,2,1,2,981.12,3.89,63,3,0.503
15,40,4,30,FALSE,TRUE,0.25,1.5,1.5,0.5,6,6,3,6,2,1,2,984.81,3.89,64,3,0.511
15,20,5,20,TRUE,TRUE,0.25,1.25,1.25,0.5,6,4,3,6,2,1,2,508.62,3.89,61,1.297,0.071
15,20,5,20,TRUE,TRUE,0.25,1.5,1,0.5,6,4,3,6,2,1,2,505.23,3.89,59,1.297,0.065
15,20,5,30,TRUE,TRUE,0.25,1.25,1.25,0.5,6,5,3,6,2,1,2,513.05,3.89,62,1.297,0.081
15,20,5,30,TRUE,TRUE,0.25,1.25,1.5,0.5,6,6,3,7,2,1,2,515.54,3.89,63,1.297,0.087
15,20,5,30,TRUE,TRUE,0.25,1.25,1.5,0.5,6,6,3,8,2,1,2,515.54,3.89,63,1.297,0.087
15,30,5,30,TRUE,TRUE,0.25,1.25,1.25,0.5,6,6,3,7,2,1,2,538.81,3.89,64,1.297,0.119
15,30,5,30,TRUE,TRUE,0.25,1.25,1.25,0.5,6,6,3,8,2,1,2,538.81,3.89,64,1.297,0.119
15,30,5,30,TRUE,TRUE,0.25,1.5,1,0.5,6,4,3,6,2,1,2,530.17,3.89,59,1.297,0.101
15,20,6,20,FALSE,TRUE,0.25,1.25,1,0.5,6,4,3,6,2,1,2,733.21,3.89,45,3,0.322
15,20,6,30,FALSE,TRUE,0.25,1.25,1,0.5,6,4,3,6,2,1,2,733.21,3.89,45,3,0.322
15,30,6,20,FALSE,TRUE,0.25,1.25,1,0.5,6,4,3,6,2,1,2,733.21,3.89,45,3,0.322
15,30,6,30,TRUE,TRUE,0.25,1.25,1,0.5,6,7,3,6,2,1,2,446.57,3.89,49,1.297,-0.046
15,30,6,30,FALSE,TRUE,0.25,1.25,1,0.5,6,4,3,6,2,1,2,733.21,3.89,45,3,0.322
15,40,6,20,FALSE,TRUE,0.25,1.25,1,0.5,6,4,3,6,2,1,2,733.21,3.89,45,3,0.322
15,40,6,30,FALSE,TRUE,0.25,1.25,1,0.5,6,4,3,6,2,1,2,733.21,3.89,45,3,0.322
10,20,4,20,FALSE,TRUE,0.25,1.25,1.25,0.5,6,5,3,6,2,1,2,991.58,3.88,67,3,0.516
10,20,4,30,TRUE,TRUE,0.25,1.25,1.25,0.5,6,7,3,6,2,1,2,528.58,3.88,70,1.497,0.117
10,20,4,30,FALSE,TRUE,0.25,1.5,1.25,0.5,6,6,3,6,2,1,2,980.64,3.88,65,3,0.509
10,30,4,20,FALSE,TRUE,0.25,1.25,1.25,0.5,6,5,3,6,2,1,2,991.58,3.88,67,3,0.516
10,30,4,30,FALSE,TRUE,0.25,1.5,1.25,0.5,6,6,3,6,2,1,2,980.64,3.88,65,3,0.509
10,20,5,30,TRUE,TRUE,0.25,1.25,1.25,0.5,6,6,3,6,2,1,2,510.99,3.88,63,1.497,0.079
10,20,6,20,TRUE,TRUE,0.25,1,1,0.5,6,7,3,7,2,1,2,502.56,3.88,59,1.497,0.064
10,20,6,20,TRUE,TRUE,0.25,1,1,0.5,6,7,3,8,2,1,2,502.56,3.88,59,1.497,0.064
10,20,6,20,TRUE,TRUE,0.25,1.25,1,0.5,6,7,3,5,2,1,2,449.59,3.88,53,1.497,-0.041
10,20,6,30,TRUE,TRUE,0.25,1,1.25,0.5,6,5,3,6,2,1,2,466.18,3.88,52,1.497,-0.01
10,20,6,30,TRUE,TRUE,0.25,1,1.5,0.5,6,5,3,6,2,1,2,466.18,3.88,52,1.497,-0.01
10,20,6,30,TRUE,TRUE,0.25,1.25,1.25,0.5,6,4,3,5,2,1,2,435.77,3.88,47,1.497,-0.072
10,20,6,30,TRUE,TRUE,0.25,1.25,1.5,0.5,6,4,3,5,2,1,2,435.77,3.88,47,1.497,-0.072
10,30,6,30,TRUE,TRUE,0.25,1.25,1,0.5,6,5,3,7,2,1,2,488.17,3.88,54,1.497,0.04
10,30,6,30,TRUE,TRUE,0.25,1.25,1,0.5,6,5,3,8,2,1,2,488.17,3.88,54,1.497,0.04
10,40,6,20,TRUE,TRUE,0.25,1,1.25,0.5,6,4,3,5,2,1,2,450.6,3.88,48,1.497,-0.045
10,40,6,20,TRUE,TRUE,0.25,1,1.25,0.5,6,5,3,6,2,1,2,462.84,3.88,51,1.497,-0.018
10,40,6,20,TRUE,TRUE,0.25,1,1.5,0.5,6,4,3,5,2,1,2,450.6,3.88,48,1.497,-0.045
10,40,6,20,TRUE,TRUE,0.25,1,1.5,0.5,6,5,3,6,2,1,2,462.84,3.88,51,1.497,-0.018
10,40,6,20,TRUE,TRUE,0.25,1.25,1,0.5,6,4,3,5,2,1,2,434.12,3.88,46,1.497,-0.076
15,20,4,20,TRUE,TRUE,0.25,1.25,1.25,0.5,6,5,3,6,2,1,2,511.91,3.88,68,1.297,0.089
15,20,4,20,TRUE,TRUE,0.25,1.25,1.5,0.5,6,6,3,7,2,1,2,514.23,3.88,69,1.297,0.094
15,20,4,20,TRUE,TRUE,0.25,1.25,1.5,0.5,6,6,3,8,2,1,2,514.23,3.88,69,1.297,0.094
15,20,4,20,FALSE,TRUE,0.25,1,1,0.5,6,6,3,7,2,1,2,1050.8,3.88,73,3,0.547
15,20,4,20,FALSE,TRUE,0.25,1,1,0.5,6,6,3,8,2,1,2,1050.8,3.88,73,3,0.547
15,20,4,20,FALSE,TRUE,0.25,1,1.25,0.5,6,6,3,7,2,1,2,1050.8,3.88,73,3,0.547
15,20,4,20,FALSE,TRUE,0.25,1,1.25,0.5,6,6,3,8,2,1,2,1050.8,3.88,73,3,0.547
15,20,4,20,FALSE,TRUE,0.25,1,1.5,0.5,6,6,3,7,2,1,2,1050.8,3.88,73,3,0.547
15,20,4,20,FALSE,TRUE,0.25,1,1.5,0.5,6,6,3,8,2,1,2,1050.8,3.88,73,3,0.547
15,20,4,20,FALSE,TRUE,0.25,1.25,1.5,0.5,6,4,3,6,2,1,2,992.82,3.88,66,3,0.511
15,20,4,20,FALSE,TRUE,0.25,1.25,1.5,0.5,6,7,3,6,2,1,2,1056.78,3.88,71,3,0.541
15,20,4,30,FALSE,TRUE,0.25,1.25,1.25,0.5,6,7,3,6,2,1,2,1050.15,3.88,70,3,0.536
15,20,4,30,FALSE,TRUE,0.25,1.25,1.5,0.5,6,5,3,6,2,1,2,984.04,3.88,65,3,0.508
15,20,4,30,FALSE,TRUE,0.25,1.5,1,0.5,6,5,3,7,2,1,2,1003.02,3.88,67,3,0.522
15,20,4,30,FALSE,TRUE,0.25,1.5,1,0.5,6,5,3,8,2,1,2,1003.02,3.88,67,3,0.522
15,20,4,30,FALSE,TRUE,0.25,1.5,1,0.5,6,6,3,7,2,1,2,1003.02,3.88,67,3,0.522
15,20,4,30,FALSE,TRUE,0.25,1.5,1,0.5,6,6,3,8,2,1,2,1003.02,3.88,67,3,0.522
15,20,4,30,FALSE,TRUE,0.25,1.5,1.25,0.5,6,4,3,5,2,1,2,976.86,3.88,63,3,0.499
15,30,4,20,FALSE,TRUE,0.25,1,1,0.5,6,6,3,7,2,1,2,1050.8,3.88,73,3,0.547
15,30,4,20,FALSE,TRUE,0.25,1,1,0.5,6,6,3,8,2,1,2,1050.8,3.88,73,3,0.547
15,30,4,20,FALSE,TRUE,0.25,1,1.25,0.5,6,6,3,7,2,1,2,1050.8,3.88,73,3,0.547
15,30,4,20,FALSE,TRUE,0.25,1,1.25,0.5,6,6,3,8,2,1,2,1050.8,3.88,73,3,0.547
15,30,4,20,FALSE,TRUE,0.25,1,1.5,0.5,6,6,3,7,2,1,2,1050.8,3.88,73,3,0.547
15,30,4,20,FALSE,TRUE,0.25,1,1.5,0.5,6,6,3,8,2,1,2,1050.8,3.88,73,3,0.547
15,30,4,20,FALSE,TRUE,0.25,1.25,1.5,0.5,6,4,3,6,2,1,2,992.82,3.88,66,3,0.511
15,30,4,20,FALSE,TRUE,0.25,1.25,1.5,0.5,6,7,3,6,2,1,2,1056.78,3.88,71,3,0.541
15,30,4,30,FALSE,TRUE,0.25,1.25,1.25,0.5,6,7,3,6,2,1,2,1050.15,3.88,70,3,0.536
15,30,4,30,FALSE,TRUE,0.25,1.25,1.5,0.5,6,5,3,6,2,1,2,984.04,3.88,65,3,0.508
15,30,4,30,FALSE,TRUE,0.25,1.5,1,0.5,6,5,3,7,2,1,2,1003.02,3.88,67,3,0.522
15,30,4,30,FALSE,TRUE,0.25,1.5,1,0.5,6,5,3,8,2,1,2,1003.02,3.88,67,3,0.522
15,30,4,30,FALSE,TRUE,0.25,1.5,1,0.5,6,6,3,7,2,1,2,1003.02,3.88,67,3,0.522
15,30,4,30,FALSE,TRUE,0.25,1.5,1,0.5,6,6,3,8,2,1,2,1003.02,3.88,67,3,0.522
15,30,4,30,FALSE,TRUE,0.25,1.5,1.25,0.5,6,4,3,5,2,1,2,976.86,3.88,63,3,0.499
15,40,4,20,TRUE,TRUE,0.25,1.25,1.25,0.5,6,6,3,6,2,1,2,530.43,3.88,68,1.297,0.116
15,40,4,20,FALSE,TRUE,0.25,1.25,1.25,0.5,6,5,3,7,2,1,2,1000.76,3.88,68,3,0.521
15,40,4,20,FALSE,TRUE,0.25,1.25,1.25,0.5,6,5,3,8,2,1,2,1000.76,3.88,68,3,0.521
15,40,4,20,FALSE,TRUE,0.25,1.5,1,0.5,6,4,3,7,2,1,2,998.97,3.88,66,3,0.515
15,40,4,20,FALSE,TRUE,0.25,1.5,1,0.5,6,4,3,8,2,1,2,998.97,3.88,66,3,0.515
15,40,4,30,TRUE,TRUE,0.25,1.25,1.25,0.5,6,4,3,6,2,1,2,522.12,3.88,64,1.297,0.099
15,20,5,20,FALSE,TRUE,0.25,1.25,1,0.5,6,4,3,6,2,1,2,971.59,3.88,61,3,0.473
15,20,5,20,FALSE,TRUE,0.25,1.25,1.25,0.5,6,7,3,7,2,1,2,1040.98,3.88,67,3,0.519
15,20,5,20,FALSE,TRUE,0.25,1.25,1.25,0.5,6,7,3,8,2,1,2,1040.98,3.88,67,3,0.519
15,20,5,30,TRUE,TRUE,0.25,1.25,1,0.5,6,4,3,7,2,1,2,516.81,3.88,63,1.297,0.084
15,20,5,30,TRUE,TRUE,0.25,1.25,1,0.5,6,4,3,8,2,1,2,516.81,3.88,63,1.297,0.084
15,20,5,30,FALSE,TRUE,0.25,1.25,1,0.5,6,4,3,6,2,1,2,971.59,3.88,61,3,0.473
15,20,5,30,FALSE,TRUE,0.25,1.25,1.25,0.5,6,7,3,7,2,1,2,1040.98,3.88,67,3,0.519
15,20,5,30,FALSE,TRUE,0.25,1.25,1.25,0.5,6,7,3,8,2,1,2,1040.98,3.88,67,3,0.519
15,30,5,20,FALSE,TRUE,0.25,1.25,1,0.5,6,4,3,6,2,1,2,971.59,3.88,61,3,0.473
15,30,5,20,FALSE,TRUE,0.25,1.25,1.25,0.5,6,7,3,7,2,1,2,1040.98,3.88,67,3,0.519
15,30,5,20,FALSE,TRUE,0.25,1.25,1.25,0.5,6,7,3,8,2,1,2,1040.98,3.88,67,3,0.519
15,30,5,30,FALSE,TRUE,0.25,1.25,1,0.5,6,4,3,6,2,1,2,971.59,3.88,61,3,0.473
15,30,5,30,FALSE,TRUE,0.25,1.25,1.25,0.5,6,7,3,7,2,1,2,1040.98,3.88,67,3,0.519
15,30,5,30,FALSE,TRUE,0.25,1.25,1.25,0.5,6,7,3,8,2,1,2,1040.98,3.88,67,3,0.519
15,20,6,20,TRUE,TRUE,0.25,1.25,1.25,0.5,6,7,3,7,2,1,2,445.55,3.88,51,1.297,-0.045
15,20,6,20,TRUE,TRUE,0.25,1.25,1.25,0.5,6,7,3,8,2,1,2,445.55,3.88,51,1.297,-0.045
15,20,6,20,TRUE,TRUE,0.25,1.25,1.5,0.5,6,7,3,7,2,1,2,445.55,3.88,51,1.297,-0.045
15,20,6,20,TRUE,TRUE,0.25,1.25,1.5,0.5,6,7,3,8,2,1,2,445.55,3.88,51,1.297,-0.045
10,20,4,20,TRUE,TRUE,0.25,1.25,1.5,0.5,6,7,3,6,2,1,2,531.94,3.87,71,1.497,0.123
10,20,4,20,FALSE,TRUE,0.25,1.5,1.25,0.5,6,4,3,6,2,1,2,980.83,3.87,65,3,0.506
10,20,4,30,FALSE,TRUE,0.25,1,1,0.5,6,4,3,7,2,1,2,1092.45,3.87,72,3,0.571
10,20,4,30,FALSE,TRUE,0.25,1,1,0.5,6,4,3,8,2,1,2,1092.45,3.87,72,3,0.571
10,30,4,20,FALSE,TRUE,0.25,1.5,1.25,0.5,6,4,3,6,2,1,2,980.83,3.87,65,3,0.506
10,30,4,30,FALSE,TRUE,0.25,1,1,0.5,6,4,3,7,2,1,2,1092.45,3.87,72,3,0.571
10,30,4,30,FALSE,TRUE,0.25,1,1,0.5,6,4,3,8,2,1,2,1092.45,3.87,72,3,0.571
10,20,5,20,TRUE,TRUE,0.25,1.25,1.25,0.5,6,7,3,6,2,1,2,535.34,3.87,67,1.497,0.12
10,20,5,30,TRUE,TRUE,0.25,1.25,1.25,0.5,6,7,3,7,2,1,2,569.05,3.87,70,1.497,0.173
10,20,5,30,TRUE,TRUE,0.25,1.25,1.25,0.5,6,7,3,8,2,1,2,569.05,3.87,70,1.497,0.173
10,20,6,20,TRUE,TRUE,0.25,1,1.25,0.5,6,7,3,7,2,1,2,501.73,3.87,59,1.497,0.062
10,20,6,20,TRUE,TRUE,0.25,1,1.25,0.5,6,7,3,8,2,1,2,501.73,3.87,59,1.497,0.062
10,20,6,20,TRUE,TRUE,0.25,1,1.5,0.5,6,7,3,7,2,1,2,501.73,3.87,59,1.497,0.062
10,20,6,20,TRUE,TRUE,0.25,1,1.5,0.5,6,7,3,8,2,1,2,501.73,3.87,59,1.497,0.062
10,20,6,20,FALSE,TRUE,0.25,1,1,0.5,6,6,3,5,2,1,2,771.98,3.87,50,3,0.359
10,20,6,20,FALSE,TRUE,0.25,1,1,0.5,6,7,3,5,2,1,2,791.61,3.87,54,3,0.378
10,20,6,20,FALSE,TRUE,0.25,1,1.25,0.5,6,7,3,5,2,1,2,789.98,3.87,54,3,0.376
10,20,6,20,FALSE,TRUE,0.25,1,1.5,0.5,6,7,3,5,2,1,2,789.98,3.87,54,3,0.376
10,20,6,20,FALSE,TRUE,0.25,1.5,1.25,0.5,6,5,3,7,2,1,2,807.62,3.87,51,3,0.408
10,20,6,20,FALSE,TRUE,0.25,1.5,1.25,0.5,6,5,3,8,2,1,2,807.62,3.87,51,3,0.408
10,20,6,30,FALSE,TRUE,0.25,1,1,0.5,6,6,3,5,2,1,2,771.98,3.87,50,3,0.359
10,20,6,30,FALSE,TRUE,0.25,1,1,0.5,6,7,3,5,2,1,2,791.61,3.87,54,3,0.378
10,20,6,30,FALSE,TRUE,0.25,1,1.25,0.5,6,7,3,5,2,1,2,789.98,3.87,54,3,0.376
10,20,6,30,FALSE,TRUE,0.25,1,1.5,0.5,6,7,3,5,2,1,2,789.98,3.87,54,3,0.376
10,20,6,30,FALSE,TRUE,0.25,1.5,1.25,0.5,6,5,3,7,2,1,2,807.62,3.87,51,3,0.408
10,20,6,30,FALSE,TRUE,0.25,1.5,1.25,0.5,6,5,3,8,2,1,2,807.62,3.87,51,3,0.408
10,30,6,20,FALSE,TRUE,0.25,1,1,0.5,6,6,3,5,2,1,2,771.98,3.87,50,3,0.359
10,30,6,20,FALSE,TRUE,0.25,1,1,0.5,6,7,3,5,2,1,2,791.61,3.87,54,3,0.378
10,30,6,20,FALSE,TRUE,0.25,1,1.25,0.5,6,7,3,5,2,1,2,789.98,3.87,54,3,0.376
10,30,6,20,FALSE,TRUE,0.25,1,1.5,0.5,6,7,3,5,2,1,2,789.98,3.87,54,3,0.376
10,30,6,20,FALSE,TRUE,0.25,1.5,1.25,0.5,6,5,3,7,2,1,2,807.62,3.87,51,3,0.408
10,30,6,20,FALSE,TRUE,0.25,1.5,1.25,0.5,6,5,3,8,2,1,2,807.62,3.87,51,3,0.408
10,30,6,30,TRUE,TRUE,0.25,1,1,0.5,6,5,3,7,2,1,2,501.54,3.87,55,1.497,0.063
10,30,6,30,TRUE,TRUE,0.25,1,1,0.5,6,5,3,8,2,1,2,501.54,3.87,55,1.497,0.063
10,30,6,30,FALSE,TRUE,0.25,1,1,0.5,6,6,3,5,2,1,2,771.98,3.87,50,3,0.359
10,30,6,30,FALSE,TRUE,0.25,1,1,0.5,6,7,3,5,2,1,2,791.61,3.87,54,3,0.378
10,30,6,30,FALSE,TRUE,0.25,1,1.25,0.5,6,7,3,5,2,1,2,789.98,3.87,54,3,0.376
10,30,6,30,FALSE,TRUE,0.25,1,1.5,0.5,6,7,3,5,2,1,2,789.98,3.87,54,3,0.376
10,30,6,30,FALSE,TRUE,0.25,1.5,1.25,0.5,6,5,3,7,2,1,2,807.62,3.87,51,3,0.408
10,30,6,30,FALSE,TRUE,0.25,1.5,1.25,0.5,6,5,3,8,2,1,2,807.62,3.87,51,3,0.408
10,40,6,20,TRUE,TRUE,0.25,1.25,1.25,0.5,6,4,3,5,2,1,2,432.93,3.87,46,1.497,-0.078
10,40,6,20,TRUE,TRUE,0.25,1.25,1.5,0.5,6,4,3,5,2,1,2,432.93,3.87,46,1.497,-0.078
10,40,6,20,FALSE,TRUE,0.25,1,1,0.5,6,7,3,5,2,1,2,790.52,3.87,54,3,0.377
10,40,6,30,TRUE,TRUE,0.25,1.5,1,0.5,6,4,3,7,2,1,2,473.01,3.87,50,1.497,0.01
10,40,6,30,TRUE,TRUE,0.25,1.5,1,0.5,6,4,3,8,2,1,2,473.01,3.87,50,1.497,0.01
10,40,6,30,FALSE,TRUE,0.25,1,1,0.5,6,7,3,5,2,1,2,790.52,3.87,54,3,0.377
15,20,4,20,TRUE,TRUE,0.25,1.5,1.5,0.5,6,5,3,6,2,1,2,506.94,3.87,66,1.297,0.081
15,20,4,30,TRUE,TRUE,0.25,1,1,0.5,6,4,3,7,2,1,2,531.62,3.87,71,1.297,0.117
15,20,4,30,TRUE,TRUE,0.25,1,1,0.5,6,4,3,8,2,1,2,531.62,3.87,71,1.297,0.117
15,20,4,30,TRUE,TRUE,0.25,1,1.25,0.5,6,4,3,7,2,1,2,531.62,3.87,71,1.297,0.117
15,20,4,30,TRUE,TRUE,0.25,1,1.25,0.5,6,4,3,8,2,1,2,531.62,3.87,71,1.297,0.117
15,20,4,30,TRUE,TRUE,0.25,1,1.5,0.5,6,4,3,7,2,1,2,531.62,3.87,71,1.297,0.117
15,20,4,30,TRUE,TRUE,0.25,1,1.5,0.5,6,4,3,8,2,1,2,531.62,3.87,71,1.297,0.117
15,20,4,30,TRUE,TRUE,0.25,1.25,1.25,0.5,6,6,3,6,2,1,2,507.43,3.87,67,1.297,0.081
15,20,4,30,TRUE,TRUE,0.25,1.5,1.5,0.5,6,6,3,6,2,1,2,504.05,3.87,65,1.297,0.076
15,20,4,30,FALSE,TRUE,0.25,1,1,0.5,6,7,3,6,2,1,2,1044.79,3.87,72,3,0.539
15,20,4,30,FALSE,TRUE,0.25,1,1.25,0.5,6,7,3,6,2,1,2,1044.79,3.87,72,3,0.539
15,20,4,30,FALSE,TRUE,0.25,1,1.5,0.5,6,7,3,6,2,1,2,1044.79,3.87,72,3,0.539
15,20,4,30,FALSE,TRUE,0.25,1.25,1.5,0.5,6,4,3,7,2,1,2,988.58,3.87,66,3,0.51
15,20,4,30,FALSE,TRUE,0.25,1.25,1.5,0.5,6,4,3,8,2,1,2,988.58,3.87,66,3,0.51
15,20,4,30,FALSE,TRUE,0.25,1.5,1,0.5,6,6,3,6,2,1,2,997.34,3.87,66,3,0.516
15,30,4,20,TRUE,TRUE,0.25,1.25,1.25,0.5,6,6,3,7,2,1,2,532.47,3.87,70,1.297,0.121
15,30,4,20,TRUE,TRUE,0.25,1.25,1.25,0.5,6,6,3,8,2,1,2,532.47,3.87,70,1.297,0.121
15,30,4,20,TRUE,TRUE,0.25,1.5,1,0.5,6,4,3,6,2,1,2,527.51,3.87,66,1.297,0.11
15,30,4,20,TRUE,TRUE,0.25,1.5,1.5,0.5,6,4,3,7,2,1,2,525.66,3.87,66,1.297,0.108
15,30,4,20,TRUE,TRUE,0.25,1.5,1.5,0.5,6,4,3,8,2,1,2,525.66,3.87,66,1.297,0.108
15,30,4,30,TRUE,TRUE,0.25,1.5,1,0.5,6,4,3,7,2,1,2,527.78,3.87,66,1.297,0.111
15,30,4,30,TRUE,TRUE,0.25,1.5,1,0.5,6,4,3,8,2,1,2,527.78,3.87,66,1.297,0.111
15,30,4,30,FALSE,TRUE,0.25,1,1,0.5,6,7,3,6,2,1,2,1044.79,3.87,72,3,0.539
15,30,4,30,FALSE,TRUE,0.25,1,1.25,0.5,6,7,3,6,2,1,2,1044.79,3.87,72,3,0.539
15,30,4,30,FALSE,TRUE,0.25,1,1.5,0.5,6,7,3,6,2,1,2,1044.79,3.87,72,3,0.539
15,30,4,30,FALSE,TRUE,0.25,1.25,1.5,0.5,6,4,3,7,2,1,2,988.58,3.87,66,3,0.51
15,30,4,30,FALSE,TRUE,0.25,1.25,1.5,0.5,6,4,3,8,2,1,2,988.58,3.87,66,3,0.51
15,30,4,30,FALSE,TRUE,0.25,1.5,1,0.5,6,6,3,6,2,1,2,997.34,3.87,66,3,0.516
15,40,4,20,TRUE,TRUE,0.25,1.5,1.25,0.5,6,6,3,7,2,1,2,529.2,3.87,68,1.297,0.115
15,40,4,20,TRUE,TRUE,0.25,1.5,1.25,0.5,6,6,3,8,2,1,2,529.2,3.87,68,1.297,0.115
15,40,4,20,FALSE,TRUE,0.25,1,1,0.5,6,7,3,6,2,1,2,1052.4,3.87,73,3,0.543
15,40,4,20,FALSE,TRUE,0.25,1,1.25,0.5,6,7,3,6,2,1,2,1052.4,3.87,73,3,0.543
15,40,4,20,FALSE,TRUE,0.25,1,1.5,0.5,6,7,3,6,2,1,2,1052.4,3.87,73,3,0.543
15,40,4,20,FALSE,TRUE,0.25,1.5,1,0.5,6,4,3,6,2,1,2,993.29,3.87,65,3,0.509
15,40,4,20,FALSE,TRUE,0.25,1.5,1.5,0.5,6,4,3,6,2,1,2,984.99,3.87,64,3,0.507
15,40,4,30,FALSE,TRUE,0.25,1.5,1.5,0.5,6,4,3,7,2,1,2,982.64,3.87,64,3,0.507
15,40,4,30,FALSE,TRUE,0.25,1.5,1.5,0.5,6,4,3,8,2,1,2,982.64,3.87,64,3,0.507
15,40,4,30,FALSE,TRUE,0.25,1.5,1.5,0.5,6,5,3,6,2,1,2,978.1,3.87,63,3,0.505
15,20,5,20,FALSE,TRUE,0.25,1.25,1.25,0.5,6,4,3,7,2,1,2,972.26,3.87,62,3,0.484
15,20,5,20,FALSE,TRUE,0.25,1.25,1.25,0.5,6,4,3,8,2,1,2,972.26,3.87,62,3,0.484
15,20,5,20,FALSE,TRUE,0.25,1.25,1.5,0.5,6,6,3,7,2,1,2,976.81,3.87,63,3,0.492
15,20,5,20,FALSE,TRUE,0.25,1.25,1.5,0.5,6,6,3,8,2,1,2,976.81,3.87,63,3,0.492
15,20,5,30,TRUE,TRUE,0.25,1,1,0.5,6,4,3,6,2,1,2,524.96,3.87,63,1.297,0.094
15,20,5,30,TRUE,TRUE,0.25,1.25,1.25,0.5,6,7,3,7,2,1,2,540.18,3.87,67,1.297,0.127
15,20,5,30,TRUE,TRUE,0.25,1.25,1.25,0.5,6,7,3,8,2,1,2,540.18,3.87,67,1.297,0.127
15,20,5,30,TRUE,TRUE,0.25,1.25,1.5,0.5,6,6,3,6,2,1,2,512.18,3.87,62,1.297,0.08
15,20,5,30,FALSE,TRUE,0.25,1.25,1.25,0.5,6,4,3,7,2,1,2,972.26,3.87,62,3,0.484
15,20,5,30,FALSE,TRUE,0.25,1.25,1.25,0.5,6,4,3,8,2,1,2,972.26,3.87,62,3,0.484
15,20,5,30,FALSE,TRUE,0.25,1.25,1.5,0.5,6,6,3,7,2,1,2,976.81,3.87,63,3,0.492
15,20,5,30,FALSE,TRUE,0.25,1.25,1.5,0.5,6,6,3,8,2,1,2,976.81,3.87,63,3,0.492
15,30,5,20,FALSE,TRUE,0.25,1.25,1.25,0.5,6,4,3,7,2,1,2,972.26,3.87,62,3,0.484
15,30,5,20,FALSE,TRUE,0.25,1.25,1.25,0.5,6,4,3,8,2,1,2,972.26,3.87,62,3,0.484
15,30,5,20,FALSE,TRUE,0.25,1.25,1.5,0.5,6,6,3,7,2,1,2,976.81,3.87,63,3,0.492
15,30,5,20,FALSE,TRUE,0.25,1.25,1.5,0.5,6,6,3,8,2,1,2,976.81,3.87,63,3,0.492
15,30,5,30,TRUE,TRUE,0.25,1.25,1.25,0.5,6,6,3,6,2,1,2,535.07,3.87,63,1.297,0.112
15,30,5,30,FALSE,TRUE,0.25,1.25,1.25,0.5,6,4,3,7,2,1,2,972.26,3.87,62,3,0.484
15,30,5,30,FALSE,TRUE,0.25,1.25,1.25,0.5,6,4,3,8,2,1,2,972.26,3.87,62,3,0.484
15,30,5,30,FALSE,TRUE,0.25,1.25,1.5,0.5,6,6,3,7,2,1,2,976.81,3.87,63,3,0.492
15,30,5,30,FALSE,TRUE,0.25,1.25,1.5,0.5,6,6,3,8,2,1,2,976.81,3.87,63,3,0.492
15,40,6,30,TRUE,TRUE,0.25,1.25,1,0.5,6,7,3,6,2,1,2,445.97,3.87,49,1.297,-0.048
10,20,4,20,TRUE,TRUE,0.25,1.25,1.25,0.5,6,6,3,6,2,1,2,506.68,3.86,68,1.497,0.081
10,20,4,20,FALSE,TRUE,0.25,1.5,1.5,0.5,6,6,3,6,2,1,2,982.8,3.86,66,3,0.516
10,20,4,30,FALSE,TRUE,0.25,1,1.25,0.5,6,4,3,7,2,1,2,1090.82,3.86,72,3,0.569
10,20,4,30,FALSE,TRUE,0.25,1,1.25,0.5,6,4,3,8,2,1,2,1090.82,3.86,72,3,0.569
10,20,4,30,FALSE,TRUE,0.25,1,1.5,0.5,6,4,3,7,2,1,2,1090.82,3.86,72,3,0.569
10,20,4,30,FALSE,TRUE,0.25,1,1.5,0.5,6,4,3,8,2,1,2,1090.82,3.86,72,3,0.569
10,20,4,30,FALSE,TRUE,0.25,1.25,1.25,0.5,6,4,3,7,2,1,2,1040.83,3.86,68,3,0.544
10,20,4,30,FALSE,TRUE,0.25,1.25,1.25,0.5,6,4,3,8,2,1,2,1040.83,3.86,68,3,0.544
10,20,4,30,FALSE,TRUE,0.25,1.5,1.25,0.5,6,5,3,6,2,1,2,973.93,3.86,64,3,0.504
10,30,4,20,FALSE,TRUE,0.25,1.5,1.5,0.5,6,6,3,6,2,1,2,982.8,3.86,66,3,0.516
10,30,4,30,FALSE,TRUE,0.25,1,1.25,0.5,6,4,3,7,2,1,2,1090.82,3.86,72,3,0.569
10,30,4,30,FALSE,TRUE,0.25,1,1.25,0.5,6,4,3,8,2,1,2,1090.82,3.86,72,3,0.569
10,30,4,30,FALSE,TRUE,0.25,1,1.5,0.5,6,4,3,7,2,1,2,1090.82,3.86,72,3,0.569
10,30,4,30,FALSE,TRUE,0.25,1,1.5,0.5,6,4,3,8,2,1,2,1090.82,3.86,72,3,0.569
10,30,4,30,FALSE,TRUE,0.25,1.25,1.25,0.5,6,4,3,7,2,1,2,1040.83,3.86,68,3,0.544
10,30,4,30,FALSE,TRUE,0.25,1.25,1.25,0.5,6,4,3,8,2,1,2,1040.83,3.86,68,3,0.544
10,30,4,30,FALSE,TRUE,0.25,1.5,1.25,0.5,6,5,3,6,2,1,2,973.93,3.86,64,3,0.504
10,40,4,20,FALSE,TRUE,0.25,1.25,1.25,0.5,6,7,3,6,2,1,2,1049.73,3.86,71,3,0.54
10,20,6,20,TRUE,TRUE,0.25,1.25,1.25,0.5,6,5,3,7,2,1,2,478.21,3.86,54,1.497,0.022
10,20,6,20,TRUE,TRUE,0.25,1.25,1.25,0.5,6,5,3,8,2,1,2,478.21,3.86,54,1.497,0.022
10,20,6,20,TRUE,TRUE,0.25,1.25,1.5,0.5,6,5,3,7,2,1,2,478.21,3.86,54,1.497,0.022
10,20,6,20,TRUE,TRUE,0.25,1.25,1.5,0.5,6,5,3,8,2,1,2,478.21,3.86,54,1.497,0.022
10,20,6,20,FALSE,TRUE,0.25,1,1.25,0.5,6,6,3,5,2,1,2,770.35,3.86,50,3,0.357
10,20,6,20,FALSE,TRUE,0.25,1,1.5,0.5,6,6,3,5,2,1,2,770.35,3.86,50,3,0.357
10,20,6,20,FALSE,TRUE,0.25,1.25,1,0.5,6,6,3,5,2,1,2,744.24,3.86,49,3,0.333
10,20,6,20,FALSE,TRUE,0.25,1.5,1,0.5,6,5,3,6,2,1,2,751.57,3.86,49,3,0.343
10,20,6,20,FALSE,TRUE,0.25,1.5,1.5,0.5,6,5,3,7,2,1,2,805.03,3.86,51,3,0.408
10,20,6,20,FALSE,TRUE,0.25,1.5,1.5,0.5,6,5,3,8,2,1,2,805.03,3.86,51,3,0.408
10,20,6,30,FALSE,TRUE,0.25,1,1.25,0.5,6,6,3,5,2,1,2,770.35,3.86,50,3,0.357
10,20,6,30,FALSE,TRUE,0.25,1,1.5,0.5,6,6,3,5,2,1,2,770.35,3.86,50,3,0.357
10,20,6,30,FALSE,TRUE,0.25,1.25,1,0.5,6,6,3,5,2,1,2,744.24,3.86,49,3,0.333
10,20,6,30,FALSE,TRUE,0.25,1.5,1,0.5,6,5,3,6,2,1,2,751.57,3.86,49,3,0.343
10,20,6,30,FALSE,TRUE,0.25,1.5,1.5,0.5,6,5,3,7,2,1,2,805.03,3.86,51,3,0.408
10,20,6,30,FALSE,TRUE,0.25,1.5,1.5,0.5,6,5,3,8,2,1,2,805.03,3.86,51,3,0.408
10,30,6,20,TRUE,TRUE,0.25,1,1,0.5,6,4,3,5,2,1,2,454.56,3.86,49,1.497,-0.036
10,30,6,20,FALSE,TRUE,0.25,1,1.25,0.5,6,6,3,5,2,1,2,770.35,3.86,50,3,0.357
10,30,6,20,FALSE,TRUE,0.25,1,1.5,0.5,6,6,3,5,2,1,2,770.35,3.86,50,3,0.357
10,30,6,20,FALSE,TRUE,0.25,1.25,1,0.5,6,6,3,5,2,1,2,744.24,3.86,49,3,0.333
10,30,6,20,FALSE,TRUE,0.25,1.5,1,0.5,6,5,3,6,2,1,2,751.57,3.86,49,3,0.343
10,30,6,20,FALSE,TRUE,0.25,1.5,1.5,0.5,6,5,3,7,2,1,2,805.03,3.86,51,3,0.408
10,30,6,20,FALSE,TRUE,0.25,1.5,1.5,0.5,6,5,3,8,2,1,2,805.03,3.86,51,3,0.408
10,30,6,30,TRUE,TRUE,0.25,1,1.25,0.5,6,5,3,7,2,1,2,500.71,3.86,55,1.497,0.061
10,30,6,30,TRUE,TRUE,0.25,1,1.25,0.5,6,5,3,8,2,1,2,500.71,3.86,55,1.497,0.061
10,30,6,30,TRUE,TRUE,0.25,1,1.5,0.5,6,5,3,7,2,1,2,500.71,3.86,55,1.497,0.061
10,30,6,30,TRUE,TRUE,0.25,1,1.5,0.5,6,5,3,8,2,1,2,500.71,3.86,55,1.497,0.061
10,30,6,30,TRUE,TRUE,0.25,1.25,1.25,0.5,6,5,3,5,2,1,2,440.67,3.86,48,1.497,-0.06
10,30,6,30,TRUE,TRUE,0.25,1.25,1.5,0.5,6,5,3,5,2,1,2,440.67,3.86,48,1.497,-0.06
10,30,6,30,FALSE,TRUE,0.25,1,1.25,0.5,6,6,3,5,2,1,2,770.35,3.86,50,3,0.357
10,30,6,30,FALSE,TRUE,0.25,1,1.5,0.5,6,6,3,5,2,1,2,770.35,3.86,50,3,0.357
10,30,6,30,FALSE,TRUE,0.25,1.25,1,0.5,6,6,3,5,2,1,2,744.24,3.86,49,3,0.333
10,30,6,30,FALSE,TRUE,0.25,1.5,1,0.5,6,5,3,6,2,1,2,751.57,3.86,49,3,0.343
10,30,6,30,FALSE,TRUE,0.25,1.5,1.5,0.5,6,5,3,7,2,1,2,805.03,3.86,51,3,0.408
10,30,6,30,FALSE,TRUE,0.25,1.5,1.5,0.5,6,5,3,8,2,1,2,805.03,3.86,51,3,0.408
10,40,6,20,TRUE,TRUE,0.25,1.25,1,0.5,6,5,3,6,2,1,2,444.06,3.86,49,1.497,-0.054
10,40,6,20,TRUE,TRUE,0.25,1.25,1,0.5,6,6,3,7,2,1,2,483.52,3.86,55,1.497,0.031
10,40,6,20,TRUE,TRUE,0.25,1.25,1,0.5,6,6,3,8,2,1,2,483.52,3.86,55,1.497,0.031
10,40,6,20,FALSE,TRUE,0.25,1,1,0.5,6,6,3,5,2,1,2,770.89,3.86,50,3,0.358
10,40,6,20,FALSE,TRUE,0.25,1,1.25,0.5,6,6,3,5,2,1,2,769.26,3.86,50,3,0.356
10,40,6,20,FALSE,TRUE,0.25,1,1.25,0.5,6,7,3,5,2,1,2,788.89,3.86,54,3,0.375
10,40,6,20,FALSE,TRUE,0.25,1,1.5,0.5,6,6,3,5,2,1,2,769.26,3.86,50,3,0.356
10,40,6,20,FALSE,TRUE,0.25,1,1.5,0.5,6,7,3,5,2,1,2,788.89,3.86,54,3,0.375
10,40,6,30,FALSE,TRUE,0.25,1,1,0.5,6,6,3,5,2,1,2,770.89,3.86,50,3,0.358
10,40,6,30,FALSE,TRUE,0.25,1,1.25,0.5,6,6,3,5,2,1,2,769.26,3.86,50,3,0.356
10,40,6,30,FALSE,TRUE,0.25,1,1.25,0.5,6,7,3,5,2,1,2,788.89,3.86,54,3,0.375
10,40,6,30,FALSE,TRUE,0.25,1,1.5,0.5,6,6,3,5,2,1,2,769.26,3.86,50,3,0.356
10,40,6,30,FALSE,TRUE,0.25,1,1.5,0.5,6,7,3,5,2,1,2,788.89,3.86,54,3,0.375
15,20,4,20,TRUE,TRUE,0.25,1.25,1.5,0.5,6,6,3,6,2,1,2,510.79,3.86,68,1.297,0.088
15,20,4,20,FALSE,TRUE,0.25,1,1,0.5,6,4,3,7,2,1,2,1044.55,3.86,72,3,0.538
15,20,4,20,FALSE,TRUE,0.25,1,1,0.5,6,4,3,8,2,1,2,1044.55,3.86,72,3,0.538
15,20,4,20,FALSE,TRUE,0.25,1,1,0.5,6,6,3,6,2,1,2,1045.11,3.86,72,3,0.541
15,20,4,20,FALSE,TRUE,0.25,1,1.25,0.5,6,4,3,7,2,1,2,1044.55,3.86,72,3,0.538
15,20,4,20,FALSE,TRUE,0.25,1,1.25,0.5,6,4,3,8,2,1,2,1044.55,3.86,72,3,0.538
15,20,4,20,FALSE,TRUE,0.25,1,1.25,0.5,6,6,3,6,2,1,2,1045.11,3.86,72,3,0.541
15,20,4,20,FALSE,TRUE,0.25,1,1.5,0.5,6,4,3,7,2,1,2,1044.55,3.86,72,3,0.538
15,20,4,20,FALSE,TRUE,0.25,1,1.5,0.5,6,4,3,8,2,1,2,1044.55,3.86,72,3,0.538
15,20,4,20,FALSE,TRUE,0.25,1,1.5,0.5,6,6,3,6,2,1,2,1045.11,3.86,72,3,0.541
15,20,4,20,FALSE,TRUE,0.25,1.5,1.25,0.5,6,7,3,7,2,1,2,1121.58,3.86,73,3,0.568
15,20,4,20,FALSE,TRUE,0.25,1.5,1.25,0.5,6,7,3,8,2,1,2,1121.58,3.86,73,3,0.568
15,20,4,30,TRUE,TRUE,0.25,1.5,1.5,0.5,6,5,3,6,2,1,2,501.25,3.86,64,1.297,0.071
15,20,4,30,FALSE,TRUE,0.25,1.25,1,0.5,6,4,3,6,2,1,2,995.25,3.86,66,3,0.507
15,30,4,20,FALSE,TRUE,0.25,1,1,0.5,6,4,3,7,2,1,2,1044.55,3.86,72,3,0.538
15,30,4,20,FALSE,TRUE,0.25,1,1,0.5,6,4,3,8,2,1,2,1044.55,3.86,72,3,0.538
15,30,4,20,FALSE,TRUE,0.25,1,1,0.5,6,6,3,6,2,1,2,1045.11,3.86,72,3,0.541
15,30,4,20,FALSE,TRUE,0.25,1,1.25,0.5,6,4,3,7,2,1,2,1044.55,3.86,72,3,0.538
15,30,4,20,FALSE,TRUE,0.25,1,1.25,0.5,6,4,3,8,2,1,2,1044.55,3.86,72,3,0.538
15,30,4,20,FALSE,TRUE,0.25,1,1.25,0.5,6,6,3,6,2,1,2,1045.11,3.86,72,3,0.541
15,30,4,20,FALSE,TRUE,0.25,1,1.5,0.5,6,4,3,7,2,1,2,1044.55,3.86,72,3,0.538
15,30,4,20,FALSE,TRUE,0.25,1,1.5,0.5,6,4,3,8,2,1,2,1044.55,3.86,72,3,0.538
15,30,4,20,FALSE,TRUE,0.25,1,1.5,0.5,6,6,3,6,2,1,2,1045.11,3.86,72,3,0.541
15,30,4,20,FALSE,TRUE,0.25,1.5,1.25,0.5,6,7,3,7,2,1,2,1121.58,3.86,73,3,0.568
15,30,4,20,FALSE,TRUE,0.25,1.5,1.25,0.5,6,7,3,8,2,1,2,1121.58,3.86,73,3,0.568
15,30,4,30,TRUE,TRUE,0.25,1.5,1.5,0.5,6,4,3,7,2,1,2,522.15,3.86,65,1.297,0.101
15,30,4,30,TRUE,TRUE,0.25,1.5,1.5,0.5,6,4,3,8,2,1,2,522.15,3.86,65,1.297,0.101
15,30,4,30,FALSE,TRUE,0.25,1.25,1,0.5,6,4,3,6,2,1,2,995.25,3.86,66,3,0.507
15,40,4,20,FALSE,TRUE,0.25,1.25,1.25,0.5,6,5,3,6,2,1,2,995.07,3.86,67,3,0.515
15,40,4,30,TRUE,TRUE,0.25,1.5,1.25,0.5,6,4,3,6,2,1,2,518.47,3.86,63,1.297,0.093
15,40,4,30,FALSE,TRUE,0.25,1.5,1,0.5,6,4,3,7,2,1,2,990.93,3.86,65,3,0.509
15,40,4,30,FALSE,TRUE,0.25,1.5,1,0.5,6,4,3,8,2,1,2,990.93,3.86,65,3,0.509
15,20,5,20,TRUE,TRUE,0.25,1.25,1.25,0.5,6,6,3,7,2,1,2,512.17,3.86,64,1.297,0.081
15,20,5,20,TRUE,TRUE,0.25,1.25,1.25,0.5,6,6,3,8,2,1,2,512.17,3.86,64,1.297,0.081
15,20,5,20,FALSE,TRUE,0.25,1.25,1.25,0.5,6,7,3,6,2,1,2,1035.29,3.86,66,3,0.513
15,20,5,20,FALSE,TRUE,0.25,1.25,1.5,0.5,6,6,3,6,2,1,2,971.13,3.86,62,3,0.485
15,20,5,20,FALSE,TRUE,0.25,1.5,1,0.5,6,6,3,7,2,1,2,976.71,3.86,62,3,0.488
15,20,5,20,FALSE,TRUE,0.25,1.5,1,0.5,6,6,3,8,2,1,2,976.71,3.86,62,3,0.488
15,20,5,30,TRUE,TRUE,0.25,1.5,1,0.5,6,4,3,7,2,1,2,508.14,3.86,60,1.297,0.071
15,20,5,30,TRUE,TRUE,0.25,1.5,1,0.5,6,4,3,8,2,1,2,508.14,3.86,60,1.297,0.071
15,20,5,30,FALSE,TRUE,0.25,1.25,1.25,0.5,6,7,3,6,2,1,2,1035.29,3.86,66,3,0.513
15,20,5,30,FALSE,TRUE,0.25,1.25,1.5,0.5,6,6,3,6,2,1,2,971.13,3.86,62,3,0.485
15,20,5,30,FALSE,TRUE,0.25,1.5,1,0.5,6,6,3,7,2,1,2,976.71,3.86,62,3,0.488
15,20,5,30,FALSE,TRUE,0.25,1.5,1,0.5,6,6,3,8,2,1,2,976.71,3.86,62,3,0.488
15,30,5,20,FALSE,TRUE,0.25,1.25,1.25,0.5,6,7,3,6,2,1,2,1035.29,3.86,66,3,0.513
15,30,5,20,FALSE,TRUE,0.25,1.25,1.5,0.5,6,6,3,6,2,1,2,971.13,3.86,62,3,0.485
15,30,5,20,FALSE,TRUE,0.25,1.5,1,0.5,6,6,3,7,2,1,2,976.71,3.86,62,3,0.488
15,30,5,20,FALSE,TRUE,0.25,1.5,1,0.5,6,6,3,8,2,1,2,976.71,3.86,62,3,0.488
15,30,5,30,FALSE,TRUE,0.25,1.25,1.25,0.5,6,7,3,6,2,1,2,1035.29,3.86,66,3,0.513
15,30,5,30,FALSE,TRUE,0.25,1.25,1.5,0.5,6,6,3,6,2,1,2,971.13,3.86,62,3,0.485
15,30,5,30,FALSE,TRUE,0.25,1.5,1,0.5,6,6,3,7,2,1,2,976.71,3.86,62,3,0.488
15,30,5,30,FALSE,TRUE,0.25,1.5,1,0.5,6,6,3,8,2,1,2,976.71,3.86,62,3,0.488
15,20,6,20,TRUE,TRUE,0.25,1.25,1.25,0.5,6,7,3,6,2,1,2,442.12,3.86,50,1.297,-0.053
15,20,6,20,TRUE,TRUE,0.25,1.25,1.5,0.5,6,7,3,6,2,1,2,442.12,3.86,50,1.297,-0.053
10,20,4,20,TRUE,TRUE,0.25,1.25,1.25,0.5,6,7,3,7,2,1,2,562.52,3.85,75,1.497,0.171
10,20,4,20,TRUE,TRUE,0.25,1.25,1.25,0.5,6,7,3,8,2,1,2,562.52,3.85,75,1.497,0.171
10,20,4,20,FALSE,TRUE,0.25,1.25,1.5,0.5,6,6,3,6,2,1,2,988.28,3.85,67,3,0.515
10,20,4,30,FALSE,TRUE,0.25,1.25,1.25,0.5,6,6,3,6,2,1,2,981.65,3.85,66,3,0.509
10,30,4,20,FALSE,TRUE,0.25,1.25,1.5,0.5,6,6,3,6,2,1,2,988.28,3.85,67,3,0.515
10,30,4,30,FALSE,TRUE,0.25,1.25,1.25,0.5,6,6,3,6,2,1,2,981.65,3.85,66,3,0.509
10,30,5,30,TRUE,TRUE,0.25,1.25,1.25,0.5,6,7,3,6,2,1,2,559.31,3.85,67,1.497,0.151
10,20,6,30,TRUE,TRUE,0.25,1.25,1,0.5,6,5,3,6,2,1,2,446.71,3.85,50,1.497,-0.048
10,20,6,30,TRUE,TRUE,0.25,1.5,1,0.5,6,4,3,6,2,1,2,441.46,3.85,48,1.497,-0.056
10,30,6,20,TRUE,TRUE,0.25,1,1.25,0.5,6,4,3,5,2,1,2,453.73,3.85,49,1.497,-0.037
10,30,6,20,TRUE,TRUE,0.25,1,1.25,0.5,6,5,3,6,2,1,2,465.97,3.85,52,1.497,-0.011
10,30,6,20,TRUE,TRUE,0.25,1,1.5,0.5,6,4,3,5,2,1,2,453.73,3.85,49,1.497,-0.037
10,30,6,20,TRUE,TRUE,0.25,1,1.5,0.5,6,5,3,6,2,1,2,465.97,3.85,52,1.497,-0.011
10,30,6,20,TRUE,TRUE,0.25,1.25,1,0.5,6,4,3,5,2,1,2,437.25,3.85,47,1.497,-0.068
10,40,6,20,TRUE,TRUE,0.25,1,1,0.5,6,6,3,7,2,1,2,496.79,3.85,56,1.497,0.054
10,40,6,20,TRUE,TRUE,0.25,1,1,0.5,6,6,3,8,2,1,2,496.79,3.85,56,1.497,0.054
10,40,6,20,TRUE,TRUE,0.25,1.25,1.25,0.5,6,6,3,5,2,1,2,437.3,3.85,49,1.497,-0.067
10,40,6,20,TRUE,TRUE,0.25,1.25,1.5,0.5,6,6,3,5,2,1,2,437.3,3.85,49,1.497,-0.067
10,40,6,20,FALSE,TRUE,0.25,1.25,1,0.5,6,6,3,5,2,1,2,743.15,3.85,49,3,0.332
10,40,6,20,FALSE,TRUE,0.25,1.5,1.25,0.5,6,5,3,7,2,1,2,800.36,3.85,50,3,0.398
10,40,6,20,FALSE,TRUE,0.25,1.5,1.25,0.5,6,5,3,8,2,1,2,800.36,3.85,50,3,0.398
10,40,6,30,FALSE,TRUE,0.25,1.25,1,0.5,6,6,3,5,2,1,2,743.15,3.85,49,3,0.332
10,40,6,30,FALSE,TRUE,0.25,1.5,1.25,0.5,6,5,3,7,2,1,2,800.36,3.85,50,3,0.398
10,40,6,30,FALSE,TRUE,0.25,1.5,1.25,0.5,6,5,3,8,2,1,2,800.36,3.85,50,3,0.398
15,20,4,20,TRUE,TRUE,0.25,1.25,1.25,0.5,6,4,3,7,2,1,2,510.22,3.85,68,1.297,0.085
15,20,4,20,TRUE,TRUE,0.25,1.25,1.25,0.5,6,4,3,8,2,1,2,510.22,3.85,68,1.297,0.085
15,20,4,20,TRUE,TRUE,0.25,1.25,1.25,0.5,6,7,3,7,2,1,2,536.82,3.85,73,1.297,0.131
15,20,4,20,TRUE,TRUE,0.25,1.25,1.25,0.5,6,7,3,8,2,1,2,536.82,3.85,73,1.297,0.131
15,20,4,30,TRUE,TRUE,0.25,1.25,1.25,0.5,6,5,3,6,2,1,2,504.63,3.85,66,1.297,0.076
15,20,4,30,FALSE,TRUE,0.25,1.5,1,0.5,6,5,3,6,2,1,2,990.63,3.85,65,3,0.511
15,30,4,20,TRUE,TRUE,0.25,1.25,1.25,0.5,6,6,3,6,2,1,2,528.87,3.85,69,1.297,0.114
15,30,4,20,TRUE,TRUE,0.25,1.5,1.25,0.5,6,5,3,7,2,1,2,528.5,3.85,68,1.297,0.114
15,30,4,20,TRUE,TRUE,0.25,1.5,1.25,0.5,6,5,3,8,2,1,2,528.5,3.85,68,1.297,0.114
15,30,4,20,TRUE,TRUE,0.25,1.5,1.5,0.5,6,4,3,6,2,1,2,522.06,3.85,65,1.297,0.101
15,30,4,30,TRUE,TRUE,0.25,1.25,1.25,0.5,6,4,3,6,2,1,2,520.74,3.85,65,1.297,0.097
15,30,4,30,FALSE,TRUE,0.25,1.5,1,0.5,6,5,3,6,2,1,2,990.63,3.85,65,3,0.511
15,40,4,20,TRUE,TRUE,0.25,1.5,1.25,0.5,6,6,3,6,2,1,2,525.43,3.85,67,1.297,0.108
15,40,4,30,FALSE,TRUE,0.25,1.25,1.25,0.5,6,5,3,7,2,1,2,990.83,3.85,67,3,0.514
15,40,4,30,FALSE,TRUE,0.25,1.25,1.25,0.5,6,5,3,8,2,1,2,990.83,3.85,67,3,0.514
15,40,4,30,FALSE,TRUE,0.25,1.25,1.25,0.5,6,6,3,7,2,1,2,990.83,3.85,67,3,0.514
15,40,4,30,FALSE,TRUE,0.25,1.25,1.25,0.5,6,6,3,8,2,1,2,990.83,3.85,67,3,0.514
15,20,5,20,FALSE,TRUE,0.25,1.25,1.25,0.5,6,4,3,6,2,1,2,966.57,3.85,61,3,0.477
15,20,5,30,TRUE,TRUE,0.25,1.25,1.25,0.5,6,7,3,6,2,1,2,536.82,3.85,66,1.297,0.12
15,20,5,30,FALSE,TRUE,0.25,1.25,1.25,0.5,6,4,3,6,2,1,2,966.57,3.85,61,3,0.477
15,30,5,20,FALSE,TRUE,0.25,1.25,1.25,0.5,6,4,3,6,2,1,2,966.57,3.85,61,3,0.477
15,30,5,30,FALSE,TRUE,0.25,1.25,1.25,0.5,6,4,3,6,2,1,2,966.57,3.85,61,3,0.477
15,30,6,20,TRUE,TRUE,0.25,1.25,1.25,0.5,6,7,3,7,2,1,2,447.64,3.85,51,1.297,-0.041
15,30,6,20,TRUE,TRUE,0.25,1.25,1.25,0.5,6,7,3,8,2,1,2,447.64,3.85,51,1.297,-0.041
15,30,6,20,TRUE,TRUE,0.25,1.25,1.5,0.5,6,7,3,7,2,1,2,447.64,3.85,51,1.297,-0.041
15,30,6,20,TRUE,TRUE,0.25,1.25,1.5,0.5,6,7,3,8,2,1,2,447.64,3.85,51,1.297,-0.041
10,20,4,20,FALSE,TRUE,0.25,1.25,1.25,0.5,6,4,3,6,2,1,2,983.73,3.84,66,3,0.507
10,20,4,30,FALSE,TRUE,0.25,1.25,1.25,0.5,6,5,3,6,2,1,2,974.94,3.84,65,3,0.504
10,20,4,30,FALSE,TRUE,0.25,1.25,1.25,0.5,6,7,3,7,2,1,2,1103.54,3.84,73,3,0.567
10,20,4,30,FALSE,TRUE,0.25,1.25,1.25,0.5,6,7,3,8,2,1,2,1103.54,3.84,73,3,0.567
10,30,4,20,FALSE,TRUE,0.25,1.25,1.25,0.5,6,4,3,6,2,1,2,983.73,3.84,66,3,0.507
10,30,4,30,FALSE,TRUE,0.25,1.25,1.25,0.5,6,5,3,6,2,1,2,974.94,3.84,65,3,0.504
10,30,4,30,FALSE,TRUE,0.25,1.25,1.25,0.5,6,7,3,7,2,1,2,1103.54,3.84,73,3,0.567
10,30,4,30,FALSE,TRUE,0.25,1.25,1.25,0.5,6,7,3,8,2,1,2,1103.54,3.84,73,3,0.567
10,20,5,20,FALSE,TRUE,0.25,1.25,1.25,0.5,6,6,3,6,2,1,2,970.43,3.84,63,3,0.49
10,20,5,20,FALSE,TRUE,0.25,1.25,1.25,0.5,6,7,3,7,2,1,2,1097.09,3.84,70,3,0.555
10,20,5,20,FALSE,TRUE,0.25,1.25,1.25,0.5,6,7,3,8,2,1,2,1097.09,3.84,70,3,0.555
10,20,5,30,FALSE,TRUE,0.25,1.25,1.25,0.5,6,6,3,6,2,1,2,970.43,3.84,63,3,0.49
10,20,5,30,FALSE,TRUE,0.25,1.25,1.25,0.5,6,7,3,7,2,1,2,1097.09,3.84,70,3,0.555
10,20,5,30,FALSE,TRUE,0.25,1.25,1.25,0.5,6,7,3,8,2,1,2,1097.09,3.84,70,3,0.555
10,30,5,20,FALSE,TRUE,0.25,1.25,1.25,0.5,6,6,3,6,2,1,2,970.43,3.84,63,3,0.49
10,30,5,20,FALSE,TRUE,0.25,1.25,1.25,0.5,6,7,3,7,2,1,2,1097.09,3.84,70,3,0.555
10,30,5,20,FALSE,TRUE,0.25,1.25,1.25,0.5,6,7,3,8,2,1,2,1097.09,3.84,70,3,0.555
10,30,5,30,FALSE,TRUE,0.25,1.25,1.25,0.5,6,6,3,6,2,1,2,970.43,3.84,63,3,0.49
10,30,5,30,FALSE,TRUE,0.25,1.25,1.25,0.5,6,7,3,7,2,1,2,1097.09,3.84,70,3,0.555
10,30,5,30,FALSE,TRUE,0.25,1.25,1.25,0.5,6,7,3,8,2,1,2,1097.09,3.84,70,3,0.555
10,40,5,20,FALSE,TRUE,0.25,1.25,1.25,0.5,6,7,3,6,2,1,2,1033.91,3.84,66,3,0.517
10,40,5,30,FALSE,TRUE,0.25,1.25,1.25,0.5,6,7,3,6,2,1,2,1033.91,3.84,66,3,0.517
10,20,6,20,FALSE,TRUE,0.25,1,1,0.5,6,4,3,5,2,1,2,765.73,3.84,49,3,0.35
10,20,6,20,FALSE,TRUE,0.25,1.25,1.25,0.5,6,5,3,5,2,1,2,735.68,3.84,48,3,0.326
10,20,6,20,FALSE,TRUE,0.25,1.25,1.5,0.5,6,5,3,5,2,1,2,735.68,3.84,48,3,0.326
10,20,6,30,TRUE,TRUE,0.25,1,1,0.5,6,5,3,6,2,1,2,459.97,3.84,51,1.497,-0.023
10,20,6,30,TRUE,TRUE,0.25,1.25,1,0.5,6,6,3,7,2,1,2,483.22,3.84,55,1.497,0.031
10,20,6,30,TRUE,TRUE,0.25,1.25,1,0.5,6,6,3,8,2,1,2,483.22,3.84,55,1.497,0.031
10,20,6,30,FALSE,TRUE,0.25,1,1,0.5,6,4,3,5,2,1,2,765.73,3.84,49,3,0.35
10,20,6,30,FALSE,TRUE,0.25,1.25,1.25,0.5,6,5,3,5,2,1,2,735.68,3.84,48,3,0.326
10,20,6,30,FALSE,TRUE,0.25,1.25,1.5,0.5,6,5,3,5,2,1,2,735.68,3.84,48,3,0.326
10,30,6,20,TRUE,TRUE,0.25,1.25,1.25,0.5,6,4,3,5,2,1,2,436.06,3.84,47,1.497,-0.071
10,30,6,20,TRUE,TRUE,0.25,1.25,1.5,0.5,6,4,3,5,2,1,2,436.06,3.84,47,1.497,-0.071
10,30,6,20,FALSE,TRUE,0.25,1,1,0.5,6,4,3,5,2,1,2,765.73,3.84,49,3,0.35
10,30,6,20,FALSE,TRUE,0.25,1.25,1.25,0.5,6,5,3,5,2,1,2,735.68,3.84,48,3,0.326
10,30,6,20,FALSE,TRUE,0.25,1.25,1.5,0.5,6,5,3,5,2,1,2,735.68,3.84,48,3,0.326
10,30,6,30,TRUE,TRUE,0.25,1.5,1,0.5,6,4,3,7,2,1,2,475.97,3.84,51,1.497,0.017
10,30,6,30,TRUE,TRUE,0.25,1.5,1,0.5,6,4,3,8,2,1,2,475.97,3.84,51,1.497,0.017
10,30,6,30,FALSE,TRUE,0.25,1,1,0.5,6,4,3,5,2,1,2,765.73,3.84,49,3,0.35
10,30,6,30,FALSE,TRUE,0.25,1.25,1.25,0.5,6,5,3,5,2,1,2,735.68,3.84,48,3,0.326
10,30,6,30,FALSE,TRUE,0.25,1.25,1.5,0.5,6,5,3,5,2,1,2,735.68,3.84,48,3,0.326
10,40,6,20,TRUE,TRUE,0.25,1,1,0.5,6,5,3,6,2,1,2,457.33,3.84,50,1.497,-0.03
10,40,6,20,TRUE,TRUE,0.25,1,1.25,0.5,6,6,3,7,2,1,2,495.96,3.84,56,1.497,0.053
10,40,6,20,TRUE,TRUE,0.25,1,1.25,0.5,6,6,3,8,2,1,2,495.96,3.84,56,1.497,0.053
10,40,6,20,TRUE,TRUE,0.25,1,1.5,0.5,6,6,3,7,2,1,2,495.96,3.84,56,1.497,0.053
10,40,6,20,TRUE,TRUE,0.25,1,1.5,0.5,6,6,3,8,2,1,2,495.96,3.84,56,1.497,0.053
10,40,6,20,TRUE,TRUE,0.25,1.5,1,0.5,6,4,3,6,2,1,2,437.6,3.84,47,1.497,-0.065
10,40,6,20,FALSE,TRUE,0.25,1.5,1,0.5,6,5,3,6,2,1,2,744.32,3.84,48,3,0.333
10,40,6,20,FALSE,TRUE,0.25,1.5,1.5,0.5,6,5,3,7,2,1,2,797.78,3.84,50,3,0.398
10,40,6,20,FALSE,TRUE,0.25,1.5,1.5,0.5,6,5,3,8,2,1,2,797.78,3.84,50,3,0.398
10,40,6,30,FALSE,TRUE,0.25,1.5,1,0.5,6,5,3,6,2,1,2,744.32,3.84,48,3,0.333
10,40,6,30,FALSE,TRUE,0.25,1.5,1.5,0.5,6,5,3,7,2,1,2,797.78,3.84,50,3,0.398
10,40,6,30,FALSE,TRUE,0.25,1.5,1.5,0.5,6,5,3,8,2,1,2,797.78,3.84,50,3,0.398
15,20,4,20,TRUE,TRUE,0.25,1.5,1,0.5,6,4,3,7,2,1,2,510.42,3.84,67,1.297,0.086
15,20,4,20,TRUE,TRUE,0.25,1.5,1,0.5,6,4,3,8,2,1,2,510.42,3.84,67,1.297,0.086
15,20,4,20,FALSE,TRUE,0.25,1,1,0.5,6,4,3,6,2,1,2,1038.87,3.84,71,3,0.532
15,20,4,20,FALSE,TRUE,0.25,1,1,0.5,6,7,3,7,2,1,2,1053.15,3.84,75,3,0.546
15,20,4,20,FALSE,TRUE,0.25,1,1,0.5,6,7,3,8,2,1,2,1053.15,3.84,75,3,0.546
15,20,4,20,FALSE,TRUE,0.25,1,1.25,0.5,6,4,3,6,2,1,2,1038.87,3.84,71,3,0.532
15,20,4,20,FALSE,TRUE,0.25,1,1.25,0.5,6,7,3,7,2,1,2,1053.15,3.84,75,3,0.546
15,20,4,20,FALSE,TRUE,0.25,1,1.25,0.5,6,7,3,8,2,1,2,1053.15,3.84,75,3,0.546
15,20,4,20,FALSE,TRUE,0.25,1,1.5,0.5,6,4,3,6,2,1,2,1038.87,3.84,71,3,0.532
15,20,4,20,FALSE,TRUE,0.25,1,1.5,0.5,6,7,3,7,2,1,2,1053.15,3.84,75,3,0.546
15,20,4,20,FALSE,TRUE,0.25,1,1.5,0.5,6,7,3,8,2,1,2,1053.15,3.84,75,3,0.546
15,20,4,20,FALSE,TRUE,0.25,1.5,1.25,0.5,6,7,3,6,2,1,2,1115.9,3.84,72,3,0.563
15,20,4,30,TRUE,TRUE,0.25,1,1,0.5,6,4,3,6,2,1,2,525.45,3.84,69,1.297,0.106
15,20,4,30,TRUE,TRUE,0.25,1,1.25,0.5,6,4,3,6,2,1,2,525.45,3.84,69,1.297,0.106
15,20,4,30,TRUE,TRUE,0.25,1,1.5,0.5,6,4,3,6,2,1,2,525.45,3.84,69,1.297,0.106
15,20,4,30,TRUE,TRUE,0.25,1.5,1,0.5,6,4,3,7,2,1,2,507.65,3.84,66,1.297,0.081
15,20,4,30,TRUE,TRUE,0.25,1.5,1,0.5,6,4,3,8,2,1,2,507.65,3.84,66,1.297,0.081
15,20,4,30,FALSE,TRUE,0.25,1.25,1.5,0.5,6,4,3,6,2,1,2,976.18,3.84,64,3,0.498
15,30,4,20,FALSE,TRUE,0.25,1,1,0.5,6,4,3,6,2,1,2,1038.87,3.84,71,3,0.532
15,30,4,20,FALSE,TRUE,0.25,1,1,0.5,6,7,3,7,2,1,2,1053.15,3.84,75,3,0.546
15,30,4,20,FALSE,TRUE,0.25,1,1,0.5,6,7,3,8,2,1,2,1053.15,3.84,75,3,0.546
15,30,4,20,FALSE,TRUE,0.25,1,1.25,0.5,6,4,3,6,2,1,2,1038.87,3.84,71,3,0.532
15,30,4,20,FALSE,TRUE,0.25,1,1.25,0.5,6,7,3,7,2,1,2,1053.15,3.84,75,3,0.546
15,30,4,20,FALSE,TRUE,0.25,1,1.25,0.5,6,7,3,8,2,1,2,1053.15,3.84,75,3,0.546
15,30,4,20,FALSE,TRUE,0.25,1,1.5,0.5,6,4,3,6,2,1,2,1038.87,3.84,71,3,0.532
15,30,4,20,FALSE,TRUE,0.25,1,1.5,0.5,6,7,3,7,2,1,2,1053.15,3.84,75,3,0.546
15,30,4,20,FALSE,TRUE,0.25,1,1.5,0.5,6,7,3,8,2,1,2,1053.15,3.84,75,3,0.546
15,30,4,20,FALSE,TRUE,0.25,1.5,1.25,0.5,6,7,3,6,2,1,2,1115.9,3.84,72,3,0.563
15,30,4,30,TRUE,TRUE,0.25,1.5,1,0.5,6,4,3,6,2,1,2,521.24,3.84,64,1.297,0.099
15,30,4,30,TRUE,TRUE,0.25,1.5,1.25,0.5,6,5,3,7,2,1,2,524.75,3.84,67,1.297,0.107
15,30,4,30,TRUE,TRUE,0.25,1.5,1.25,0.5,6,5,3,8,2,1,2,524.75,3.84,67,1.297,0.107
15,30,4,30,TRUE,TRUE,0.25,1.5,1.25,0.5,6,6,3,7,2,1,2,524.75,3.84,67,1.297,0.107
15,30,4,30,TRUE,TRUE,0.25,1.5,1.25,0.5,6,6,3,8,2,1,2,524.75,3.84,67,1.297,0.107
15,30,4,30,FALSE,TRUE,0.25,1.25,1.5,0.5,6,4,3,6,2,1,2,976.18,3.84,64,3,0.498
15,40,4,20,FALSE,TRUE,0.25,1.25,1.25,0.5,6,4,3,7,2,1,2,992.9,3.84,67,3,0.512
15,40,4,20,FALSE,TRUE,0.25,1.25,1.25,0.5,6,4,3,8,2,1,2,992.9,3.84,67,3,0.512
15,40,4,20,FALSE,TRUE,0.25,1.25,1.5,0.5,6,6,3,7,2,1,2,997.46,3.84,68,3,0.52
15,40,4,20,FALSE,TRUE,0.25,1.25,1.5,0.5,6,6,3,8,2,1,2,997.46,3.84,68,3,0.52
15,20,5,20,TRUE,TRUE,0.25,1.25,1.25,0.5,6,6,3,6,2,1,2,508.73,3.84,63,1.297,0.074
15,20,5,20,FALSE,TRUE,0.25,1.5,1,0.5,6,6,3,6,2,1,2,971.03,3.84,61,3,0.482
15,20,5,30,TRUE,TRUE,0.25,1.25,1.25,0.5,6,4,3,7,2,1,2,510.52,3.84,62,1.297,0.075
15,20,5,30,TRUE,TRUE,0.25,1.25,1.25,0.5,6,4,3,8,2,1,2,510.52,3.84,62,1.297,0.075
15,20,5,30,TRUE,TRUE,0.25,1.5,1,0.5,6,4,3,6,2,1,2,504.77,3.84,59,1.297,0.064
15,20,5,30,FALSE,TRUE,0.25,1.5,1,0.5,6,6,3,6,2,1,2,971.03,3.84,61,3,0.482
15,30,5,20,FALSE,TRUE,0.25,1.5,1,0.5,6,6,3,6,2,1,2,971.03,3.84,61,3,0.482
15,30,5,30,FALSE,TRUE,0.25,1.5,1,0.5,6,6,3,6,2,1,2,971.03,3.84,61,3,0.482
15,40,6,20,TRUE,TRUE,0.25,1.25,1.25,0.5,6,7,3,7,2,1,2,447.2,3.84,51,1.297,-0.042
15,40,6,20,TRUE,TRUE,0.25,1.25,1.25,0.5,6,7,3,8,2,1,2,447.2,3.84,51,1.297,-0.042
15,40,6,20,TRUE,TRUE,0.25,1.25,1.5,0.5,6,7,3,7,2,1,2,447.2,3.84,51,1.297,-0.042
15,40,6,20,TRUE,TRUE,0.25,1.25,1.5,0.5,6,7,3,8,2,1,2,447.2,3.84,51,1.297,-0.042
10,20,4,20,FALSE,TRUE,0.25,1.25,1.5,0.5,6,7,3,7,2,1,2,1110.17,3.83,74,3,0.573
10,20,4,20,FALSE,TRUE,0.25,1.25,1.5,0.5,6,7,3,8,2,1,2,1110.17,3.83,74,3,0.573
10,30,4,20,FALSE,TRUE,0.25,1.25,1.5,0.5,6,7,3,7,2,1,2,1110.17,3.83,74,3,0.573
10,30,4,20,FALSE,TRUE,0.25,1.25,1.5,0.5,6,7,3,8,2,1,2,1110.17,3.83,74,3,0.573
10,20,6,20,FALSE,TRUE,0.25,1,1.25,0.5,6,4,3,5,2,1,2,764.11,3.83,49,3,0.348
10,20,6,20,FALSE,TRUE,0.25,1,1.5,0.5,6,4,3,5,2,1,2,764.11,3.83,49,3,0.348
10,20,6,30,TRUE,TRUE,0.25,1,1,0.5,6,6,3,7,2,1,2,496.48,3.83,56,1.497,0.055
10,20,6,30,TRUE,TRUE,0.25,1,1,0.5,6,6,3,8,2,1,2,496.48,3.83,56,1.497,0.055
10,20,6,30,TRUE,TRUE,0.25,1,1.25,0.5,6,6,3,7,2,1,2,495.65,3.83,56,1.497,0.053
10,20,6,30,TRUE,TRUE,0.25,1,1.25,0.5,6,6,3,8,2,1,2,495.65,3.83,56,1.497,0.053
10,20,6,30,TRUE,TRUE,0.25,1,1.5,0.5,6,6,3,7,2,1,2,495.65,3.83,56,1.497,0.053
10,20,6,30,TRUE,TRUE,0.25,1,1.5,0.5,6,6,3,8,2,1,2,495.65,3.83,56,1.497,0.053
10,20,6,30,FALSE,TRUE,0.25,1,1.25,0.5,6,4,3,5,2,1,2,764.11,3.83,49,3,0.348
10,20,6,30,FALSE,TRUE,0.25,1,1.5,0.5,6,4,3,5,2,1,2,764.11,3.83,49,3,0.348
10,30,6,20,FALSE,TRUE,0.25,1,1.25,0.5,6,4,3,5,2,1,2,764.11,3.83,49,3,0.348
10,30,6,20,FALSE,TRUE,0.25,1,1.5,0.5,6,4,3,5,2,1,2,764.11,3.83,49,3,0.348
10,30,6,30,FALSE,TRUE,0.25,1,1.25,0.5,6,4,3,5,2,1,2,764.11,3.83,49,3,0.348
10,30,6,30,FALSE,TRUE,0.25,1,1.5,0.5,6,4,3,5,2,1,2,764.11,3.83,49,3,0.348
10,40,6,20,TRUE,TRUE,0.25,1,1,0.5,6,7,3,7,2,1,2,502.19,3.83,59,1.497,0.063
10,40,6,20,TRUE,TRUE,0.25,1,1,0.5,6,7,3,8,2,1,2,502.19,3.83,59,1.497,0.063
10,40,6,20,TRUE,TRUE,0.25,1,1.25,0.5,6,7,3,7,2,1,2,501.36,3.83,59,1.497,0.061
10,40,6,20,TRUE,TRUE,0.25,1,1.25,0.5,6,7,3,8,2,1,2,501.36,3.83,59,1.497,0.061
10,40,6,20,TRUE,TRUE,0.25,1,1.5,0.5,6,7,3,7,2,1,2,501.36,3.83,59,1.497,0.061
10,40,6,20,TRUE,TRUE,0.25,1,1.5,0.5,6,7,3,8,2,1,2,501.36,3.83,59,1.497,0.061
10,40,6,20,TRUE,TRUE,0.25,1.25,1,0.5,6,7,3,5,2,1,2,448.78,3.83,53,1.497,-0.043
15,20,4,20,TRUE,TRUE,0.25,1.25,1.25,0.5,6,4,3,6,2,1,2,506.79,3.83,67,1.297,0.078
15,20,4,20,TRUE,TRUE,0.25,1.25,1.25,0.5,6,7,3,6,2,1,2,533.39,3.83,72,1.297,0.125
15,20,4,20,TRUE,TRUE,0.25,1.5,1.5,0.5,6,4,3,7,2,1,2,505.25,3.83,66,1.297,0.076
15,20,4,20,TRUE,TRUE,0.25,1.5,1.5,0.5,6,4,3,8,2,1,2,505.25,3.83,66,1.297,0.076
15,20,4,30,TRUE,TRUE,0.25,1.25,1.25,0.5,6,4,3,7,2,1,2,505.68,3.83,67,1.297,0.077
15,20,4,30,TRUE,TRUE,0.25,1.25,1.25,0.5,6,4,3,8,2,1,2,505.68,3.83,67,1.297,0.077
15,20,4,30,TRUE,TRUE,0.25,1.5,1.5,0.5,6,4,3,7,2,1,2,502.3,3.83,65,1.297,0.071
15,20,4,30,TRUE,TRUE,0.25,1.5,1.5,0.5,6,4,3,8,2,1,2,502.3,3.83,65,1.297,0.071
15,30,4,20,TRUE,TRUE,0.25,1.5,1.25,0.5,6,5,3,6,2,1,2,524.9,3.83,67,1.297,0.107
15,40,4,20,FALSE,TRUE,0.25,1.25,1.25,0.5,6,7,3,7,2,1,2,1056.86,3.83,72,3,0.542
15,40,4,20,FALSE,TRUE,0.25,1.25,1.25,0.5,6,7,3,8,2,1,2,1056.86,3.83,72,3,0.542
15,40,4,20,FALSE,TRUE,0.25,1.25,1.5,0.5,6,6,3,6,2,1,2,991.77,3.83,67,3,0.514
15,40,4,30,FALSE,TRUE,0.25,1.25,1.25,0.5,6,6,3,6,2,1,2,985.14,3.83,66,3,0.508
15,40,4,30,FALSE,TRUE,0.25,1.5,1.5,0.5,6,4,3,6,2,1,2,970.24,3.83,62,3,0.495
15,20,5,30,TRUE,TRUE,0.25,1.25,1,0.5,6,4,3,6,2,1,2,507.06,3.83,61,1.297,0.066
15,30,6,20,TRUE,TRUE,0.25,1.25,1.25,0.5,6,7,3,6,2,1,2,444.04,3.83,50,1.297,-0.049
15,30,6,20,TRUE,TRUE,0.25,1.25,1.5,0.5,6,7,3,6,2,1,2,444.04,3.83,50,1.297,-0.049
10,20,4,30,FALSE,TRUE,0.25,1.5,1.25,0.5,6,4,3,6,2,1,2,966.08,3.82,63,3,0.495
10,30,4,20,TRUE,TRUE,0.25,1.25,1.25,0.5,6,7,3,6,2,1,2,547.84,3.82,72,1.497,0.144
10,30,4,30,FALSE,TRUE,0.25,1.5,1.25,0.5,6,4,3,6,2,1,2,966.08,3.82,63,3,0.495
10,20,6,20,FALSE,TRUE,0.25,1.5,1.25,0.5,6,4,3,7,2,1,2,799.77,3.82,50,3,0.399
10,20,6,20,FALSE,TRUE,0.25,1.5,1.25,0.5,6,4,3,8,2,1,2,799.77,3.82,50,3,0.399
10,20,6,30,TRUE,TRUE,0.25,1,1,0.5,6,7,3,7,2,1,2,502.32,3.82,59,1.497,0.064
10,20,6,30,TRUE,TRUE,0.25,1,1,0.5,6,7,3,8,2,1,2,502.32,3.82,59,1.497,0.064
10,20,6,30,TRUE,TRUE,0.25,1.25,1.25,0.5,6,6,3,5,2,1,2,435.89,3.82,49,1.497,-0.07
10,20,6,30,TRUE,TRUE,0.25,1.25,1.5,0.5,6,6,3,5,2,1,2,435.89,3.82,49,1.497,-0.07
10,20,6,30,FALSE,TRUE,0.25,1.5,1.25,0.5,6,4,3,7,2,1,2,799.77,3.82,50,3,0.399
10,20,6,30,FALSE,TRUE,0.25,1.5,1.25,0.5,6,4,3,8,2,1,2,799.77,3.82,50,3,0.399
10,30,6,20,TRUE,TRUE,0.25,1.25,1,0.5,6,5,3,6,2,1,2,447.19,3.82,50,1.497,-0.047
10,30,6,20,FALSE,TRUE,0.25,1.5,1.25,0.5,6,4,3,7,2,1,2,799.77,3.82,50,3,0.399
10,30,6,20,FALSE,TRUE,0.25,1.5,1.25,0.5,6,4,3,8,2,1,2,799.77,3.82,50,3,0.399
10,30,6,30,FALSE,TRUE,0.25,1.5,1.25,0.5,6,4,3,7,2,1,2,799.77,3.82,50,3,0.399
10,30,6,30,FALSE,TRUE,0.25,1.5,1.25,0.5,6,4,3,8,2,1,2,799.77,3.82,50,3,0.399
10,40,6,20,FALSE,TRUE,0.25,1.25,1.25,0.5,6,5,3,5,2,1,2,728.42,3.82,47,3,0.316
10,40,6,20,FALSE,TRUE,0.25,1.25,1.5,0.5,6,5,3,5,2,1,2,728.42,3.82,47,3,0.316
10,40,6,30,FALSE,TRUE,0.25,1.25,1.25,0.5,6,5,3,5,2,1,2,728.42,3.82,47,3,0.316
10,40,6,30,FALSE,TRUE,0.25,1.25,1.5,0.5,6,5,3,5,2,1,2,728.42,3.82,47,3,0.316
15,20,4,20,TRUE,TRUE,0.25,1.5,1,0.5,6,4,3,6,2,1,2,506.99,3.82,66,1.297,0.079
15,20,4,20,FALSE,TRUE,0.25,1,1,0.5,6,7,3,6,2,1,2,1047.47,3.82,74,3,0.54
15,20,4,20,FALSE,TRUE,0.25,1,1.25,0.5,6,7,3,6,2,1,2,1047.47,3.82,74,3,0.54
15,20,4,20,FALSE,TRUE,0.25,1,1.5,0.5,6,7,3,6,2,1,2,1047.47,3.82,74,3,0.54
15,20,4,20,FALSE,TRUE,0.25,1.25,1.25,0.5,6,5,3,7,2,1,2,995.82,3.82,69,3,0.517
15,20,4,20,FALSE,TRUE,0.25,1.25,1.25,0.5,6,5,3,8,2,1,2,995.82,3.82,69,3,0.517
15,30,4,20,TRUE,TRUE,0.25,1.5,1.5,0.5,6,6,3,7,2,1,2,525.75,3.82,68,1.297,0.111
15,30,4,20,TRUE,TRUE,0.25,1.5,1.5,0.5,6,6,3,8,2,1,2,525.75,3.82,68,1.297,0.111
15,30,4,20,FALSE,TRUE,0.25,1,1,0.5,6,7,3,6,2,1,2,1047.47,3.82,74,3,0.54
15,30,4,20,FALSE,TRUE,0.25,1,1.25,0.5,6,7,3,6,2,1,2,1047.47,3.82,74,3,0.54
15,30,4,20,FALSE,TRUE,0.25,1,1.5,0.5,6,7,3,6,2,1,2,1047.47,3.82,74,3,0.54
15,30,4,20,FALSE,TRUE,0.25,1.25,1.25,0.5,6,5,3,7,2,1,2,995.82,3.82,69,3,0.517
15,30,4,20,FALSE,TRUE,0.25,1.25,1.25,0.5,6,5,3,8,2,1,2,995.82,3.82,69,3,0.517
15,30,4,30,TRUE,TRUE,0.25,1.5,1.25,0.5,6,6,3,6,2,1,2,521.01,3.82,66,1.297,0.1
15,30,4,30,TRUE,TRUE,0.25,1.5,1.5,0.5,6,4,3,6,2,1,2,515.61,3.82,63,1.297,0.089
15,40,4,20,FALSE,TRUE,0.25,1.25,1.25,0.5,6,4,3,6,2,1,2,987.22,3.82,66,3,0.505
15,40,4,20,FALSE,TRUE,0.25,1.25,1.25,0.5,6,7,3,6,2,1,2,1051.18,3.82,71,3,0.536
15,40,4,20,FALSE,TRUE,0.25,1.5,1.25,0.5,6,5,3,7,2,1,2,990.58,3.82,67,3,0.511
15,40,4,20,FALSE,TRUE,0.25,1.5,1.25,0.5,6,5,3,8,2,1,2,990.58,3.82,67,3,0.511
15,40,4,30,FALSE,TRUE,0.25,1.5,1,0.5,6,4,3,6,2,1,2,978.54,3.82,63,3,0.498
15,20,5,30,TRUE,TRUE,0.25,1.25,1.25,0.5,6,4,3,6,2,1,2,507.15,3.82,61,1.297,0.069
10,20,6,20,TRUE,TRUE,0.25,1,1,0.5,6,4,3,7,2,1,2,490.71,3.81,55,1.497,0.043
10,20,6,20,TRUE,TRUE,0.25,1,1,0.5,6,4,3,8,2,1,2,490.71,3.81,55,1.497,0.043
10,20,6,20,TRUE,TRUE,0.25,1,1.25,0.5,6,6,3,6,2,1,2,461.08,3.81,53,1.497,-0.019
10,20,6,20,TRUE,TRUE,0.25,1,1.5,0.5,6,6,3,6,2,1,2,461.08,3.81,53,1.497,-0.019
10,20,6,20,FALSE,TRUE,0.25,1.5,1.25,0.5,6,5,3,6,2,1,2,740.59,3.81,48,3,0.336
10,20,6,20,FALSE,TRUE,0.25,1.5,1.5,0.5,6,4,3,7,2,1,2,797.18,3.81,50,3,0.399
10,20,6,20,FALSE,TRUE,0.25,1.5,1.5,0.5,6,4,3,8,2,1,2,797.18,3.81,50,3,0.399
10,20,6,30,TRUE,TRUE,0.25,1,1.25,0.5,6,7,3,7,2,1,2,501.49,3.81,59,1.497,0.062
10,20,6,30,TRUE,TRUE,0.25,1,1.25,0.5,6,7,3,8,2,1,2,501.49,3.81,59,1.497,0.062
10,20,6,30,TRUE,TRUE,0.25,1,1.5,0.5,6,7,3,7,2,1,2,501.49,3.81,59,1.497,0.062
10,20,6,30,TRUE,TRUE,0.25,1,1.5,0.5,6,7,3,8,2,1,2,501.49,3.81,59,1.497,0.062
10,20,6,30,FALSE,TRUE,0.25,1.5,1.25,0.5,6,5,3,6,2,1,2,740.59,3.81,48,3,0.336
10,20,6,30,FALSE,TRUE,0.25,1.5,1.5,0.5,6,4,3,7,2,1,2,797.18,3.81,50,3,0.399
10,20,6,30,FALSE,TRUE,0.25,1.5,1.5,0.5,6,4,3,8,2,1,2,797.18,3.81,50,3,0.399
10,30,6,20,TRUE,TRUE,0.25,1,1,0.5,6,5,3,6,2,1,2,460.46,3.81,51,1.497,-0.022
10,30,6,20,TRUE,TRUE,0.25,1.25,1,0.5,6,6,3,7,2,1,2,483.16,3.81,55,1.497,0.03
10,30,6,20,TRUE,TRUE,0.25,1.25,1,0.5,6,6,3,8,2,1,2,483.16,3.81,55,1.497,0.03
10,30,6,20,TRUE,TRUE,0.25,1.5,1,0.5,6,4,3,6,2,1,2,440.73,3.81,48,1.497,-0.058
10,30,6,20,FALSE,TRUE,0.25,1.5,1.25,0.5,6,5,3,6,2,1,2,740.59,3.81,48,3,0.336
10,30,6,20,FALSE,TRUE,0.25,1.5,1.5,0.5,6,4,3,7,2,1,2,797.18,3.81,50,3,0.399
10,30,6,20,FALSE,TRUE,0.25,1.5,1.5,0.5,6,4,3,8,2,1,2,797.18,3.81,50,3,0.399
10,30,6,30,FALSE,TRUE,0.25,1.5,1.25,0.5,6,5,3,6,2,1,2,740.59,3.81,48,3,0.336
10,30,6,30,FALSE,TRUE,0.25,1.5,1.5,0.5,6,4,3,7,2,1,2,797.18,3.81,50,3,0.399
10,30,6,30,FALSE,TRUE,0.25,1.5,1.5,0.5,6,4,3,8,2,1,2,797.18,3.81,50,3,0.399
10,40,6,20,FALSE,TRUE,0.25,1,1,0.5,6,4,3,5,2,1,2,758.47,3.81,48,3,0.34
10,40,6,30,TRUE,TRUE,0.25,1,1,0.5,6,4,3,5,2,1,2,449.31,3.81,48,1.497,-0.047
10,40,6,30,TRUE,TRUE,0.25,1,1.25,0.5,6,4,3,5,2,1,2,448.48,3.81,48,1.497,-0.049
10,40,6,30,TRUE,TRUE,0.25,1,1.25,0.5,6,5,3,6,2,1,2,462.16,3.81,51,1.497,-0.019
10,40,6,30,TRUE,TRUE,0.25,1,1.5,0.5,6,4,3,5,2,1,2,448.48,3.81,48,1.497,-0.049
10,40,6,30,TRUE,TRUE,0.25,1,1.5,0.5,6,5,3,6,2,1,2,462.16,3.81,51,1.497,-0.019
10,40,6,30,FALSE,TRUE,0.25,1,1,0.5,6,4,3,5,2,1,2,758.47,3.81,48,3,0.34
15,20,4,20,TRUE,TRUE,0.25,1.5,1.5,0.5,6,4,3,6,2,1,2,501.82,3.81,65,1.297,0.07
15,20,4,20,FALSE,TRUE,0.25,1.25,1.25,0.5,6,5,3,6,2,1,2,990.13,3.81,68,3,0.511
15,20,4,20,FALSE,TRUE,0.25,1.5,1.25,0.5,6,6,3,5,2,1,2,985.62,3.81,67,3,0.509
15,20,4,30,TRUE,TRUE,0.25,1.5,1,0.5,6,4,3,6,2,1,2,501.48,3.81,64,1.297,0.069
15,30,4,20,FALSE,TRUE,0.25,1.25,1.25,0.5,6,5,3,6,2,1,2,990.13,3.81,68,3,0.511
15,30,4,20,FALSE,TRUE,0.25,1.5,1.25,0.5,6,6,3,5,2,1,2,985.62,3.81,67,3,0.509
15,40,4,20,FALSE,TRUE,0.25,1.5,1.25,0.5,6,5,3,6,2,1,2,984.89,3.81,66,3,0.505
15,40,4,30,FALSE,TRUE,0.25,1,1,0.5,6,4,3,7,2,1,2,1032.97,3.81,70,3,0.53
15,40,4,30,FALSE,TRUE,0.25,1,1,0.5,6,4,3,8,2,1,2,1032.97,3.81,70,3,0.53
15,40,4,30,FALSE,TRUE,0.25,1,1.25,0.5,6,4,3,7,2,1,2,1032.97,3.81,70,3,0.53
15,40,4,30,FALSE,TRUE,0.25,1,1.25,0.5,6,4,3,8,2,1,2,1032.97,3.81,70,3,0.53
15,40,4,30,FALSE,TRUE,0.25,1,1.5,0.5,6,4,3,7,2,1,2,1032.97,3.81,70,3,0.53
15,40,4,30,FALSE,TRUE,0.25,1,1.5,0.5,6,4,3,8,2,1,2,1032.97,3.81,70,3,0.53
15,40,4,30,FALSE,TRUE,0.25,1.25,1.25,0.5,6,4,3,7,2,1,2,982.98,3.81,66,3,0.504
15,40,4,30,FALSE,TRUE,0.25,1.25,1.25,0.5,6,4,3,8,2,1,2,982.98,3.81,66,3,0.504
15,40,4,30,FALSE,TRUE,0.25,1.25,1.25,0.5,6,5,3,6,2,1,2,978.44,3.81,65,3,0.503
15,20,5,20,FALSE,TRUE,0.25,1.5,1,0.5,6,4,3,7,2,1,2,962.66,3.81,60,3,0.473
15,20,5,20,FALSE,TRUE,0.25,1.5,1,0.5,6,4,3,8,2,1,2,962.66,3.81,60,3,0.473
15,20,5,20,FALSE,TRUE,0.25,1.5,1.25,0.5,6,6,3,7,2,1,2,966.21,3.81,61,3,0.483
15,20,5,20,FALSE,TRUE,0.25,1.5,1.25,0.5,6,6,3,8,2,1,2,966.21,3.81,61,3,0.483
15,20,5,30,FALSE,TRUE,0.25,1.5,1,0.5,6,4,3,7,2,1,2,962.66,3.81,60,3,0.473
15,20,5,30,FALSE,TRUE,0.25,1.5,1,0.5,6,4,3,8,2,1,2,962.66,3.81,60,3,0.473
15,20,5,30,FALSE,TRUE,0.25,1.5,1.25,0.5,6,6,3,7,2,1,2,966.21,3.81,61,3,0.483
15,20,5,30,FALSE,TRUE,0.25,1.5,1.25,0.5,6,6,3,8,2,1,2,966.21,3.81,61,3,0.483
15,30,5,20,FALSE,TRUE,0.25,1.5,1,0.5,6,4,3,7,2,1,2,962.66,3.81,60,3,0.473
15,30,5,20,FALSE,TRUE,0.25,1.5,1,0.5,6,4,3,8,2,1,2,962.66,3.81,60,3,0.473
15,30,5,20,FALSE,TRUE,0.25,1.5,1.25,0.5,6,6,3,7,2,1,2,966.21,3.81,61,3,0.483
15,30,5,20,FALSE,TRUE,0.25,1.5,1.25,0.5,6,6,3,8,2,1,2,966.21,3.81,61,3,0.483
15,30,5,30,FALSE,TRUE,0.25,1.5,1,0.5,6,4,3,7,2,1,2,962.66,3.81,60,3,0.473
15,30,5,30,FALSE,TRUE,0.25,1.5,1,0.5,6,4,3,8,2,1,2,962.66,3.81,60,3,0.473
15,30,5,30,FALSE,TRUE,0.25,1.5,1.25,0.5,6,6,3,7,2,1,2,966.21,3.81,61,3,0.483
15,30,5,30,FALSE,TRUE,0.25,1.5,1.25,0.5,6,6,3,8,2,1,2,966.21,3.81,61,3,0.483
15,40,5,20,FALSE,TRUE,0.25,1.25,1.25,0.5,6,6,3,7,2,1,2,971.21,3.81,63,3,0.486
15,40,5,20,FALSE,TRUE,0.25,1.25,1.25,0.5,6,6,3,8,2,1,2,971.21,3.81,63,3,0.486
15,40,5,30,FALSE,TRUE,0.25,1.25,1.25,0.5,6,6,3,7,2,1,2,971.21,3.81,63,3,0.486
15,40,5,30,FALSE,TRUE,0.25,1.25,1.25,0.5,6,6,3,8,2,1,2,971.21,3.81,63,3,0.486
15,40,6,20,TRUE,TRUE,0.25,1.25,1.25,0.5,6,7,3,6,2,1,2,443.43,3.81,50,1.297,-0.05
15,40,6,20,TRUE,TRUE,0.25,1.25,1.5,0.5,6,7,3,6,2,1,2,443.43,3.81,50,1.297,-0.05
10,20,4,20,FALSE,TRUE,0.25,1.5,1.25,0.5,6,6,3,7,2,1,2,1041.87,3.8,70,3,0.546
10,20,4,20,FALSE,TRUE,0.25,1.5,1.25,0.5,6,6,3,8,2,1,2,1041.87,3.8,70,3,0.546
10,20,4,30,FALSE,TRUE,0.25,1,1,0.5,6,4,3,6,2,1,2,1018.71,3.8,68,3,0.524
10,20,4,30,FALSE,TRUE,0.25,1,1.25,0.5,6,4,3,6,2,1,2,1017.09,3.8,68,3,0.522
10,20,4,30,FALSE,TRUE,0.25,1,1.5,0.5,6,4,3,6,2,1,2,1017.09,3.8,68,3,0.522
10,20,4,30,FALSE,TRUE,0.25,1.25,1.25,0.5,6,7,3,6,2,1,2,1036.51,3.8,70,3,0.528
10,30,4,20,FALSE,TRUE,0.25,1.5,1.25,0.5,6,6,3,7,2,1,2,1041.87,3.8,70,3,0.546
10,30,4,20,FALSE,TRUE,0.25,1.5,1.25,0.5,6,6,3,8,2,1,2,1041.87,3.8,70,3,0.546
10,30,4,30,FALSE,TRUE,0.25,1,1,0.5,6,4,3,6,2,1,2,1018.71,3.8,68,3,0.524
10,30,4,30,FALSE,TRUE,0.25,1,1.25,0.5,6,4,3,6,2,1,2,1017.09,3.8,68,3,0.522
10,30,4,30,FALSE,TRUE,0.25,1,1.5,0.5,6,4,3,6,2,1,2,1017.09,3.8,68,3,0.522
10,30,4,30,FALSE,TRUE,0.25,1.25,1.25,0.5,6,7,3,6,2,1,2,1036.51,3.8,70,3,0.528
10,20,5,20,FALSE,TRUE,0.25,1.25,1.25,0.5,6,7,3,6,2,1,2,1030.06,3.8,67,3,0.514
10,20,5,30,TRUE,TRUE,0.25,1.25,1.25,0.5,6,7,3,6,2,1,2,533.87,3.8,67,1.497,0.117
10,20,5,30,FALSE,TRUE,0.25,1.25,1.25,0.5,6,7,3,6,2,1,2,1030.06,3.8,67,3,0.514
10,30,5,20,FALSE,TRUE,0.25,1.25,1.25,0.5,6,7,3,6,2,1,2,1030.06,3.8,67,3,0.514
10,30,5,30,FALSE,TRUE,0.25,1.25,1.25,0.5,6,7,3,6,2,1,2,1030.06,3.8,67,3,0.514
10,20,6,20,TRUE,TRUE,0.25,1,1.25,0.5,6,4,3,7,2,1,2,489.88,3.8,55,1.497,0.041
10,20,6,20,TRUE,TRUE,0.25,1,1.25,0.5,6,4,3,8,2,1,2,489.88,3.8,55,1.497,0.041
10,20,6,20,TRUE,TRUE,0.25,1,1.5,0.5,6,4,3,7,2,1,2,489.88,3.8,55,1.497,0.041
10,20,6,20,TRUE,TRUE,0.25,1,1.5,0.5,6,4,3,8,2,1,2,489.88,3.8,55,1.497,0.041
10,20,6,20,FALSE,TRUE,0.25,1.25,1,0.5,6,4,3,5,2,1,2,730.19,3.8,47,3,0.318
10,20,6,20,FALSE,TRUE,0.25,1.5,1.5,0.5,6,5,3,6,2,1,2,738,3.8,48,3,0.335
10,20,6,30,TRUE,TRUE,0.25,1.25,1,0.5,6,7,3,5,2,1,2,447.73,3.8,53,1.497,-0.044
10,20,6,30,TRUE,TRUE,0.25,1.25,1.25,0.5,6,5,3,7,2,1,2,477.43,3.8,54,1.497,0.021
10,20,6,30,TRUE,TRUE,0.25,1.25,1.25,0.5,6,5,3,8,2,1,2,477.43,3.8,54,1.497,0.021
10,20,6,30,TRUE,TRUE,0.25,1.25,1.5,0.5,6,5,3,7,2,1,2,477.43,3.8,54,1.497,0.021
10,20,6,30,TRUE,TRUE,0.25,1.25,1.5,0.5,6,5,3,8,2,1,2,477.43,3.8,54,1.497,0.021
10,20,6,30,FALSE,TRUE,0.25,1.25,1,0.5,6,4,3,5,2,1,2,730.19,3.8,47,3,0.318
10,20,6,30,FALSE,TRUE,0.25,1.5,1.5,0.5,6,5,3,6,2,1,2,738,3.8,48,3,0.335
10,30,6,20,TRUE,TRUE,0.25,1,1,0.5,6,6,3,7,2,1,2,496.43,3.8,56,1.497,0.054
10,30,6,20,TRUE,TRUE,0.25,1,1,0.5,6,6,3,8,2,1,2,496.43,3.8,56,1.497,0.054
10,30,6,20,TRUE,TRUE,0.25,1,1.25,0.5,6,6,3,7,2,1,2,495.6,3.8,56,1.497,0.052
10,30,6,20,TRUE,TRUE,0.25,1,1.25,0.5,6,6,3,8,2,1,2,495.6,3.8,56,1.497,0.052
10,30,6,20,TRUE,TRUE,0.25,1,1.5,0.5,6,6,3,7,2,1,2,495.6,3.8,56,1.497,0.052
10,30,6,20,TRUE,TRUE,0.25,1,1.5,0.5,6,6,3,8,2,1,2,495.6,3.8,56,1.497,0.052
10,30,6,20,TRUE,TRUE,0.25,1.25,1.25,0.5,6,6,3,5,2,1,2,437.11,3.8,49,1.497,-0.067
10,30,6,20,TRUE,TRUE,0.25,1.25,1.5,0.5,6,6,3,5,2,1,2,437.11,3.8,49,1.497,-0.067
10,30,6,20,FALSE,TRUE,0.25,1.25,1,0.5,6,4,3,5,2,1,2,730.19,3.8,47,3,0.318
10,30,6,20,FALSE,TRUE,0.25,1.5,1.5,0.5,6,5,3,6,2,1,2,738,3.8,48,3,0.335
10,30,6,30,FALSE,TRUE,0.25,1.25,1,0.5,6,4,3,5,2,1,2,730.19,3.8,47,3,0.318
10,30,6,30,FALSE,TRUE,0.25,1.5,1.5,0.5,6,5,3,6,2,1,2,738,3.8,48,3,0.335
10,40,6,20,TRUE,TRUE,0.25,1.25,1.25,0.5,6,5,3,7,2,1,2,474.41,3.8,53,1.497,0.014
10,40,6,20,TRUE,TRUE,0.25,1.25,1.25,0.5,6,5,3,8,2,1,2,474.41,3.8,53,1.497,0.014
10,40,6,20,TRUE,TRUE,0.25,1.25,1.5,0.5,6,5,3,7,2,1,2,474.41,3.8,53,1.497,0.014
10,40,6,20,TRUE,TRUE,0.25,1.25,1.5,0.5,6,5,3,8,2,1,2,474.41,3.8,53,1.497,0.014
10,40,6,20,FALSE,TRUE,0.25,1,1.25,0.5,6,4,3,5,2,1,2,756.85,3.8,48,3,0.338
10,40,6,20,FALSE,TRUE,0.25,1,1.5,0.5,6,4,3,5,2,1,2,756.85,3.8,48,3,0.338
10,40,6,20,FALSE,TRUE,0.25,1.5,1.25,0.5,6,4,3,7,2,1,2,792.51,3.8,49,3,0.389
10,40,6,20,FALSE,TRUE,0.25,1.5,1.25,0.5,6,4,3,8,2,1,2,792.51,3.8,49,3,0.389
10,40,6,30,TRUE,TRUE,0.25,1.25,1,0.5,6,4,3,5,2,1,2,431.9,3.8,46,1.497,-0.08
10,40,6,30,TRUE,TRUE,0.25,1.25,1,0.5,6,6,3,7,2,1,2,482.74,3.8,55,1.497,0.03
10,40,6,30,TRUE,TRUE,0.25,1.25,1,0.5,6,6,3,8,2,1,2,482.74,3.8,55,1.497,0.03
10,40,6,30,FALSE,TRUE,0.25,1,1.25,0.5,6,4,3,5,2,1,2,756.85,3.8,48,3,0.338
10,40,6,30,FALSE,TRUE,0.25,1,1.5,0.5,6,4,3,5,2,1,2,756.85,3.8,48,3,0.338
10,40,6,30,FALSE,TRUE,0.25,1.5,1.25,0.5,6,4,3,7,2,1,2,792.51,3.8,49,3,0.389
10,40,6,30,FALSE,TRUE,0.25,1.5,1.25,0.5,6,4,3,8,2,1,2,792.51,3.8,49,3,0.389
15,20,4,20,TRUE,TRUE,0.25,1.5,1.25,0.5,6,5,3,7,2,1,2,507.06,3.8,68,1.297,0.082
15,20,4,20,TRUE,TRUE,0.25,1.5,1.25,0.5,6,5,3,8,2,1,2,507.06,3.8,68,1.297,0.082
15,20,4,30,TRUE,TRUE,0.25,1.5,1.5,0.5,6,4,3,6,2,1,2,496.13,3.8,63,1.297,0.059
15,20,4,30,FALSE,TRUE,0.25,1.25,1.25,0.5,6,5,3,7,2,1,2,985.89,3.8,68,3,0.51
15,20,4,30,FALSE,TRUE,0.25,1.25,1.25,0.5,6,5,3,8,2,1,2,985.89,3.8,68,3,0.51
15,20,4,30,FALSE,TRUE,0.25,1.25,1.25,0.5,6,6,3,7,2,1,2,985.89,3.8,68,3,0.51
15,20,4,30,FALSE,TRUE,0.25,1.25,1.25,0.5,6,6,3,8,2,1,2,985.89,3.8,68,3,0.51
15,30,4,20,TRUE,TRUE,0.25,1.5,1.5,0.5,6,6,3,6,2,1,2,522.15,3.8,67,1.297,0.104
15,30,4,30,TRUE,TRUE,0.25,1.5,1.25,0.5,6,5,3,6,2,1,2,518.21,3.8,65,1.297,0.095
15,30,4,30,FALSE,TRUE,0.25,1.25,1.25,0.5,6,5,3,7,2,1,2,985.89,3.8,68,3,0.51
15,30,4,30,FALSE,TRUE,0.25,1.25,1.25,0.5,6,5,3,8,2,1,2,985.89,3.8,68,3,0.51
15,30,4,30,FALSE,TRUE,0.25,1.25,1.25,0.5,6,6,3,7,2,1,2,985.89,3.8,68,3,0.51
15,30,4,30,FALSE,TRUE,0.25,1.25,1.25,0.5,6,6,3,8,2,1,2,985.89,3.8,68,3,0.51
15,40,4,30,FALSE,TRUE,0.25,1.5,1.25,0.5,6,5,3,7,2,1,2,982.53,3.8,66,3,0.505
15,40,4,30,FALSE,TRUE,0.25,1.5,1.25,0.5,6,5,3,8,2,1,2,982.53,3.8,66,3,0.505
15,40,4,30,FALSE,TRUE,0.25,1.5,1.25,0.5,6,6,3,7,2,1,2,982.53,3.8,66,3,0.505
15,40,4,30,FALSE,TRUE,0.25,1.5,1.25,0.5,6,6,3,8,2,1,2,982.53,3.8,66,3,0.505
15,20,5,20,FALSE,TRUE,0.25,1.5,1,0.5,6,4,3,6,2,1,2,956.98,3.8,59,3,0.467
15,20,5,30,FALSE,TRUE,0.25,1.5,1,0.5,6,4,3,6,2,1,2,956.98,3.8,59,3,0.467
15,30,5,20,FALSE,TRUE,0.25,1.5,1,0.5,6,4,3,6,2,1,2,956.98,3.8,59,3,0.467
15,30,5,30,FALSE,TRUE,0.25,1.5,1,0.5,6,4,3,6,2,1,2,956.98,3.8,59,3,0.467
15,40,5,20,FALSE,TRUE,0.25,1.25,1.25,0.5,6,6,3,6,2,1,2,965.52,3.8,62,3,0.48
15,40,5,30,FALSE,TRUE,0.25,1.25,1.25,0.5,6,6,3,6,2,1,2,965.52,3.8,62,3,0.48
15,20,6,20,FALSE,TRUE,0.25,1.25,1.25,0.5,6,6,3,7,2,1,2,742.39,3.8,49,3,0.339
15,20,6,20,FALSE,TRUE,0.25,1.25,1.25,0.5,6,6,3,8,2,1,2,742.39,3.8,49,3,0.339
15,20,6,20,FALSE,TRUE,0.25,1.25,1.5,0.5,6,6,3,7,2,1,2,742.39,3.8,49,3,0.339
15,20,6,20,FALSE,TRUE,0.25,1.25,1.5,0.5,6,6,3,8,2,1,2,742.39,3.8,49,3,0.339
15,20,6,30,TRUE,TRUE,0.25,1.25,1.25,0.5,6,7,3,7,2,1,2,444.39,3.8,51,1.297,-0.047
15,20,6,30,TRUE,TRUE,0.25,1.25,1.25,0.5,6,7,3,8,2,1,2,444.39,3.8,51,1.297,-0.047
15,20,6,30,TRUE,TRUE,0.25,1.25,1.5,0.5,6,7,3,7,2,1,2,444.39,3.8,51,1.297,-0.047
15,20,6,30,TRUE,TRUE,0.25,1.25,1.5,0.5,6,7,3,8,2,1,2,444.39,3.8,51,1.297,-0.047
15,20,6,30,FALSE,TRUE,0.25,1.25,1.25,0.5,6,6,3,7,2,1,2,742.39,3.8,49,3,0.339
15,20,6,30,FALSE,TRUE,0.25,1.25,1.25,0.5,6,6,3,8,2,1,2,742.39,3.8,49,3,0.339
15,20,6,30,FALSE,TRUE,0.25,1.25,1.5,0.5,6,6,3,7,2,1,2,742.39,3.8,49,3,0.339
15,20,6,30,FALSE,TRUE,0.25,1.25,1.5,0.5,6,6,3,8,2,1,2,742.39,3.8,49,3,0.339
15,30,6,20,FALSE,TRUE,0.25,1.25,1.25,0.5,6,6,3,7,2,1,2,742.39,3.8,49,3,0.339
15,30,6,20,FALSE,TRUE,0.25,1.25,1.25,0.5,6,6,3,8,2,1,2,742.39,3.8,49,3,0.339
15,30,6,20,FALSE,TRUE,0.25,1.25,1.5,0.5,6,6,3,7,2,1,2,742.39,3.8,49,3,0.339
15,30,6,20,FALSE,TRUE,0.25,1.25,1.5,0.5,6,6,3,8,2,1,2,742.39,3.8,49,3,0.339
15,30,6,30,FALSE,TRUE,0.25,1.25,1.25,0.5,6,6,3,7,2,1,2,742.39,3.8,49,3,0.339
15,30,6,30,FALSE,TRUE,0.25,1.25,1.25,0.5,6,6,3,8,2,1,2,742.39,3.8,49,3,0.339
15,30,6,30,FALSE,TRUE,0.25,1.25,1.5,0.5,6,6,3,7,2,1,2,742.39,3.8,49,3,0.339
15,30,6,30,FALSE,TRUE,0.25,1.25,1.5,0.5,6,6,3,8,2,1,2,742.39,3.8,49,3,0.339
15,40,6,20,FALSE,TRUE,0.25,1.25,1.25,0.5,6,6,3,7,2,1,2,742.39,3.8,49,3,0.339
15,40,6,20,FALSE,TRUE,0.25,1.25,1.25,0.5,6,6,3,8,2,1,2,742.39,3.8,49,3,0.339
15,40,6,20,FALSE,TRUE,0.25,1.25,1.5,0.5,6,6,3,7,2,1,2,742.39,3.8,49,3,0.339
15,40,6,20,FALSE,TRUE,0.25,1.25,1.5,0.5,6,6,3,8,2,1,2,742.39,3.8,49,3,0.339
15,40,6,30,FALSE,TRUE,0.25,1.25,1.25,0.5,6,6,3,7,2,1,2,742.39,3.8,49,3,0.339
15,40,6,30,FALSE,TRUE,0.25,1.25,1.25,0.5,6,6,3,8,2,1,2,742.39,3.8,49,3,0.339
15,40,6,30,FALSE,TRUE,0.25,1.25,1.5,0.5,6,6,3,7,2,1,2,742.39,3.8,49,3,0.339
15,40,6,30,FALSE,TRUE,0.25,1.25,1.5,0.5,6,6,3,8,2,1,2,742.39,3.8,49,3,0.339
10,20,4,20,FALSE,TRUE,0.25,1.25,1.5,0.5,6,7,3,6,2,1,2,1043.14,3.79,71,3,0.533
10,20,4,30,FALSE,TRUE,0.25,1.25,1.25,0.5,6,4,3,6,2,1,2,967.09,3.79,64,3,0.495
10,30,4,20,FALSE,TRUE,0.25,1.25,1.5,0.5,6,7,3,6,2,1,2,1043.14,3.79,71,3,0.533
10,30,4,30,FALSE,TRUE,0.25,1.25,1.25,0.5,6,4,3,6,2,1,2,967.09,3.79,64,3,0.495
10,20,6,20,TRUE,TRUE,0.25,1,1.25,0.5,6,7,3,6,2,1,2,466.48,3.79,56,1.497,-0.01
10,20,6,20,TRUE,TRUE,0.25,1,1.5,0.5,6,7,3,6,2,1,2,466.48,3.79,56,1.497,-0.01
10,20,6,20,TRUE,TRUE,0.25,1.25,1,0.5,6,4,3,7,2,1,2,473.5,3.79,53,1.497,0.012
10,20,6,20,TRUE,TRUE,0.25,1.25,1,0.5,6,4,3,8,2,1,2,473.5,3.79,53,1.497,0.012
10,20,6,20,TRUE,TRUE,0.25,1.25,1,0.5,6,6,3,6,2,1,2,442.4,3.79,51,1.497,-0.056
10,20,6,20,TRUE,TRUE,0.25,1.25,1.25,0.5,6,4,3,7,2,1,2,472.31,3.79,53,1.497,0.01
10,20,6,20,TRUE,TRUE,0.25,1.25,1.25,0.5,6,4,3,8,2,1,2,472.31,3.79,53,1.497,0.01
10,20,6,20,TRUE,TRUE,0.25,1.25,1.5,0.5,6,4,3,7,2,1,2,472.31,3.79,53,1.497,0.01
10,20,6,20,TRUE,TRUE,0.25,1.25,1.5,0.5,6,4,3,8,2,1,2,472.31,3.79,53,1.497,0.01
10,20,6,20,FALSE,TRUE,0.25,1.25,1.25,0.5,6,4,3,5,2,1,2,727.83,3.79,47,3,0.316
10,20,6,20,FALSE,TRUE,0.25,1.25,1.5,0.5,6,4,3,5,2,1,2,727.83,3.79,47,3,0.316
10,20,6,30,FALSE,TRUE,0.25,1.25,1.25,0.5,6,4,3,5,2,1,2,727.83,3.79,47,3,0.316
10,20,6,30,FALSE,TRUE,0.25,1.25,1.5,0.5,6,4,3,5,2,1,2,727.83,3.79,47,3,0.316
10,30,6,20,TRUE,TRUE,0.25,1,1,0.5,6,7,3,7,2,1,2,501.83,3.79,59,1.497,0.062
10,30,6,20,TRUE,TRUE,0.25,1,1,0.5,6,7,3,8,2,1,2,501.83,3.79,59,1.497,0.062
10,30,6,20,FALSE,TRUE,0.25,1.25,1.25,0.5,6,4,3,5,2,1,2,727.83,3.79,47,3,0.316
10,30,6,20,FALSE,TRUE,0.25,1.25,1.5,0.5,6,4,3,5,2,1,2,727.83,3.79,47,3,0.316
10,30,6,30,FALSE,TRUE,0.25,1.25,1.25,0.5,6,4,3,5,2,1,2,727.83,3.79,47,3,0.316
10,30,6,30,FALSE,TRUE,0.25,1.25,1.5,0.5,6,4,3,5,2,1,2,727.83,3.79,47,3,0.316
10,40,6,20,FALSE,TRUE,0.25,1.5,1.25,0.5,6,5,3,6,2,1,2,733.33,3.79,47,3,0.326
10,40,6,20,FALSE,TRUE,0.25,1.5,1.5,0.5,6,4,3,7,2,1,2,789.92,3.79,49,3,0.389
10,40,6,20,FALSE,TRUE,0.25,1.5,1.5,0.5,6,4,3,8,2,1,2,789.92,3.79,49,3,0.389
10,40,6,30,TRUE,TRUE,0.25,1,1,0.5,6,6,3,7,2,1,2,496.11,3.79,56,1.497,0.053
10,40,6,30,TRUE,TRUE,0.25,1,1,0.5,6,6,3,8,2,1,2,496.11,3.79,56,1.497,0.053
10,40,6,30,TRUE,TRUE,0.25,1.25,1.25,0.5,6,4,3,5,2,1,2,430.71,3.79,46,1.497,-0.083
10,40,6,30,TRUE,TRUE,0.25,1.25,1.5,0.5,6,4,3,5,2,1,2,430.71,3.79,46,1.497,-0.083
10,40,6,30,TRUE,TRUE,0.25,1.5,1,0.5,6,4,3,6,2,1,2,437.43,3.79,47,1.497,-0.065
10,40,6,30,FALSE,TRUE,0.25,1.5,1.25,0.5,6,5,3,6,2,1,2,733.33,3.79,47,3,0.326
10,40,6,30,FALSE,TRUE,0.25,1.5,1.5,0.5,6,4,3,7,2,1,2,789.92,3.79,49,3,0.389
10,40,6,30,FALSE,TRUE,0.25,1.5,1.5,0.5,6,4,3,8,2,1,2,789.92,3.79,49,3,0.389
15,20,4,20,FALSE,TRUE,0.25,1.25,1.25,0.5,6,4,3,7,2,1,2,987.97,3.79,68,3,0.507
15,20,4,20,FALSE,TRUE,0.25,1.25,1.25,0.5,6,4,3,8,2,1,2,987.97,3.79,68,3,0.507
15,20,4,20,FALSE,TRUE,0.25,1.25,1.5,0.5,6,6,3,7,2,1,2,992.52,3.79,69,3,0.516
15,20,4,20,FALSE,TRUE,0.25,1.25,1.5,0.5,6,6,3,8,2,1,2,992.52,3.79,69,3,0.516
15,20,4,30,TRUE,TRUE,0.25,1.25,1.25,0.5,6,4,3,6,2,1,2,499.51,3.79,65,1.297,0.065
15,20,4,30,TRUE,TRUE,0.25,1.5,1.25,0.5,6,5,3,7,2,1,2,503.86,3.79,67,1.297,0.076
15,20,4,30,TRUE,TRUE,0.25,1.5,1.25,0.5,6,5,3,8,2,1,2,503.86,3.79,67,1.297,0.076
15,20,4,30,TRUE,TRUE,0.25,1.5,1.25,0.5,6,6,3,7,2,1,2,503.86,3.79,67,1.297,0.076
15,20,4,30,TRUE,TRUE,0.25,1.5,1.25,0.5,6,6,3,8,2,1,2,503.86,3.79,67,1.297,0.076
15,30,4,20,TRUE,TRUE,0.25,1.5,1.25,0.5,6,4,3,7,2,1,2,522.62,3.79,67,1.297,0.101
15,30,4,20,TRUE,TRUE,0.25,1.5,1.25,0.5,6,4,3,8,2,1,2,522.62,3.79,67,1.297,0.101
15,30,4,20,FALSE,TRUE,0.25,1.25,1.25,0.5,6,4,3,7,2,1,2,987.97,3.79,68,3,0.507
15,30,4,20,FALSE,TRUE,0.25,1.25,1.25,0.5,6,4,3,8,2,1,2,987.97,3.79,68,3,0.507
15,30,4,20,FALSE,TRUE,0.25,1.25,1.5,0.5,6,6,3,7,2,1,2,992.52,3.79,69,3,0.516
15,30,4,20,FALSE,TRUE,0.25,1.25,1.5,0.5,6,6,3,8,2,1,2,992.52,3.79,69,3,0.516
15,20,5,20,FALSE,TRUE,0.25,1.5,1.25,0.5,6,6,3,6,2,1,2,960.53,3.79,60,3,0.476
15,20,5,30,TRUE,TRUE,0.25,1.25,1.25,0.5,6,6,3,7,2,1,2,510.63,3.79,64,1.297,0.078
15,20,5,30,TRUE,TRUE,0.25,1.25,1.25,0.5,6,6,3,8,2,1,2,510.63,3.79,64,1.297,0.078
15,20,5,30,FALSE,TRUE,0.25,1.5,1.25,0.5,6,6,3,6,2,1,2,960.53,3.79,60,3,0.476
15,30,5,20,FALSE,TRUE,0.25,1.5,1.25,0.5,6,6,3,6,2,1,2,960.53,3.79,60,3,0.476
15,30,5,30,FALSE,TRUE,0.25,1.5,1.25,0.5,6,6,3,6,2,1,2,960.53,3.79,60,3,0.476
10,20,4,20,TRUE,TRUE,0.25,1.25,1.25,0.5,6,7,3,6,2,1,2,527.27,3.78,72,1.497,0.115
10,20,4,20,FALSE,TRUE,0.25,1.25,1.25,0.5,6,6,3,7,2,1,2,1044.77,3.78,71,3,0.548
10,20,4,20,FALSE,TRUE,0.25,1.25,1.25,0.5,6,6,3,8,2,1,2,1044.77,3.78,71,3,0.548
10,30,4,20,FALSE,TRUE,0.25,1.25,1.25,0.5,6,6,3,7,2,1,2,1044.77,3.78,71,3,0.548
10,30,4,20,FALSE,TRUE,0.25,1.25,1.25,0.5,6,6,3,8,2,1,2,1044.77,3.78,71,3,0.548
10,20,6,20,TRUE,TRUE,0.25,1,1,0.5,6,6,3,6,2,1,2,455.56,3.78,52,1.497,-0.031
10,20,6,20,TRUE,TRUE,0.25,1.25,1.25,0.5,6,5,3,6,2,1,2,442.96,3.78,51,1.497,-0.053
10,20,6,20,TRUE,TRUE,0.25,1.25,1.5,0.5,6,5,3,6,2,1,2,442.96,3.78,51,1.497,-0.053
10,20,6,20,FALSE,TRUE,0.25,1,1,0.5,6,5,3,7,2,1,2,843.65,3.78,55,3,0.434
10,20,6,20,FALSE,TRUE,0.25,1,1,0.5,6,5,3,8,2,1,2,843.65,3.78,55,3,0.434
10,20,6,30,FALSE,TRUE,0.25,1,1,0.5,6,5,3,7,2,1,2,843.65,3.78,55,3,0.434
10,20,6,30,FALSE,TRUE,0.25,1,1,0.5,6,5,3,8,2,1,2,843.65,3.78,55,3,0.434
10,30,6,20,TRUE,TRUE,0.25,1,1.25,0.5,6,7,3,7,2,1,2,501.01,3.78,59,1.497,0.061
10,30,6,20,TRUE,TRUE,0.25,1,1.25,0.5,6,7,3,8,2,1,2,501.01,3.78,59,1.497,0.061
10,30,6,20,TRUE,TRUE,0.25,1,1.5,0.5,6,7,3,7,2,1,2,501.01,3.78,59,1.497,0.061
10,30,6,20,TRUE,TRUE,0.25,1,1.5,0.5,6,7,3,8,2,1,2,501.01,3.78,59,1.497,0.061
10,30,6,20,TRUE,TRUE,0.25,1.25,1,0.5,6,7,3,5,2,1,2,448.59,3.78,53,1.497,-0.043
10,30,6,20,FALSE,TRUE,0.25,1,1,0.5,6,5,3,7,2,1,2,843.65,3.78,55,3,0.434
10,30,6,20,FALSE,TRUE,0.25,1,1,0.5,6,5,3,8,2,1,2,843.65,3.78,55,3,0.434
10,30,6,30,TRUE,TRUE,0.25,1,1,0.5,6,4,3,5,2,1,2,452.44,3.78,49,1.497,-0.04
10,30,6,30,TRUE,TRUE,0.25,1,1.25,0.5,6,4,3,5,2,1,2,451.61,3.78,49,1.497,-0.041
10,30,6,30,TRUE,TRUE,0.25,1,1.25,0.5,6,5,3,6,2,1,2,465.29,3.78,52,1.497,-0.012
10,30,6,30,TRUE,TRUE,0.25,1,1.5,0.5,6,4,3,5,2,1,2,451.61,3.78,49,1.497,-0.041
10,30,6,30,TRUE,TRUE,0.25,1,1.5,0.5,6,5,3,6,2,1,2,465.29,3.78,52,1.497,-0.012
10,30,6,30,FALSE,TRUE,0.25,1,1,0.5,6,5,3,7,2,1,2,843.65,3.78,55,3,0.434
10,30,6,30,FALSE,TRUE,0.25,1,1,0.5,6,5,3,8,2,1,2,843.65,3.78,55,3,0.434
10,40,6,20,FALSE,TRUE,0.25,1.5,1.5,0.5,6,5,3,6,2,1,2,730.75,3.78,47,3,0.325
10,40,6,30,TRUE,TRUE,0.25,1,1,0.5,6,7,3,7,2,1,2,501.94,3.78,59,1.497,0.063
10,40,6,30,TRUE,TRUE,0.25,1,1,0.5,6,7,3,8,2,1,2,501.94,3.78,59,1.497,0.063
10,40,6,30,TRUE,TRUE,0.25,1,1.25,0.5,6,6,3,7,2,1,2,495.28,3.78,56,1.497,0.052
10,40,6,30,TRUE,TRUE,0.25,1,1.25,0.5,6,6,3,8,2,1,2,495.28,3.78,56,1.497,0.052
10,40,6,30,TRUE,TRUE,0.25,1,1.5,0.5,6,6,3,7,2,1,2,495.28,3.78,56,1.497,0.052
10,40,6,30,TRUE,TRUE,0.25,1,1.5,0.5,6,6,3,8,2,1,2,495.28,3.78,56,1.497,0.052
10,40,6,30,TRUE,TRUE,0.25,1.25,1,0.5,6,5,3,6,2,1,2,442.58,3.78,49,1.497,-0.057
10,40,6,30,FALSE,TRUE,0.25,1.5,1.5,0.5,6,5,3,6,2,1,2,730.75,3.78,47,3,0.325
15,20,4,20,TRUE,TRUE,0.25,1.25,1.25,0.5,6,6,3,7,2,1,2,509.56,3.78,70,1.297,0.086
15,20,4,20,TRUE,TRUE,0.25,1.25,1.25,0.5,6,6,3,8,2,1,2,509.56,3.78,70,1.297,0.086
15,20,4,20,TRUE,TRUE,0.25,1.5,1.25,0.5,6,5,3,6,2,1,2,503.62,3.78,67,1.297,0.075
15,20,4,20,FALSE,TRUE,0.25,1.25,1.25,0.5,6,7,3,7,2,1,2,1051.92,3.78,73,3,0.538
15,20,4,20,FALSE,TRUE,0.25,1.25,1.25,0.5,6,7,3,8,2,1,2,1051.92,3.78,73,3,0.538
15,20,4,30,FALSE,TRUE,0.25,1.25,1.25,0.5,6,6,3,6,2,1,2,980.21,3.78,67,3,0.504
15,30,4,20,FALSE,TRUE,0.25,1.25,1.25,0.5,6,7,3,7,2,1,2,1051.92,3.78,73,3,0.538
15,30,4,20,FALSE,TRUE,0.25,1.25,1.25,0.5,6,7,3,8,2,1,2,1051.92,3.78,73,3,0.538
15,30,4,30,FALSE,TRUE,0.25,1.25,1.25,0.5,6,6,3,6,2,1,2,980.21,3.78,67,3,0.504
15,40,4,20,FALSE,TRUE,0.25,1.5,1.25,0.5,6,4,3,7,2,1,2,982.72,3.78,66,3,0.501
15,40,4,20,FALSE,TRUE,0.25,1.5,1.25,0.5,6,4,3,8,2,1,2,982.72,3.78,66,3,0.501
15,40,4,20,FALSE,TRUE,0.25,1.5,1.5,0.5,6,6,3,7,2,1,2,984.69,3.78,67,3,0.512
15,40,4,20,FALSE,TRUE,0.25,1.5,1.5,0.5,6,6,3,8,2,1,2,984.69,3.78,67,3,0.512
15,40,4,30,FALSE,TRUE,0.25,1,1,0.5,6,4,3,6,2,1,2,1020.58,3.78,68,3,0.519
15,40,4,30,FALSE,TRUE,0.25,1,1.25,0.5,6,4,3,6,2,1,2,1020.58,3.78,68,3,0.519
15,40,4,30,FALSE,TRUE,0.25,1,1.5,0.5,6,4,3,6,2,1,2,1020.58,3.78,68,3,0.519
15,40,4,30,FALSE,TRUE,0.25,1.5,1.25,0.5,6,6,3,6,2,1,2,976.85,3.78,65,3,0.499
15,20,6,20,FALSE,TRUE,0.25,1.25,1.25,0.5,6,6,3,6,2,1,2,736.71,3.78,48,3,0.331
15,20,6,20,FALSE,TRUE,0.25,1.25,1.5,0.5,6,6,3,6,2,1,2,736.71,3.78,48,3,0.331
15,20,6,30,TRUE,TRUE,0.25,1.25,1.25,0.5,6,7,3,6,2,1,2,440.95,3.78,50,1.297,-0.055
15,20,6,30,TRUE,TRUE,0.25,1.25,1.5,0.5,6,7,3,6,2,1,2,440.95,3.78,50,1.297,-0.055
15,20,6,30,FALSE,TRUE,0.25,1.25,1.25,0.5,6,6,3,6,2,1,2,736.71,3.78,48,3,0.331
15,20,6,30,FALSE,TRUE,0.25,1.25,1.5,0.5,6,6,3,6,2,1,2,736.71,3.78,48,3,0.331
15,30,6,20,FALSE,TRUE,0.25,1.25,1.25,0.5,6,6,3,6,2,1,2,736.71,3.78,48,3,0.331
15,30,6,20,FALSE,TRUE,0.25,1.25,1.5,0.5,6,6,3,6,2,1,2,736.71,3.78,48,3,0.331
15,30,6,30,FALSE,TRUE,0.25,1.25,1.25,0.5,6,6,3,6,2,1,2,736.71,3.78,48,3,0.331
15,30,6,30,FALSE,TRUE,0.25,1.25,1.5,0.5,6,6,3,6,2,1,2,736.71,3.78,48,3,0.331
15,40,6,20,FALSE,TRUE,0.25,1.25,1.25,0.5,6,6,3,6,2,1,2,736.71,3.78,48,3,0.331
15,40,6,20,FALSE,TRUE,0.25,1.25,1.5,0.5,6,6,3,6,2,1,2,736.71,3.78,48,3,0.331
15,40,6,30,FALSE,TRUE,0.25,1.25,1.25,0.5,6,6,3,6,2,1,2,736.71,3.78,48,3,0.331
15,40,6,30,FALSE,TRUE,0.25,1.25,1.5,0.5,6,6,3,6,2,1,2,736.71,3.78,48,3,0.331
10,20,6,20,FALSE,TRUE,0.25,1,1.25,0.5,6,5,3,7,2,1,2,842.03,3.77,55,3,0.432
10,20,6,20,FALSE,TRUE,0.25,1,1.25,0.5,6,5,3,8,2,1,2,842.03,3.77,55,3,0.432
10,20,6,20,FALSE,TRUE,0.25,1,1.5,0.5,6,5,3,7,2,1,2,842.03,3.77,55,3,0.432
10,20,6,20,FALSE,TRUE,0.25,1,1.5,0.5,6,5,3,8,2,1,2,842.03,3.77,55,3,0.432
10,20,6,20,FALSE,TRUE,0.25,1.25,1,0.5,6,5,3,7,2,1,2,815.91,3.77,54,3,0.41
10,20,6,20,FALSE,TRUE,0.25,1.25,1,0.5,6,5,3,8,2,1,2,815.91,3.77,54,3,0.41
10,20,6,30,FALSE,TRUE,0.25,1,1.25,0.5,6,5,3,7,2,1,2,842.03,3.77,55,3,0.432
10,20,6,30,FALSE,TRUE,0.25,1,1.25,0.5,6,5,3,8,2,1,2,842.03,3.77,55,3,0.432
10,20,6,30,FALSE,TRUE,0.25,1,1.5,0.5,6,5,3,7,2,1,2,842.03,3.77,55,3,0.432
10,20,6,30,FALSE,TRUE,0.25,1,1.5,0.5,6,5,3,8,2,1,2,842.03,3.77,55,3,0.432
10,20,6,30,FALSE,TRUE,0.25,1.25,1,0.5,6,5,3,7,2,1,2,815.91,3.77,54,3,0.41
10,20,6,30,FALSE,TRUE,0.25,1.25,1,0.5,6,5,3,8,2,1,2,815.91,3.77,54,3,0.41
10,30,6,20,TRUE,TRUE,0.25,1.25,1.25,0.5,6,5,3,7,2,1,2,477.37,3.77,54,1.497,0.021
10,30,6,20,TRUE,TRUE,0.25,1.25,1.25,0.5,6,5,3,8,2,1,2,477.37,3.77,54,1.497,0.021
10,30,6,20,TRUE,TRUE,0.25,1.25,1.5,0.5,6,5,3,7,2,1,2,477.37,3.77,54,1.497,0.021
10,30,6,20,TRUE,TRUE,0.25,1.25,1.5,0.5,6,5,3,8,2,1,2,477.37,3.77,54,1.497,0.021
10,30,6,20,FALSE,TRUE,0.25,1,1.25,0.5,6,5,3,7,2,1,2,842.03,3.77,55,3,0.432
10,30,6,20,FALSE,TRUE,0.25,1,1.25,0.5,6,5,3,8,2,1,2,842.03,3.77,55,3,0.432
10,30,6,20,FALSE,TRUE,0.25,1,1.5,0.5,6,5,3,7,2,1,2,842.03,3.77,55,3,0.432
10,30,6,20,FALSE,TRUE,0.25,1,1.5,0.5,6,5,3,8,2,1,2,842.03,3.77,55,3,0.432
10,30,6,20,FALSE,TRUE,0.25,1.25,1,0.5,6,5,3,7,2,1,2,815.91,3.77,54,3,0.41
10,30,6,20,FALSE,TRUE,0.25,1.25,1,0.5,6,5,3,8,2,1,2,815.91,3.77,54,3,0.41
10,30,6,30,TRUE,TRUE,0.25,1.25,1,0.5,6,4,3,5,2,1,2,435.03,3.77,47,1.497,-0.072
10,30,6,30,FALSE,TRUE,0.25,1,1.25,0.5,6,5,3,7,2,1,2,842.03,3.77,55,3,0.432
10,30,6,30,FALSE,TRUE,0.25,1,1.25,0.5,6,5,3,8,2,1,2,842.03,3.77,55,3,0.432
10,30,6,30,FALSE,TRUE,0.25,1,1.5,0.5,6,5,3,7,2,1,2,842.03,3.77,55,3,0.432
10,30,6,30,FALSE,TRUE,0.25,1,1.5,0.5,6,5,3,8,2,1,2,842.03,3.77,55,3,0.432
10,30,6,30,FALSE,TRUE,0.25,1.25,1,0.5,6,5,3,7,2,1,2,815.91,3.77,54,3,0.41
10,30,6,30,FALSE,TRUE,0.25,1.25,1,0.5,6,5,3,8,2,1,2,815.91,3.77,54,3,0.41
10,40,6,20,FALSE,TRUE,0.25,1.25,1,0.5,6,4,3,5,2,1,2,722.93,3.77,46,3,0.307
10,40,6,30,TRUE,TRUE,0.25,1,1,0.5,6,5,3,6,2,1,2,455.95,3.77,50,1.497,-0.032
10,40,6,30,TRUE,TRUE,0.25,1,1.25,0.5,6,7,3,7,2,1,2,501.12,3.77,59,1.497,0.061
10,40,6,30,TRUE,TRUE,0.25,1,1.25,0.5,6,7,3,8,2,1,2,501.12,3.77,59,1.497,0.061
10,40,6,30,TRUE,TRUE,0.25,1,1.5,0.5,6,7,3,7,2,1,2,501.12,3.77,59,1.497,0.061
10,40,6,30,TRUE,TRUE,0.25,1,1.5,0.5,6,7,3,8,2,1,2,501.12,3.77,59,1.497,0.061
10,40,6,30,TRUE,TRUE,0.25,1.25,1.25,0.5,6,6,3,5,2,1,2,435.07,3.77,49,1.497,-0.071
10,40,6,30,TRUE,TRUE,0.25,1.25,1.5,0.5,6,6,3,5,2,1,2,435.07,3.77,49,1.497,-0.071
10,40,6,30,FALSE,TRUE,0.25,1.25,1,0.5,6,4,3,5,2,1,2,722.93,3.77,46,3,0.307
15,20,4,20,TRUE,TRUE,0.25,1.5,1.5,0.5,6,6,3,7,2,1,2,504.59,3.77,68,1.297,0.078
15,20,4,20,TRUE,TRUE,0.25,1.5,1.5,0.5,6,6,3,8,2,1,2,504.59,3.77,68,1.297,0.078
15,20,4,20,FALSE,TRUE,0.25,1.25,1.25,0.5,6,4,3,6,2,1,2,982.28,3.77,67,3,0.501
15,20,4,20,FALSE,TRUE,0.25,1.25,1.25,0.5,6,7,3,6,2,1,2,1046.24,3.77,72,3,0.532
15,20,4,20,FALSE,TRUE,0.25,1.25,1.5,0.5,6,6,3,6,2,1,2,986.83,3.77,68,3,0.509
15,20,4,30,TRUE,TRUE,0.25,1.5,1.25,0.5,6,6,3,6,2,1,2,500.49,3.77,66,1.297,0.069
15,30,4,20,TRUE,TRUE,0.25,1.5,1.25,0.5,6,4,3,6,2,1,2,519.02,3.77,66,1.297,0.095
15,30,4,20,FALSE,TRUE,0.25,1.25,1.25,0.5,6,4,3,6,2,1,2,982.28,3.77,67,3,0.501
15,30,4,20,FALSE,TRUE,0.25,1.25,1.25,0.5,6,7,3,6,2,1,2,1046.24,3.77,72,3,0.532
15,30,4,20,FALSE,TRUE,0.25,1.25,1.5,0.5,6,6,3,6,2,1,2,986.83,3.77,68,3,0.509
15,30,4,30,TRUE,TRUE,0.25,1.5,1.25,0.5,6,4,3,7,2,1,2,518.87,3.77,66,1.297,0.095
15,30,4,30,TRUE,TRUE,0.25,1.5,1.25,0.5,6,4,3,8,2,1,2,518.87,3.77,66,1.297,0.095
15,40,4,20,FALSE,TRUE,0.25,1.5,1.25,0.5,6,4,3,6,2,1,2,977.04,3.77,65,3,0.495
15,40,4,30,FALSE,TRUE,0.25,1.25,1.25,0.5,6,4,3,6,2,1,2,970.58,3.77,64,3,0.493
15,20,5,30,TRUE,TRUE,0.25,1.25,1.25,0.5,6,6,3,6,2,1,2,507.26,3.77,63,1.297,0.071
15,30,6,30,TRUE,TRUE,0.25,1.25,1.25,0.5,6,7,3,7,2,1,2,446.47,3.77,51,1.297,-0.043
15,30,6,30,TRUE,TRUE,0.25,1.25,1.25,0.5,6,7,3,8,2,1,2,446.47,3.77,51,1.297,-0.043
15,30,6,30,TRUE,TRUE,0.25,1.25,1.5,0.5,6,7,3,7,2,1,2,446.47,3.77,51,1.297,-0.043
15,30,6,30,TRUE,TRUE,0.25,1.25,1.5,0.5,6,7,3,8,2,1,2,446.47,3.77,51,1.297,-0.043
10,20,6,20,TRUE,TRUE,0.25,1,1,0.5,6,7,3,6,2,1,2,460.97,3.76,55,1.497,-0.022
10,20,6,20,FALSE,TRUE,0.25,1.5,1.25,0.5,6,4,3,6,2,1,2,732.74,3.76,47,3,0.326
10,20,6,30,FALSE,TRUE,0.25,1.5,1.25,0.5,6,4,3,6,2,1,2,732.74,3.76,47,3,0.326
10,30,6,20,FALSE,TRUE,0.25,1.5,1.25,0.5,6,4,3,6,2,1,2,732.74,3.76,47,3,0.326
10,30,6,30,TRUE,TRUE,0.25,1.25,1.25,0.5,6,4,3,5,2,1,2,433.84,3.76,47,1.497,-0.075
10,30,6,30,TRUE,TRUE,0.25,1.25,1.5,0.5,6,4,3,5,2,1,2,433.84,3.76,47,1.497,-0.075
10,30,6,30,TRUE,TRUE,0.25,1.5,1,0.5,6,4,3,6,2,1,2,440.56,3.76,48,1.497,-0.058
10,30,6,30,FALSE,TRUE,0.25,1.5,1.25,0.5,6,4,3,6,2,1,2,732.74,3.76,47,3,0.326
10,40,6,20,TRUE,TRUE,0.25,1,1.25,0.5,6,6,3,6,2,1,2,460.38,3.76,53,1.497,-0.021
10,40,6,20,TRUE,TRUE,0.25,1,1.5,0.5,6,6,3,6,2,1,2,460.38,3.76,53,1.497,-0.021
10,40,6,20,FALSE,TRUE,0.25,1.25,1.25,0.5,6,4,3,5,2,1,2,720.57,3.76,46,3,0.306
10,40,6,20,FALSE,TRUE,0.25,1.25,1.5,0.5,6,4,3,5,2,1,2,720.57,3.76,46,3,0.306
10,40,6,30,FALSE,TRUE,0.25,1.25,1.25,0.5,6,4,3,5,2,1,2,720.57,3.76,46,3,0.306
10,40,6,30,FALSE,TRUE,0.25,1.25,1.5,0.5,6,4,3,5,2,1,2,720.57,3.76,46,3,0.306
15,20,4,20,TRUE,TRUE,0.25,1.25,1.25,0.5,6,6,3,6,2,1,2,506.12,3.76,69,1.297,0.079
15,20,4,20,FALSE,TRUE,0.25,1.5,1,0.5,6,6,3,7,2,1,2,997.22,3.76,69,3,0.517
15,20,4,20,FALSE,TRUE,0.25,1.5,1,0.5,6,6,3,8,2,1,2,997.22,3.76,69,3,0.517
15,20,4,20,FALSE,TRUE,0.25,1.5,1.5,0.5,6,5,3,7,2,1,2,982.73,3.76,67,3,0.51
15,20,4,20,FALSE,TRUE,0.25,1.5,1.5,0.5,6,5,3,8,2,1,2,982.73,3.76,67,3,0.51
15,20,4,30,TRUE,TRUE,0.25,1.5,1.25,0.5,6,5,3,6,2,1,2,497.69,3.76,65,1.297,0.064
15,20,4,30,FALSE,TRUE,0.25,1,1,0.5,6,4,3,7,2,1,2,1028.04,3.76,71,3,0.526
15,20,4,30,FALSE,TRUE,0.25,1,1,0.5,6,4,3,8,2,1,2,1028.04,3.76,71,3,0.526
15,20,4,30,FALSE,TRUE,0.25,1,1.25,0.5,6,4,3,7,2,1,2,1028.04,3.76,71,3,0.526
15,20,4,30,FALSE,TRUE,0.25,1,1.25,0.5,6,4,3,8,2,1,2,1028.04,3.76,71,3,0.526
15,20,4,30,FALSE,TRUE,0.25,1,1.5,0.5,6,4,3,7,2,1,2,1028.04,3.76,71,3,0.526
15,20,4,30,FALSE,TRUE,0.25,1,1.5,0.5,6,4,3,8,2,1,2,1028.04,3.76,71,3,0.526
15,20,4,30,FALSE,TRUE,0.25,1.25,1.25,0.5,6,4,3,7,2,1,2,978.04,3.76,67,3,0.5
15,20,4,30,FALSE,TRUE,0.25,1.25,1.25,0.5,6,4,3,8,2,1,2,978.04,3.76,67,3,0.5
15,20,4,30,FALSE,TRUE,0.25,1.25,1.25,0.5,6,5,3,6,2,1,2,973.5,3.76,66,3,0.498
15,30,4,20,FALSE,TRUE,0.25,1.5,1,0.5,6,6,3,7,2,1,2,997.22,3.76,69,3,0.517
15,30,4,20,FALSE,TRUE,0.25,1.5,1,0.5,6,6,3,8,2,1,2,997.22,3.76,69,3,0.517
15,30,4,20,FALSE,TRUE,0.25,1.5,1.5,0.5,6,5,3,7,2,1,2,982.73,3.76,67,3,0.51
15,30,4,20,FALSE,TRUE,0.25,1.5,1.5,0.5,6,5,3,8,2,1,2,982.73,3.76,67,3,0.51
15,30,4,30,FALSE,TRUE,0.25,1,1,0.5,6,4,3,7,2,1,2,1028.04,3.76,71,3,0.526
15,30,4,30,FALSE,TRUE,0.25,1,1,0.5,6,4,3,8,2,1,2,1028.04,3.76,71,3,0.526
15,30,4,30,FALSE,TRUE,0.25,1,1.25,0.5,6,4,3,7,2,1,2,1028.04,3.76,71,3,0.526
15,30,4,30,FALSE,TRUE,0.25,1,1.25,0.5,6,4,3,8,2,1,2,1028.04,3.76,71,3,0.526
15,30,4,30,FALSE,TRUE,0.25,1,1.5,0.5,6,4,3,7,2,1,2,1028.04,3.76,71,3,0.526
15,30,4,30,FALSE,TRUE,0.25,1,1.5,0.5,6,4,3,8,2,1,2,1028.04,3.76,71,3,0.526
15,30,4,30,FALSE,TRUE,0.25,1.25,1.25,0.5,6,4,3,7,2,1,2,978.04,3.76,67,3,0.5
15,30,4,30,FALSE,TRUE,0.25,1.25,1.25,0.5,6,4,3,8,2,1,2,978.04,3.76,67,3,0.5
15,30,4,30,FALSE,TRUE,0.25,1.25,1.25,0.5,6,5,3,6,2,1,2,973.5,3.76,66,3,0.498
15,40,4,20,FALSE,TRUE,0.25,1.5,1.5,0.5,6,6,3,6,2,1,2,979.01,3.76,66,3,0.505
15,40,4,30,FALSE,TRUE,0.25,1.5,1.25,0.5,6,4,3,7,2,1,2,974.68,3.76,65,3,0.495
15,40,4,30,FALSE,TRUE,0.25,1.5,1.25,0.5,6,4,3,8,2,1,2,974.68,3.76,65,3,0.495
15,40,4,30,FALSE,TRUE,0.25,1.5,1.25,0.5,6,5,3,6,2,1,2,970.14,3.76,64,3,0.494
15,20,5,20,FALSE,TRUE,0.25,1.25,1.25,0.5,6,6,3,7,2,1,2,966.27,3.76,64,3,0.482
15,20,5,20,FALSE,TRUE,0.25,1.25,1.25,0.5,6,6,3,8,2,1,2,966.27,3.76,64,3,0.482
15,20,5,30,FALSE,TRUE,0.25,1.25,1.25,0.5,6,6,3,7,2,1,2,966.27,3.76,64,3,0.482
15,20,5,30,FALSE,TRUE,0.25,1.25,1.25,0.5,6,6,3,8,2,1,2,966.27,3.76,64,3,0.482
15,30,5,20,FALSE,TRUE,0.25,1.25,1.25,0.5,6,6,3,7,2,1,2,966.27,3.76,64,3,0.482
15,30,5,20,FALSE,TRUE,0.25,1.25,1.25,0.5,6,6,3,8,2,1,2,966.27,3.76,64,3,0.482
15,30,5,30,FALSE,TRUE,0.25,1.25,1.25,0.5,6,6,3,7,2,1,2,966.27,3.76,64,3,0.482
15,30,5,30,FALSE,TRUE,0.25,1.25,1.25,0.5,6,6,3,8,2,1,2,966.27,3.76,64,3,0.482
15,20,6,20,FALSE,TRUE,0.25,1.25,1,0.5,6,7,3,7,2,1,2,745.8,3.76,51,3,0.34
15,20,6,20,FALSE,TRUE,0.25,1.25,1,0.5,6,7,3,8,2,1,2,745.8,3.76,51,3,0.34
15,20,6,30,FALSE,TRUE,0.25,1.25,1,0.5,6,7,3,7,2,1,2,745.8,3.76,51,3,0.34
15,20,6,30,FALSE,TRUE,0.25,1.25,1,0.5,6,7,3,8,2,1,2,745.8,3.76,51,3,0.34
15,30,6,20,FALSE,TRUE,0.25,1.25,1,0.5,6,7,3,7,2,1,2,745.8,3.76,51,3,0.34
15,30,6,20,FALSE,TRUE,0.25,1.25,1,0.5,6,7,3,8,2,1,2,745.8,3.76,51,3,0.34
15,30,6,30,FALSE,TRUE,0.25,1.25,1,0.5,6,7,3,7,2,1,2,745.8,3.76,51,3,0.34
15,30,6,30,FALSE,TRUE,0.25,1.25,1,0.5,6,7,3,8,2,1,2,745.8,3.76,51,3,0.34
15,40,6,20,FALSE,TRUE,0.25,1.25,1,0.5,6,7,3,7,2,1,2,745.8,3.76,51,3,0.34
15,40,6,20,FALSE,TRUE,0.25,1.25,1,0.5,6,7,3,8,2,1,2,745.8,3.76,51,3,0.34
15,40,6,30,TRUE,TRUE,0.25,1.25,1.25,0.5,6,7,3,7,2,1,2,446.04,3.76,51,1.297,-0.044
15,40,6,30,TRUE,TRUE,0.25,1.25,1.25,0.5,6,7,3,8,2,1,2,446.04,3.76,51,1.297,-0.044
15,40,6,30,TRUE,TRUE,0.25,1.25,1.5,0.5,6,7,3,7,2,1,2,446.04,3.76,51,1.297,-0.044
15,40,6,30,TRUE,TRUE,0.25,1.25,1.5,0.5,6,7,3,8,2,1,2,446.04,3.76,51,1.297,-0.044
15,40,6,30,FALSE,TRUE,0.25,1.25,1,0.5,6,7,3,7,2,1,2,745.8,3.76,51,3,0.34
15,40,6,30,FALSE,TRUE,0.25,1.25,1,0.5,6,7,3,8,2,1,2,745.8,3.76,51,3,0.34
10,20,4,20,FALSE,TRUE,0.25,1.5,1.25,0.5,6,6,3,6,2,1,2,974.84,3.75,67,3,0.504
10,30,4,20,FALSE,TRUE,0.25,1.5,1.25,0.5,6,6,3,6,2,1,2,974.84,3.75,67,3,0.504
10,20,6,20,FALSE,TRUE,0.25,1.5,1.5,0.5,6,4,3,6,2,1,2,730.15,3.75,47,3,0.325
10,20,6,30,TRUE,TRUE,0.25,1,1,0.5,6,4,3,7,2,1,2,490.03,3.75,55,1.497,0.042
10,20,6,30,TRUE,TRUE,0.25,1,1,0.5,6,4,3,8,2,1,2,490.03,3.75,55,1.497,0.042
10,20,6,30,TRUE,TRUE,0.25,1,1.25,0.5,6,6,3,6,2,1,2,460.4,3.75,53,1.497,-0.02
10,20,6,30,TRUE,TRUE,0.25,1,1.5,0.5,6,6,3,6,2,1,2,460.4,3.75,53,1.497,-0.02
10,20,6,30,FALSE,TRUE,0.25,1.5,1.5,0.5,6,4,3,6,2,1,2,730.15,3.75,47,3,0.325
10,30,6,20,FALSE,TRUE,0.25,1.5,1.5,0.5,6,4,3,6,2,1,2,730.15,3.75,47,3,0.325
10,30,6,30,TRUE,TRUE,0.25,1,1,0.5,6,5,3,6,2,1,2,459.08,3.75,51,1.497,-0.025
10,30,6,30,TRUE,TRUE,0.25,1.25,1,0.5,6,5,3,6,2,1,2,445.71,3.75,50,1.497,-0.05
10,30,6,30,TRUE,TRUE,0.25,1.25,1,0.5,6,6,3,7,2,1,2,482.38,3.75,55,1.497,0.029
10,30,6,30,TRUE,TRUE,0.25,1.25,1,0.5,6,6,3,8,2,1,2,482.38,3.75,55,1.497,0.029
10,30,6,30,FALSE,TRUE,0.25,1.5,1.5,0.5,6,4,3,6,2,1,2,730.15,3.75,47,3,0.325
10,40,6,20,TRUE,TRUE,0.25,1,1.25,0.5,6,7,3,6,2,1,2,465.78,3.75,56,1.497,-0.012
10,40,6,20,TRUE,TRUE,0.25,1,1.5,0.5,6,7,3,6,2,1,2,465.78,3.75,56,1.497,-0.012
10,40,6,20,FALSE,TRUE,0.25,1,1,0.5,6,5,3,7,2,1,2,836.39,3.75,54,3,0.424
10,40,6,20,FALSE,TRUE,0.25,1,1,0.5,6,5,3,8,2,1,2,836.39,3.75,54,3,0.424
10,40,6,20,FALSE,TRUE,0.25,1,1.25,0.5,6,5,3,7,2,1,2,834.77,3.75,54,3,0.423
10,40,6,20,FALSE,TRUE,0.25,1,1.25,0.5,6,5,3,8,2,1,2,834.77,3.75,54,3,0.423
10,40,6,20,FALSE,TRUE,0.25,1,1.5,0.5,6,5,3,7,2,1,2,834.77,3.75,54,3,0.423
10,40,6,20,FALSE,TRUE,0.25,1,1.5,0.5,6,5,3,8,2,1,2,834.77,3.75,54,3,0.423
10,40,6,30,TRUE,TRUE,0.25,1.25,1,0.5,6,7,3,5,2,1,2,446.91,3.75,53,1.497,-0.046
10,40,6,30,FALSE,TRUE,0.25,1,1,0.5,6,5,3,7,2,1,2,836.39,3.75,54,3,0.424
10,40,6,30,FALSE,TRUE,0.25,1,1,0.5,6,5,3,8,2,1,2,836.39,3.75,54,3,0.424
10,40,6,30,FALSE,TRUE,0.25,1,1.25,0.5,6,5,3,7,2,1,2,834.77,3.75,54,3,0.423
10,40,6,30,FALSE,TRUE,0.25,1,1.25,0.5,6,5,3,8,2,1,2,834.77,3.75,54,3,0.423
10,40,6,30,FALSE,TRUE,0.25,1,1.5,0.5,6,5,3,7,2,1,2,834.77,3.75,54,3,0.423
10,40,6,30,FALSE,TRUE,0.25,1,1.5,0.5,6,5,3,8,2,1,2,834.77,3.75,54,3,0.423
15,20,4,20,TRUE,TRUE,0.25,1.5,1.5,0.5,6,6,3,6,2,1,2,501.15,3.75,67,1.297,0.071
15,30,6,30,TRUE,TRUE,0.25,1.25,1.25,0.5,6,7,3,6,2,1,2,442.87,3.75,50,1.297,-0.051
15,30,6,30,TRUE,TRUE,0.25,1.25,1.5,0.5,6,7,3,6,2,1,2,442.87,3.75,50,1.297,-0.051
10,20,6,20,FALSE,TRUE,0.25,1.5,1,0.5,6,6,3,7,2,1,2,804.76,3.74,53,3,0.4
10,20,6,20,FALSE,TRUE,0.25,1.5,1,0.5,6,6,3,8,2,1,2,804.76,3.74,53,3,0.4
10,20,6,30,TRUE,TRUE,0.25,1,1.25,0.5,6,4,3,7,2,1,2,489.2,3.74,55,1.497,0.04
10,20,6,30,TRUE,TRUE,0.25,1,1.25,0.5,6,4,3,8,2,1,2,489.2,3.74,55,1.497,0.04
10,20,6,30,TRUE,TRUE,0.25,1,1.25,0.5,6,7,3,6,2,1,2,466.23,3.74,56,1.497,-0.01
10,20,6,30,TRUE,TRUE,0.25,1,1.5,0.5,6,4,3,7,2,1,2,489.2,3.74,55,1.497,0.04
10,20,6,30,TRUE,TRUE,0.25,1,1.5,0.5,6,4,3,8,2,1,2,489.2,3.74,55,1.497,0.04
10,20,6,30,TRUE,TRUE,0.25,1,1.5,0.5,6,7,3,6,2,1,2,466.23,3.74,56,1.497,-0.01
10,20,6,30,FALSE,TRUE,0.25,1.5,1,0.5,6,6,3,7,2,1,2,804.76,3.74,53,3,0.4
10,20,6,30,FALSE,TRUE,0.25,1.5,1,0.5,6,6,3,8,2,1,2,804.76,3.74,53,3,0.4
10,30,6,20,FALSE,TRUE,0.25,1.5,1,0.5,6,6,3,7,2,1,2,804.76,3.74,53,3,0.4
10,30,6,20,FALSE,TRUE,0.25,1.5,1,0.5,6,6,3,8,2,1,2,804.76,3.74,53,3,0.4
10,30,6,30,TRUE,TRUE,0.25,1,1,0.5,6,6,3,7,2,1,2,495.75,3.74,56,1.497,0.053
10,30,6,30,TRUE,TRUE,0.25,1,1,0.5,6,6,3,8,2,1,2,495.75,3.74,56,1.497,0.053
10,30,6,30,TRUE,TRUE,0.25,1,1.25,0.5,6,6,3,7,2,1,2,494.92,3.74,56,1.497,0.051
10,30,6,30,TRUE,TRUE,0.25,1,1.25,0.5,6,6,3,8,2,1,2,494.92,3.74,56,1.497,0.051
10,30,6,30,TRUE,TRUE,0.25,1,1.5,0.5,6,6,3,7,2,1,2,494.92,3.74,56,1.497,0.051
10,30,6,30,TRUE,TRUE,0.25,1,1.5,0.5,6,6,3,8,2,1,2,494.92,3.74,56,1.497,0.051
10,30,6,30,FALSE,TRUE,0.25,1.5,1,0.5,6,6,3,7,2,1,2,804.76,3.74,53,3,0.4
10,30,6,30,FALSE,TRUE,0.25,1.5,1,0.5,6,6,3,8,2,1,2,804.76,3.74,53,3,0.4
10,40,6,20,TRUE,TRUE,0.25,1.25,1,0.5,6,6,3,6,2,1,2,441.59,3.74,51,1.497,-0.058
10,40,6,20,FALSE,TRUE,0.25,1.25,1,0.5,6,5,3,7,2,1,2,808.66,3.74,53,3,0.401
10,40,6,20,FALSE,TRUE,0.25,1.25,1,0.5,6,5,3,8,2,1,2,808.66,3.74,53,3,0.401
10,40,6,30,TRUE,TRUE,0.25,1.25,1.25,0.5,6,5,3,7,2,1,2,473.63,3.74,53,1.497,0.012
10,40,6,30,TRUE,TRUE,0.25,1.25,1.25,0.5,6,5,3,8,2,1,2,473.63,3.74,53,1.497,0.012
10,40,6,30,TRUE,TRUE,0.25,1.25,1.5,0.5,6,5,3,7,2,1,2,473.63,3.74,53,1.497,0.012
10,40,6,30,TRUE,TRUE,0.25,1.25,1.5,0.5,6,5,3,8,2,1,2,473.63,3.74,53,1.497,0.012
10,40,6,30,FALSE,TRUE,0.25,1.25,1,0.5,6,5,3,7,2,1,2,808.66,3.74,53,3,0.401
10,40,6,30,FALSE,TRUE,0.25,1.25,1,0.5,6,5,3,8,2,1,2,808.66,3.74,53,3,0.401
15,20,4,20,TRUE,TRUE,0.25,1.5,1.25,0.5,6,4,3,7,2,1,2,501.94,3.74,67,1.297,0.07
15,20,4,20,TRUE,TRUE,0.25,1.5,1.25,0.5,6,4,3,8,2,1,2,501.94,3.74,67,1.297,0.07
15,20,4,20,FALSE,TRUE,0.25,1.5,1,0.5,6,6,3,6,2,1,2,991.54,3.74,68,3,0.511
15,20,4,20,FALSE,TRUE,0.25,1.5,1.5,0.5,6,5,3,6,2,1,2,977.04,3.74,66,3,0.503
15,20,4,30,TRUE,TRUE,0.25,1.5,1.25,0.5,6,4,3,7,2,1,2,498.74,3.74,66,1.297,0.064
15,20,4,30,TRUE,TRUE,0.25,1.5,1.25,0.5,6,4,3,8,2,1,2,498.74,3.74,66,1.297,0.064
15,20,4,30,FALSE,TRUE,0.25,1.5,1.5,0.5,6,5,3,7,2,1,2,974.69,3.74,66,3,0.504
15,20,4,30,FALSE,TRUE,0.25,1.5,1.5,0.5,6,5,3,8,2,1,2,974.69,3.74,66,3,0.504
15,20,4,30,FALSE,TRUE,0.25,1.5,1.5,0.5,6,6,3,7,2,1,2,974.69,3.74,66,3,0.504
15,20,4,30,FALSE,TRUE,0.25,1.5,1.5,0.5,6,6,3,8,2,1,2,974.69,3.74,66,3,0.504
15,30,4,20,TRUE,TRUE,0.25,1.5,1.25,0.5,6,6,3,7,2,1,2,522.71,3.74,69,1.297,0.104
15,30,4,20,TRUE,TRUE,0.25,1.5,1.25,0.5,6,6,3,8,2,1,2,522.71,3.74,69,1.297,0.104
15,30,4,20,FALSE,TRUE,0.25,1.5,1,0.5,6,6,3,6,2,1,2,991.54,3.74,68,3,0.511
15,30,4,20,FALSE,TRUE,0.25,1.5,1.5,0.5,6,5,3,6,2,1,2,977.04,3.74,66,3,0.503
15,30,4,30,FALSE,TRUE,0.25,1.5,1.5,0.5,6,5,3,7,2,1,2,974.69,3.74,66,3,0.504
15,30,4,30,FALSE,TRUE,0.25,1.5,1.5,0.5,6,5,3,8,2,1,2,974.69,3.74,66,3,0.504
15,30,4,30,FALSE,TRUE,0.25,1.5,1.5,0.5,6,6,3,7,2,1,2,974.69,3.74,66,3,0.504
15,30,4,30,FALSE,TRUE,0.25,1.5,1.5,0.5,6,6,3,8,2,1,2,974.69,3.74,66,3,0.504
15,20,5,20,FALSE,TRUE,0.25,1.25,1.25,0.5,6,6,3,6,2,1,2,960.59,3.74,63,3,0.476
15,20,5,30,FALSE,TRUE,0.25,1.25,1.25,0.5,6,6,3,6,2,1,2,960.59,3.74,63,3,0.476
15,30,5,20,FALSE,TRUE,0.25,1.25,1.25,0.5,6,6,3,6,2,1,2,960.59,3.74,63,3,0.476
15,30,5,30,FALSE,TRUE,0.25,1.25,1.25,0.5,6,6,3,6,2,1,2,960.59,3.74,63,3,0.476
15,40,6,30,TRUE,TRUE,0.25,1.25,1.25,0.5,6,7,3,6,2,1,2,442.27,3.74,50,1.297,-0.052
15,40,6,30,TRUE,TRUE,0.25,1.25,1.5,0.5,6,7,3,6,2,1,2,442.27,3.74,50,1.297,-0.052
10,20,4,20,FALSE,TRUE,0.25,1.25,1.25,0.5,6,6,3,6,2,1,2,977.74,3.73,68,3,0.505
10,20,4,20,FALSE,TRUE,0.25,1.25,1.25,0.5,6,7,3,7,2,1,2,1099.63,3.73,75,3,0.564
10,20,4,20,FALSE,TRUE,0.25,1.25,1.25,0.5,6,7,3,8,2,1,2,1099.63,3.73,75,3,0.564
10,30,4,20,FALSE,TRUE,0.25,1.25,1.25,0.5,6,6,3,6,2,1,2,977.74,3.73,68,3,0.505
10,30,4,20,FALSE,TRUE,0.25,1.25,1.25,0.5,6,7,3,7,2,1,2,1099.63,3.73,75,3,0.564
10,30,4,20,FALSE,TRUE,0.25,1.25,1.25,0.5,6,7,3,8,2,1,2,1099.63,3.73,75,3,0.564
10,20,6,20,TRUE,TRUE,0.25,1.25,1.25,0.5,6,6,3,7,2,1,2,472.43,3.73,55,1.497,0.012
10,20,6,20,TRUE,TRUE,0.25,1.25,1.25,0.5,6,6,3,8,2,1,2,472.43,3.73,55,1.497,0.012
10,20,6,20,TRUE,TRUE,0.25,1.25,1.5,0.5,6,6,3,7,2,1,2,472.43,3.73,55,1.497,0.012
10,20,6,20,TRUE,TRUE,0.25,1.25,1.5,0.5,6,6,3,8,2,1,2,472.43,3.73,55,1.497,0.012
10,20,6,30,TRUE,TRUE,0.25,1.25,1,0.5,6,4,3,7,2,1,2,472.73,3.73,53,1.497,0.011
10,20,6,30,TRUE,TRUE,0.25,1.25,1,0.5,6,4,3,8,2,1,2,472.73,3.73,53,1.497,0.011
10,20,6,30,TRUE,TRUE,0.25,1.25,1.25,0.5,6,4,3,7,2,1,2,471.54,3.73,53,1.497,0.009
10,20,6,30,TRUE,TRUE,0.25,1.25,1.25,0.5,6,4,3,8,2,1,2,471.54,3.73,53,1.497,0.009
10,20,6,30,TRUE,TRUE,0.25,1.25,1.5,0.5,6,4,3,7,2,1,2,471.54,3.73,53,1.497,0.009
10,20,6,30,TRUE,TRUE,0.25,1.25,1.5,0.5,6,4,3,8,2,1,2,471.54,3.73,53,1.497,0.009
10,30,6,30,TRUE,TRUE,0.25,1,1,0.5,6,7,3,7,2,1,2,501.59,3.73,59,1.497,0.062
10,30,6,30,TRUE,TRUE,0.25,1,1,0.5,6,7,3,8,2,1,2,501.59,3.73,59,1.497,0.062
10,30,6,30,TRUE,TRUE,0.25,1,1.25,0.5,6,7,3,7,2,1,2,500.76,3.73,59,1.497,0.061
10,30,6,30,TRUE,TRUE,0.25,1,1.25,0.5,6,7,3,8,2,1,2,500.76,3.73,59,1.497,0.061
10,30,6,30,TRUE,TRUE,0.25,1,1.5,0.5,6,7,3,7,2,1,2,500.76,3.73,59,1.497,0.061
10,30,6,30,TRUE,TRUE,0.25,1,1.5,0.5,6,7,3,8,2,1,2,500.76,3.73,59,1.497,0.061
10,40,6,20,TRUE,TRUE,0.25,1,1,0.5,6,4,3,7,2,1,2,486.08,3.73,54,1.497,0.033
10,40,6,20,TRUE,TRUE,0.25,1,1,0.5,6,4,3,8,2,1,2,486.08,3.73,54,1.497,0.033
10,40,6,20,TRUE,TRUE,0.25,1,1,0.5,6,6,3,6,2,1,2,454.86,3.73,52,1.497,-0.033
10,40,6,20,FALSE,TRUE,0.25,1.5,1,0.5,6,6,3,7,2,1,2,803.67,3.73,53,3,0.399
10,40,6,20,FALSE,TRUE,0.25,1.5,1,0.5,6,6,3,8,2,1,2,803.67,3.73,53,3,0.399
10,40,6,20,FALSE,TRUE,0.25,1.5,1.25,0.5,6,4,3,6,2,1,2,725.48,3.73,46,3,0.316
10,40,6,30,FALSE,TRUE,0.25,1.5,1,0.5,6,6,3,7,2,1,2,803.67,3.73,53,3,0.399
10,40,6,30,FALSE,TRUE,0.25,1.5,1,0.5,6,6,3,8,2,1,2,803.67,3.73,53,3,0.399
10,40,6,30,FALSE,TRUE,0.25,1.5,1.25,0.5,6,4,3,6,2,1,2,725.48,3.73,46,3,0.316
15,20,4,30,FALSE,TRUE,0.25,1,1,0.5,6,4,3,6,2,1,2,1015.64,3.73,69,3,0.515
15,20,4,30,FALSE,TRUE,0.25,1,1.25,0.5,6,4,3,6,2,1,2,1015.64,3.73,69,3,0.515
15,20,4,30,FALSE,TRUE,0.25,1,1.5,0.5,6,4,3,6,2,1,2,1015.64,3.73,69,3,0.515
15,30,4,30,TRUE,TRUE,0.25,1.5,1.25,0.5,6,4,3,6,2,1,2,512.33,3.73,64,1.297,0.083
15,30,4,30,FALSE,TRUE,0.25,1,1,0.5,6,4,3,6,2,1,2,1015.64,3.73,69,3,0.515
15,30,4,30,FALSE,TRUE,0.25,1,1.25,0.5,6,4,3,6,2,1,2,1015.64,3.73,69,3,0.515
15,30,4,30,FALSE,TRUE,0.25,1,1.5,0.5,6,4,3,6,2,1,2,1015.64,3.73,69,3,0.515
15,40,4,20,FALSE,TRUE,0.25,1.25,1.25,0.5,6,6,3,7,2,1,2,986.92,3.73,69,3,0.51
15,40,4,20,FALSE,TRUE,0.25,1.25,1.25,0.5,6,6,3,8,2,1,2,986.92,3.73,69,3,0.51
10,20,6,20,TRUE,TRUE,0.25,1,1.25,0.5,6,4,3,6,2,1,2,454.63,3.72,52,1.497,-0.032
10,20,6,20,TRUE,TRUE,0.25,1,1.5,0.5,6,4,3,6,2,1,2,454.63,3.72,52,1.497,-0.032
10,20,6,30,TRUE,TRUE,0.25,1.25,1,0.5,6,6,3,6,2,1,2,440.93,3.72,51,1.497,-0.059
10,20,6,30,TRUE,TRUE,0.25,1.25,1.25,0.5,6,5,3,6,2,1,2,442.18,3.72,51,1.497,-0.054
10,20,6,30,TRUE,TRUE,0.25,1.25,1.5,0.5,6,5,3,6,2,1,2,442.18,3.72,51,1.497,-0.054
10,30,6,20,TRUE,TRUE,0.25,1,1.25,0.5,6,6,3,6,2,1,2,460.19,3.72,53,1.497,-0.021
10,30,6,20,TRUE,TRUE,0.25,1,1.5,0.5,6,6,3,6,2,1,2,460.19,3.72,53,1.497,-0.021
10,30,6,30,TRUE,TRUE,0.25,1.25,1.25,0.5,6,6,3,5,2,1,2,434.88,3.72,49,1.497,-0.071
10,30,6,30,TRUE,TRUE,0.25,1.25,1.5,0.5,6,6,3,5,2,1,2,434.88,3.72,49,1.497,-0.071
10,40,6,20,TRUE,TRUE,0.25,1,1,0.5,6,7,3,6,2,1,2,460.27,3.72,55,1.497,-0.023
10,40,6,20,TRUE,TRUE,0.25,1,1.25,0.5,6,4,3,7,2,1,2,485.25,3.72,54,1.497,0.031
10,40,6,20,TRUE,TRUE,0.25,1,1.25,0.5,6,4,3,8,2,1,2,485.25,3.72,54,1.497,0.031
10,40,6,20,TRUE,TRUE,0.25,1,1.5,0.5,6,4,3,7,2,1,2,485.25,3.72,54,1.497,0.031
10,40,6,20,TRUE,TRUE,0.25,1,1.5,0.5,6,4,3,8,2,1,2,485.25,3.72,54,1.497,0.031
10,40,6,20,FALSE,TRUE,0.25,1.5,1.5,0.5,6,4,3,6,2,1,2,722.89,3.72,46,3,0.315
10,40,6,30,FALSE,TRUE,0.25,1.5,1.5,0.5,6,4,3,6,2,1,2,722.89,3.72,46,3,0.315
15,20,4,20,TRUE,TRUE,0.25,1.5,1.25,0.5,6,4,3,6,2,1,2,498.5,3.72,66,1.297,0.063
15,20,4,20,FALSE,TRUE,0.25,1.5,1.5,0.5,6,4,3,7,2,1,2,974.87,3.72,66,3,0.5
15,20,4,20,FALSE,TRUE,0.25,1.5,1.5,0.5,6,4,3,8,2,1,2,974.87,3.72,66,3,0.5
15,20,4,30,FALSE,TRUE,0.25,1.25,1.25,0.5,6,4,3,6,2,1,2,965.64,3.72,65,3,0.489
15,20,4,30,FALSE,TRUE,0.25,1.5,1.5,0.5,6,6,3,6,2,1,2,969,3.72,65,3,0.497
15,30,4,20,TRUE,TRUE,0.25,1.5,1.25,0.5,6,6,3,6,2,1,2,519.11,3.72,68,1.297,0.098
15,30,4,20,FALSE,TRUE,0.25,1.5,1.5,0.5,6,4,3,7,2,1,2,974.87,3.72,66,3,0.5
15,30,4,20,FALSE,TRUE,0.25,1.5,1.5,0.5,6,4,3,8,2,1,2,974.87,3.72,66,3,0.5
15,30,4,30,FALSE,TRUE,0.25,1.25,1.25,0.5,6,4,3,6,2,1,2,965.64,3.72,65,3,0.489
15,30,4,30,FALSE,TRUE,0.25,1.5,1.5,0.5,6,6,3,6,2,1,2,969,3.72,65,3,0.497
15,40,4,30,FALSE,TRUE,0.25,1.5,1.25,0.5,6,4,3,6,2,1,2,962.29,3.72,63,3,0.484
10,20,6,20,FALSE,TRUE,0.25,1,1.25,0.5,6,5,3,6,2,1,2,775,3.71,52,3,0.361
10,20,6,20,FALSE,TRUE,0.25,1,1.5,0.5,6,5,3,6,2,1,2,775,3.71,52,3,0.361
10,20,6,30,TRUE,TRUE,0.25,1,1,0.5,6,6,3,6,2,1,2,454.19,3.71,52,1.497,-0.033
10,20,6,30,FALSE,TRUE,0.25,1,1.25,0.5,6,5,3,6,2,1,2,775,3.71,52,3,0.361
10,20,6,30,FALSE,TRUE,0.25,1,1.5,0.5,6,5,3,6,2,1,2,775,3.71,52,3,0.361
10,30,6,20,FALSE,TRUE,0.25,1,1.25,0.5,6,5,3,6,2,1,2,775,3.71,52,3,0.361
10,30,6,20,FALSE,TRUE,0.25,1,1.5,0.5,6,5,3,6,2,1,2,775,3.71,52,3,0.361
10,30,6,30,TRUE,TRUE,0.25,1.25,1.25,0.5,6,5,3,7,2,1,2,476.59,3.71,54,1.497,0.019
10,30,6,30,TRUE,TRUE,0.25,1.25,1.25,0.5,6,5,3,8,2,1,2,476.59,3.71,54,1.497,0.019
10,30,6,30,TRUE,TRUE,0.25,1.25,1.5,0.5,6,5,3,7,2,1,2,476.59,3.71,54,1.497,0.019
10,30,6,30,TRUE,TRUE,0.25,1.25,1.5,0.5,6,5,3,8,2,1,2,476.59,3.71,54,1.497,0.019
10,30,6,30,FALSE,TRUE,0.25,1,1.25,0.5,6,5,3,6,2,1,2,775,3.71,52,3,0.361
10,30,6,30,FALSE,TRUE,0.25,1,1.5,0.5,6,5,3,6,2,1,2,775,3.71,52,3,0.361
10,40,6,20,TRUE,TRUE,0.25,1.25,1,0.5,6,4,3,7,2,1,2,468.77,3.71,52,1.497,0.002
10,40,6,20,TRUE,TRUE,0.25,1.25,1,0.5,6,4,3,8,2,1,2,468.77,3.71,52,1.497,0.002
10,40,6,20,TRUE,TRUE,0.25,1.25,1.25,0.5,6,4,3,7,2,1,2,467.58,3.71,52,1.497,0
10,40,6,20,TRUE,TRUE,0.25,1.25,1.25,0.5,6,4,3,8,2,1,2,467.58,3.71,52,1.497,0
10,40,6,20,TRUE,TRUE,0.25,1.25,1.25,0.5,6,5,3,6,2,1,2,438.83,3.71,50,1.497,-0.062
10,40,6,20,TRUE,TRUE,0.25,1.25,1.5,0.5,6,4,3,7,2,1,2,467.58,3.71,52,1.497,0
10,40,6,20,TRUE,TRUE,0.25,1.25,1.5,0.5,6,4,3,8,2,1,2,467.58,3.71,52,1.497,0
10,40,6,20,TRUE,TRUE,0.25,1.25,1.5,0.5,6,5,3,6,2,1,2,438.83,3.71,50,1.497,-0.062
15,20,4,20,FALSE,TRUE,0.25,1.5,1,0.5,6,4,3,7,2,1,2,983.17,3.71,67,3,0.502
15,20,4,20,FALSE,TRUE,0.25,1.5,1,0.5,6,4,3,8,2,1,2,983.17,3.71,67,3,0.502
15,30,4,20,FALSE,TRUE,0.25,1.5,1,0.5,6,4,3,7,2,1,2,983.17,3.71,67,3,0.502
15,30,4,20,FALSE,TRUE,0.25,1.5,1,0.5,6,4,3,8,2,1,2,983.17,3.71,67,3,0.502
15,40,4,20,FALSE,TRUE,0.25,1.25,1.25,0.5,6,6,3,6,2,1,2,981.23,3.71,68,3,0.504
10,20,6,20,TRUE,TRUE,0.25,1.25,1.25,0.5,6,4,3,6,2,1,2,437.06,3.7,50,1.497,-0.066
10,20,6,20,TRUE,TRUE,0.25,1.25,1.25,0.5,6,7,3,5,2,1,2,438.02,3.7,53,1.497,-0.062
10,20,6,20,TRUE,TRUE,0.25,1.25,1.5,0.5,6,4,3,6,2,1,2,437.06,3.7,50,1.497,-0.066
10,20,6,20,TRUE,TRUE,0.25,1.25,1.5,0.5,6,7,3,5,2,1,2,438.02,3.7,53,1.497,-0.062
10,20,6,30,TRUE,TRUE,0.25,1,1,0.5,6,7,3,6,2,1,2,460.02,3.7,55,1.497,-0.023
10,30,6,20,TRUE,TRUE,0.25,1,1,0.5,6,4,3,7,2,1,2,489.04,3.7,55,1.497,0.04
10,30,6,20,TRUE,TRUE,0.25,1,1,0.5,6,4,3,8,2,1,2,489.04,3.7,55,1.497,0.04
10,30,6,20,TRUE,TRUE,0.25,1,1.25,0.5,6,4,3,7,2,1,2,488.21,3.7,55,1.497,0.038
10,30,6,20,TRUE,TRUE,0.25,1,1.25,0.5,6,4,3,8,2,1,2,488.21,3.7,55,1.497,0.038
10,30,6,20,TRUE,TRUE,0.25,1,1.25,0.5,6,7,3,6,2,1,2,465.59,3.7,56,1.497,-0.012
10,30,6,20,TRUE,TRUE,0.25,1,1.5,0.5,6,4,3,7,2,1,2,488.21,3.7,55,1.497,0.038
10,30,6,20,TRUE,TRUE,0.25,1,1.5,0.5,6,4,3,8,2,1,2,488.21,3.7,55,1.497,0.038
10,30,6,20,TRUE,TRUE,0.25,1,1.5,0.5,6,7,3,6,2,1,2,465.59,3.7,56,1.497,-0.012
10,30,6,30,TRUE,TRUE,0.25,1.25,1,0.5,6,7,3,5,2,1,2,446.73,3.7,53,1.497,-0.046
10,40,6,30,TRUE,TRUE,0.25,1,1.25,0.5,6,6,3,6,2,1,2,459.7,3.7,53,1.497,-0.022
10,40,6,30,TRUE,TRUE,0.25,1,1.5,0.5,6,6,3,6,2,1,2,459.7,3.7,53,1.497,-0.022
15,20,4,20,FALSE,TRUE,0.25,1.5,1,0.5,6,4,3,6,2,1,2,977.48,3.7,66,3,0.496
15,20,4,20,FALSE,TRUE,0.25,1.5,1.5,0.5,6,4,3,6,2,1,2,969.19,3.7,65,3,0.493
15,20,4,30,TRUE,TRUE,0.25,1.5,1.25,0.5,6,4,3,6,2,1,2,492.57,3.7,64,1.297,0.053
15,20,4,30,FALSE,TRUE,0.25,1.5,1.5,0.5,6,4,3,7,2,1,2,966.83,3.7,65,3,0.494
15,20,4,30,FALSE,TRUE,0.25,1.5,1.5,0.5,6,4,3,8,2,1,2,966.83,3.7,65,3,0.494
15,20,4,30,FALSE,TRUE,0.25,1.5,1.5,0.5,6,5,3,6,2,1,2,962.29,3.7,64,3,0.492
15,30,4,20,FALSE,TRUE,0.25,1.5,1,0.5,6,4,3,6,2,1,2,977.48,3.7,66,3,0.496
15,30,4,20,FALSE,TRUE,0.25,1.5,1.5,0.5,6,4,3,6,2,1,2,969.19,3.7,65,3,0.493
15,30,4,30,FALSE,TRUE,0.25,1.5,1.5,0.5,6,4,3,7,2,1,2,966.83,3.7,65,3,0.494
15,30,4,30,FALSE,TRUE,0.25,1.5,1.5,0.5,6,4,3,8,2,1,2,966.83,3.7,65,3,0.494
15,30,4,30,FALSE,TRUE,0.25,1.5,1.5,0.5,6,5,3,6,2,1,2,962.29,3.7,64,3,0.492
15,20,6,20,FALSE,TRUE,0.25,1.25,1,0.5,6,7,3,6,2,1,2,729.9,3.7,49,3,0.32
15,20,6,30,FALSE,TRUE,0.25,1.25,1,0.5,6,7,3,6,2,1,2,729.9,3.7,49,3,0.32
15,30,6,20,FALSE,TRUE,0.25,1.25,1,0.5,6,7,3,6,2,1,2,729.9,3.7,49,3,0.32
15,30,6,30,FALSE,TRUE,0.25,1.25,1,0.5,6,7,3,6,2,1,2,729.9,3.7,49,3,0.32
15,40,6,20,FALSE,TRUE,0.25,1.25,1,0.5,6,7,3,6,2,1,2,729.9,3.7,49,3,0.32
15,40,6,30,FALSE,TRUE,0.25,1.25,1,0.5,6,7,3,6,2,1,2,729.9,3.7,49,3,0.32
10,20,4,20,FALSE,TRUE,0.25,1.25,1.25,0.5,6,7,3,6,2,1,2,1032.6,3.69,72,3,0.524
10,30,4,20,FALSE,TRUE,0.25,1.25,1.25,0.5,6,7,3,6,2,1,2,1032.6,3.69,72,3,0.524
10,20,6,20,TRUE,TRUE,0.25,1,1,0.5,6,4,3,6,2,1,2,449.11,3.69,51,1.497,-0.044
10,20,6,20,FALSE,TRUE,0.25,1.5,1.25,0.5,6,6,3,7,2,1,2,793.78,3.69,52,3,0.393
10,20,6,20,FALSE,TRUE,0.25,1.5,1.25,0.5,6,6,3,8,2,1,2,793.78,3.69,52,3,0.393
10,20,6,30,FALSE,TRUE,0.25,1.5,1.25,0.5,6,6,3,7,2,1,2,793.78,3.69,52,3,0.393
10,20,6,30,FALSE,TRUE,0.25,1.5,1.25,0.5,6,6,3,8,2,1,2,793.78,3.69,52,3,0.393
10,30,6,20,TRUE,TRUE,0.25,1.25,1,0.5,6,4,3,7,2,1,2,471.73,3.69,53,1.497,0.009
10,30,6,20,TRUE,TRUE,0.25,1.25,1,0.5,6,4,3,8,2,1,2,471.73,3.69,53,1.497,0.009
10,30,6,20,TRUE,TRUE,0.25,1.25,1,0.5,6,6,3,6,2,1,2,441.4,3.69,51,1.497,-0.058
10,30,6,20,FALSE,TRUE,0.25,1.5,1.25,0.5,6,6,3,7,2,1,2,793.78,3.69,52,3,0.393
10,30,6,20,FALSE,TRUE,0.25,1.5,1.25,0.5,6,6,3,8,2,1,2,793.78,3.69,52,3,0.393
10,30,6,30,FALSE,TRUE,0.25,1.5,1.25,0.5,6,6,3,7,2,1,2,793.78,3.69,52,3,0.393
10,30,6,30,FALSE,TRUE,0.25,1.5,1.25,0.5,6,6,3,8,2,1,2,793.78,3.69,52,3,0.393
10,40,6,20,TRUE,TRUE,0.25,1.25,1.25,0.5,6,6,3,7,2,1,2,471.94,3.69,55,1.497,0.01
10,40,6,20,TRUE,TRUE,0.25,1.25,1.25,0.5,6,6,3,8,2,1,2,471.94,3.69,55,1.497,0.01
10,40,6,20,TRUE,TRUE,0.25,1.25,1.5,0.5,6,6,3,7,2,1,2,471.94,3.69,55,1.497,0.01
10,40,6,20,TRUE,TRUE,0.25,1.25,1.5,0.5,6,6,3,8,2,1,2,471.94,3.69,55,1.497,0.01
10,40,6,20,FALSE,TRUE,0.25,1,1.25,0.5,6,5,3,6,2,1,2,767.74,3.69,51,3,0.352
10,40,6,20,FALSE,TRUE,0.25,1,1.5,0.5,6,5,3,6,2,1,2,767.74,3.69,51,3,0.352
10,40,6,20,FALSE,TRUE,0.25,1.5,1.25,0.5,6,6,3,7,2,1,2,792.69,3.69,52,3,0.392
10,40,6,20,FALSE,TRUE,0.25,1.5,1.25,0.5,6,6,3,8,2,1,2,792.69,3.69,52,3,0.392
10,40,6,30,TRUE,TRUE,0.25,1,1.25,0.5,6,7,3,6,2,1,2,465.53,3.69,56,1.497,-0.012
10,40,6,30,TRUE,TRUE,0.25,1,1.5,0.5,6,7,3,6,2,1,2,465.53,3.69,56,1.497,-0.012
10,40,6,30,FALSE,TRUE,0.25,1,1.25,0.5,6,5,3,6,2,1,2,767.74,3.69,51,3,0.352
10,40,6,30,FALSE,TRUE,0.25,1,1.5,0.5,6,5,3,6,2,1,2,767.74,3.69,51,3,0.352
10,40,6,30,FALSE,TRUE,0.25,1.5,1.25,0.5,6,6,3,7,2,1,2,792.69,3.69,52,3,0.392
10,40,6,30,FALSE,TRUE,0.25,1.5,1.25,0.5,6,6,3,8,2,1,2,792.69,3.69,52,3,0.392
15,20,4,30,FALSE,TRUE,0.25,1.5,1,0.5,6,4,3,7,2,1,2,975.13,3.69,66,3,0.496
15,20,4,30,FALSE,TRUE,0.25,1.5,1,0.5,6,4,3,8,2,1,2,975.13,3.69,66,3,0.496
15,30,4,30,FALSE,TRUE,0.25,1.5,1,0.5,6,4,3,7,2,1,2,975.13,3.69,66,3,0.496
15,30,4,30,FALSE,TRUE,0.25,1.5,1,0.5,6,4,3,8,2,1,2,975.13,3.69,66,3,0.496
10,20,6,20,FALSE,TRUE,0.25,1,1,0.5,6,5,3,6,2,1,2,766.41,3.68,51,3,0.352
10,20,6,20,FALSE,TRUE,0.25,1.5,1,0.5,6,4,3,7,2,1,2,790.71,3.68,51,3,0.385
10,20,6,20,FALSE,TRUE,0.25,1.5,1,0.5,6,4,3,8,2,1,2,790.71,3.68,51,3,0.385
10,20,6,20,FALSE,TRUE,0.25,1.5,1.5,0.5,6,6,3,7,2,1,2,791.19,3.68,52,3,0.393
10,20,6,20,FALSE,TRUE,0.25,1.5,1.5,0.5,6,6,3,8,2,1,2,791.19,3.68,52,3,0.393
10,20,6,30,FALSE,TRUE,0.25,1,1,0.5,6,5,3,6,2,1,2,766.41,3.68,51,3,0.352
10,20,6,30,FALSE,TRUE,0.25,1.5,1,0.5,6,4,3,7,2,1,2,790.71,3.68,51,3,0.385
10,20,6,30,FALSE,TRUE,0.25,1.5,1,0.5,6,4,3,8,2,1,2,790.71,3.68,51,3,0.385
10,20,6,30,FALSE,TRUE,0.25,1.5,1.5,0.5,6,6,3,7,2,1,2,791.19,3.68,52,3,0.393
10,20,6,30,FALSE,TRUE,0.25,1.5,1.5,0.5,6,6,3,8,2,1,2,791.19,3.68,52,3,0.393
10,30,6,20,TRUE,TRUE,0.25,1,1,0.5,6,6,3,6,2,1,2,454.67,3.68,52,1.497,-0.033
10,30,6,20,TRUE,TRUE,0.25,1.25,1.25,0.5,6,4,3,7,2,1,2,470.54,3.68,53,1.497,0.007
10,30,6,20,TRUE,TRUE,0.25,1.25,1.25,0.5,6,4,3,8,2,1,2,470.54,3.68,53,1.497,0.007
10,30,6,20,TRUE,TRUE,0.25,1.25,1.25,0.5,6,5,3,6,2,1,2,441.96,3.68,51,1.497,-0.055
10,30,6,20,TRUE,TRUE,0.25,1.25,1.5,0.5,6,4,3,7,2,1,2,470.54,3.68,53,1.497,0.007
10,30,6,20,TRUE,TRUE,0.25,1.25,1.5,0.5,6,4,3,8,2,1,2,470.54,3.68,53,1.497,0.007
10,30,6,20,TRUE,TRUE,0.25,1.25,1.5,0.5,6,5,3,6,2,1,2,441.96,3.68,51,1.497,-0.055
10,30,6,20,FALSE,TRUE,0.25,1,1,0.5,6,5,3,6,2,1,2,766.41,3.68,51,3,0.352
10,30,6,20,FALSE,TRUE,0.25,1.5,1,0.5,6,4,3,7,2,1,2,790.71,3.68,51,3,0.385
10,30,6,20,FALSE,TRUE,0.25,1.5,1,0.5,6,4,3,8,2,1,2,790.71,3.68,51,3,0.385
10,30,6,20,FALSE,TRUE,0.25,1.5,1.5,0.5,6,6,3,7,2,1,2,791.19,3.68,52,3,0.393
10,30,6,20,FALSE,TRUE,0.25,1.5,1.5,0.5,6,6,3,8,2,1,2,791.19,3.68,52,3,0.393
10,30,6,30,FALSE,TRUE,0.25,1,1,0.5,6,5,3,6,2,1,2,766.41,3.68,51,3,0.352
10,30,6,30,FALSE,TRUE,0.25,1.5,1,0.5,6,4,3,7,2,1,2,790.71,3.68,51,3,0.385
10,30,6,30,FALSE,TRUE,0.25,1.5,1,0.5,6,4,3,8,2,1,2,790.71,3.68,51,3,0.385
10,30,6,30,FALSE,TRUE,0.25,1.5,1.5,0.5,6,6,3,7,2,1,2,791.19,3.68,52,3,0.393
10,30,6,30,FALSE,TRUE,0.25,1.5,1.5,0.5,6,6,3,8,2,1,2,791.19,3.68,52,3,0.393
10,40,6,20,FALSE,TRUE,0.25,1.5,1.5,0.5,6,6,3,7,2,1,2,790.1,3.68,52,3,0.392
10,40,6,20,FALSE,TRUE,0.25,1.5,1.5,0.5,6,6,3,8,2,1,2,790.1,3.68,52,3,0.392
10,40,6,30,FALSE,TRUE,0.25,1.5,1.5,0.5,6,6,3,7,2,1,2,790.1,3.68,52,3,0.392
10,40,6,30,FALSE,TRUE,0.25,1.5,1.5,0.5,6,6,3,8,2,1,2,790.1,3.68,52,3,0.392
15,20,4,20,TRUE,TRUE,0.25,1.5,1.25,0.5,6,6,3,7,2,1,2,501.28,3.68,69,1.297,0.072
15,20,4,20,TRUE,TRUE,0.25,1.5,1.25,0.5,6,6,3,8,2,1,2,501.28,3.68,69,1.297,0.072
15,20,4,20,FALSE,TRUE,0.25,1.25,1.25,0.5,6,6,3,7,2,1,2,981.98,3.68,70,3,0.506
15,20,4,20,FALSE,TRUE,0.25,1.25,1.25,0.5,6,6,3,8,2,1,2,981.98,3.68,70,3,0.506
15,30,4,20,FALSE,TRUE,0.25,1.25,1.25,0.5,6,6,3,7,2,1,2,981.98,3.68,70,3,0.506
15,30,4,20,FALSE,TRUE,0.25,1.25,1.25,0.5,6,6,3,8,2,1,2,981.98,3.68,70,3,0.506
15,40,4,20,FALSE,TRUE,0.25,1.5,1.25,0.5,6,6,3,7,2,1,2,976.74,3.68,68,3,0.5
15,40,4,20,FALSE,TRUE,0.25,1.5,1.25,0.5,6,6,3,8,2,1,2,976.74,3.68,68,3,0.5
10,20,6,20,TRUE,TRUE,0.25,1.25,1,0.5,6,4,3,6,2,1,2,431.91,3.67,49,1.497,-0.077
10,20,6,20,FALSE,TRUE,0.25,1.25,1,0.5,6,5,3,6,2,1,2,738.67,3.67,50,3,0.326
10,20,6,20,FALSE,TRUE,0.25,1.5,1,0.5,6,6,3,6,2,1,2,737.73,3.67,50,3,0.328
10,20,6,20,FALSE,TRUE,0.25,1.5,1,0.5,6,7,3,7,2,1,2,871.46,3.67,58,3,0.432
10,20,6,20,FALSE,TRUE,0.25,1.5,1,0.5,6,7,3,8,2,1,2,871.46,3.67,58,3,0.432
10,20,6,30,TRUE,TRUE,0.25,1.25,1.25,0.5,6,6,3,7,2,1,2,471.65,3.67,55,1.497,0.01
10,20,6,30,TRUE,TRUE,0.25,1.25,1.25,0.5,6,6,3,8,2,1,2,471.65,3.67,55,1.497,0.01
10,20,6,30,TRUE,TRUE,0.25,1.25,1.5,0.5,6,6,3,7,2,1,2,471.65,3.67,55,1.497,0.01
10,20,6,30,TRUE,TRUE,0.25,1.25,1.5,0.5,6,6,3,8,2,1,2,471.65,3.67,55,1.497,0.01
10,20,6,30,FALSE,TRUE,0.25,1.25,1,0.5,6,5,3,6,2,1,2,738.67,3.67,50,3,0.326
10,20,6,30,FALSE,TRUE,0.25,1.5,1,0.5,6,6,3,6,2,1,2,737.73,3.67,50,3,0.328
10,20,6,30,FALSE,TRUE,0.25,1.5,1,0.5,6,7,3,7,2,1,2,871.46,3.67,58,3,0.432
10,20,6,30,FALSE,TRUE,0.25,1.5,1,0.5,6,7,3,8,2,1,2,871.46,3.67,58,3,0.432
10,30,6,20,TRUE,TRUE,0.25,1,1,0.5,6,7,3,6,2,1,2,460.08,3.67,55,1.497,-0.023
10,30,6,20,FALSE,TRUE,0.25,1.25,1,0.5,6,5,3,6,2,1,2,738.67,3.67,50,3,0.326
10,30,6,20,FALSE,TRUE,0.25,1.5,1,0.5,6,6,3,6,2,1,2,737.73,3.67,50,3,0.328
10,30,6,20,FALSE,TRUE,0.25,1.5,1,0.5,6,7,3,7,2,1,2,871.46,3.67,58,3,0.432
10,30,6,20,FALSE,TRUE,0.25,1.5,1,0.5,6,7,3,8,2,1,2,871.46,3.67,58,3,0.432
10,30,6,30,FALSE,TRUE,0.25,1.25,1,0.5,6,5,3,6,2,1,2,738.67,3.67,50,3,0.326
10,30,6,30,FALSE,TRUE,0.25,1.5,1,0.5,6,6,3,6,2,1,2,737.73,3.67,50,3,0.328
10,30,6,30,FALSE,TRUE,0.25,1.5,1,0.5,6,7,3,7,2,1,2,871.46,3.67,58,3,0.432
10,30,6,30,FALSE,TRUE,0.25,1.5,1,0.5,6,7,3,8,2,1,2,871.46,3.67,58,3,0.432
10,40,6,20,FALSE,TRUE,0.25,1.5,1,0.5,6,6,3,6,2,1,2,736.64,3.67,50,3,0.327
10,40,6,30,TRUE,TRUE,0.25,1,1,0.5,6,4,3,7,2,1,2,485.4,3.67,54,1.497,0.032
10,40,6,30,TRUE,TRUE,0.25,1,1,0.5,6,4,3,8,2,1,2,485.4,3.67,54,1.497,0.032
10,40,6,30,TRUE,TRUE,0.25,1,1.25,0.5,6,4,3,7,2,1,2,484.57,3.67,54,1.497,0.03
10,40,6,30,TRUE,TRUE,0.25,1,1.25,0.5,6,4,3,8,2,1,2,484.57,3.67,54,1.497,0.03
10,40,6,30,TRUE,TRUE,0.25,1,1.5,0.5,6,4,3,7,2,1,2,484.57,3.67,54,1.497,0.03
10,40,6,30,TRUE,TRUE,0.25,1,1.5,0.5,6,4,3,8,2,1,2,484.57,3.67,54,1.497,0.03
10,40,6,30,TRUE,TRUE,0.25,1.25,1,0.5,6,6,3,6,2,1,2,440.12,3.67,51,1.497,-0.06
10,40,6,30,FALSE,TRUE,0.25,1.5,1,0.5,6,6,3,6,2,1,2,736.64,3.67,50,3,0.327
10,20,6,30,TRUE,TRUE,0.25,1,1.25,0.5,6,4,3,6,2,1,2,453.95,3.66,52,1.497,-0.033
10,20,6,30,TRUE,TRUE,0.25,1,1.5,0.5,6,4,3,6,2,1,2,453.95,3.66,52,1.497,-0.033
10,30,6,30,TRUE,TRUE,0.25,1,1.25,0.5,6,6,3,6,2,1,2,459.51,3.66,53,1.497,-0.022
10,30,6,30,TRUE,TRUE,0.25,1,1.5,0.5,6,6,3,6,2,1,2,459.51,3.66,53,1.497,-0.022
10,40,6,20,FALSE,TRUE,0.25,1,1,0.5,6,5,3,6,2,1,2,759.15,3.66,50,3,0.342
10,40,6,20,FALSE,TRUE,0.25,1.5,1,0.5,6,4,3,7,2,1,2,783.45,3.66,50,3,0.376
10,40,6,20,FALSE,TRUE,0.25,1.5,1,0.5,6,4,3,8,2,1,2,783.45,3.66,50,3,0.376
10,40,6,20,FALSE,TRUE,0.25,1.5,1,0.5,6,7,3,7,2,1,2,870.37,3.66,58,3,0.431
10,40,6,20,FALSE,TRUE,0.25,1.5,1,0.5,6,7,3,8,2,1,2,870.37,3.66,58,3,0.431
10,40,6,30,TRUE,TRUE,0.25,1,1,0.5,6,6,3,6,2,1,2,453.48,3.66,52,1.497,-0.035
10,40,6,30,FALSE,TRUE,0.25,1,1,0.5,6,5,3,6,2,1,2,759.15,3.66,50,3,0.342
10,40,6,30,FALSE,TRUE,0.25,1.5,1,0.5,6,4,3,7,2,1,2,783.45,3.66,50,3,0.376
10,40,6,30,FALSE,TRUE,0.25,1.5,1,0.5,6,4,3,8,2,1,2,783.45,3.66,50,3,0.376
10,40,6,30,FALSE,TRUE,0.25,1.5,1,0.5,6,7,3,7,2,1,2,870.37,3.66,58,3,0.431
10,40,6,30,FALSE,TRUE,0.25,1.5,1,0.5,6,7,3,8,2,1,2,870.37,3.66,58,3,0.431
15,20,4,20,TRUE,TRUE,0.25,1.5,1.25,0.5,6,6,3,6,2,1,2,497.84,3.66,68,1.297,0.065
15,20,4,20,FALSE,TRUE,0.25,1.25,1.25,0.5,6,6,3,6,2,1,2,976.29,3.66,69,3,0.5
15,20,4,20,FALSE,TRUE,0.25,1.5,1.25,0.5,6,5,3,7,2,1,2,974.77,3.66,68,3,0.498
15,20,4,20,FALSE,TRUE,0.25,1.5,1.25,0.5,6,5,3,8,2,1,2,974.77,3.66,68,3,0.498
15,20,4,30,FALSE,TRUE,0.25,1.5,1,0.5,6,4,3,6,2,1,2,962.73,3.66,64,3,0.485
15,20,4,30,FALSE,TRUE,0.25,1.5,1.5,0.5,6,4,3,6,2,1,2,954.44,3.66,63,3,0.482
15,30,4,20,FALSE,TRUE,0.25,1.25,1.25,0.5,6,6,3,6,2,1,2,976.29,3.66,69,3,0.5
15,30,4,20,FALSE,TRUE,0.25,1.5,1.25,0.5,6,5,3,7,2,1,2,974.77,3.66,68,3,0.498
15,30,4,20,FALSE,TRUE,0.25,1.5,1.25,0.5,6,5,3,8,2,1,2,974.77,3.66,68,3,0.498
15,30,4,30,FALSE,TRUE,0.25,1.5,1,0.5,6,4,3,6,2,1,2,962.73,3.66,64,3,0.485
15,30,4,30,FALSE,TRUE,0.25,1.5,1.5,0.5,6,4,3,6,2,1,2,954.44,3.66,63,3,0.482
15,40,4,20,FALSE,TRUE,0.25,1.5,1.25,0.5,6,6,3,6,2,1,2,971.05,3.66,67,3,0.494
10,20,6,20,TRUE,TRUE,0.25,1.25,1.25,0.5,6,6,3,6,2,1,2,437.18,3.65,52,1.497,-0.064
10,20,6,20,TRUE,TRUE,0.25,1.25,1.5,0.5,6,6,3,6,2,1,2,437.18,3.65,52,1.497,-0.064
10,20,6,20,FALSE,TRUE,0.25,1.25,1.25,0.5,6,6,3,5,2,1,2,721.84,3.65,49,3,0.311
10,20,6,20,FALSE,TRUE,0.25,1.25,1.5,0.5,6,6,3,5,2,1,2,721.84,3.65,49,3,0.311
10,20,6,30,FALSE,TRUE,0.25,1.25,1.25,0.5,6,6,3,5,2,1,2,721.84,3.65,49,3,0.311
10,20,6,30,FALSE,TRUE,0.25,1.25,1.5,0.5,6,6,3,5,2,1,2,721.84,3.65,49,3,0.311
10,30,6,20,TRUE,TRUE,0.25,1.25,1.25,0.5,6,6,3,7,2,1,2,471.59,3.65,55,1.497,0.01
10,30,6,20,TRUE,TRUE,0.25,1.25,1.25,0.5,6,6,3,8,2,1,2,471.59,3.65,55,1.497,0.01
10,30,6,20,TRUE,TRUE,0.25,1.25,1.5,0.5,6,6,3,7,2,1,2,471.59,3.65,55,1.497,0.01
10,30,6,20,TRUE,TRUE,0.25,1.25,1.5,0.5,6,6,3,8,2,1,2,471.59,3.65,55,1.497,0.01
10,30,6,20,FALSE,TRUE,0.25,1.25,1.25,0.5,6,6,3,5,2,1,2,721.84,3.65,49,3,0.311
10,30,6,20,FALSE,TRUE,0.25,1.25,1.5,0.5,6,6,3,5,2,1,2,721.84,3.65,49,3,0.311
10,30,6,30,TRUE,TRUE,0.25,1,1,0.5,6,4,3,7,2,1,2,488.36,3.65,55,1.497,0.039
10,30,6,30,TRUE,TRUE,0.25,1,1,0.5,6,4,3,8,2,1,2,488.36,3.65,55,1.497,0.039
10,30,6,30,TRUE,TRUE,0.25,1,1.25,0.5,6,7,3,6,2,1,2,465.34,3.65,56,1.497,-0.012
10,30,6,30,TRUE,TRUE,0.25,1,1.5,0.5,6,7,3,6,2,1,2,465.34,3.65,56,1.497,-0.012
10,30,6,30,FALSE,TRUE,0.25,1.25,1.25,0.5,6,6,3,5,2,1,2,721.84,3.65,49,3,0.311
10,30,6,30,FALSE,TRUE,0.25,1.25,1.5,0.5,6,6,3,5,2,1,2,721.84,3.65,49,3,0.311
10,40,6,20,TRUE,TRUE,0.25,1.25,1.25,0.5,6,7,3,5,2,1,2,437.2,3.65,53,1.497,-0.064
10,40,6,20,TRUE,TRUE,0.25,1.25,1.5,0.5,6,7,3,5,2,1,2,437.2,3.65,53,1.497,-0.064
10,40,6,30,TRUE,TRUE,0.25,1,1,0.5,6,7,3,6,2,1,2,459.32,3.65,55,1.497,-0.024
10,40,6,30,TRUE,TRUE,0.25,1.25,1,0.5,6,4,3,7,2,1,2,467.99,3.65,52,1.497,0.001
10,40,6,30,TRUE,TRUE,0.25,1.25,1,0.5,6,4,3,8,2,1,2,467.99,3.65,52,1.497,0.001
10,40,6,30,TRUE,TRUE,0.25,1.25,1.25,0.5,6,4,3,7,2,1,2,466.8,3.65,52,1.497,-0.001
10,40,6,30,TRUE,TRUE,0.25,1.25,1.25,0.5,6,4,3,8,2,1,2,466.8,3.65,52,1.497,-0.001
10,40,6,30,TRUE,TRUE,0.25,1.25,1.25,0.5,6,5,3,6,2,1,2,438.05,3.65,50,1.497,-0.063
10,40,6,30,TRUE,TRUE,0.25,1.25,1.5,0.5,6,4,3,7,2,1,2,466.8,3.65,52,1.497,-0.001
10,40,6,30,TRUE,TRUE,0.25,1.25,1.5,0.5,6,4,3,8,2,1,2,466.8,3.65,52,1.497,-0.001
10,40,6,30,TRUE,TRUE,0.25,1.25,1.5,0.5,6,5,3,6,2,1,2,438.05,3.65,50,1.497,-0.063
10,20,6,20,FALSE,TRUE,0.25,1.25,1,0.5,6,7,3,5,2,1,2,742.91,3.64,53,3,0.33
10,20,6,30,TRUE,TRUE,0.25,1.25,1.25,0.5,6,4,3,6,2,1,2,436.28,3.64,50,1.497,-0.067
10,20,6,30,TRUE,TRUE,0.25,1.25,1.5,0.5,6,4,3,6,2,1,2,436.28,3.64,50,1.497,-0.067
10,20,6,30,FALSE,TRUE,0.25,1.25,1,0.5,6,7,3,5,2,1,2,742.91,3.64,53,3,0.33
10,30,6,20,FALSE,TRUE,0.25,1.25,1,0.5,6,7,3,5,2,1,2,742.91,3.64,53,3,0.33
10,30,6,30,TRUE,TRUE,0.25,1,1.25,0.5,6,4,3,7,2,1,2,487.54,3.64,55,1.497,0.037
10,30,6,30,TRUE,TRUE,0.25,1,1.25,0.5,6,4,3,8,2,1,2,487.54,3.64,55,1.497,0.037
10,30,6,30,TRUE,TRUE,0.25,1,1.5,0.5,6,4,3,7,2,1,2,487.54,3.64,55,1.497,0.037
10,30,6,30,TRUE,TRUE,0.25,1,1.5,0.5,6,4,3,8,2,1,2,487.54,3.64,55,1.497,0.037
10,30,6,30,FALSE,TRUE,0.25,1.25,1,0.5,6,7,3,5,2,1,2,742.91,3.64,53,3,0.33
10,40,6,20,TRUE,TRUE,0.25,1,1.25,0.5,6,4,3,6,2,1,2,449.67,3.64,51,1.497,-0.043
10,40,6,20,TRUE,TRUE,0.25,1,1.5,0.5,6,4,3,6,2,1,2,449.67,3.64,51,1.497,-0.043
10,40,6,20,FALSE,TRUE,0.25,1.25,1,0.5,6,5,3,6,2,1,2,731.41,3.64,49,3,0.316
10,40,6,20,FALSE,TRUE,0.25,1.25,1,0.5,6,7,3,5,2,1,2,741.82,3.64,53,3,0.328
10,40,6,20,FALSE,TRUE,0.25,1.25,1.25,0.5,6,6,3,5,2,1,2,720.75,3.64,49,3,0.31
10,40,6,20,FALSE,TRUE,0.25,1.25,1.5,0.5,6,6,3,5,2,1,2,720.75,3.64,49,3,0.31
10,40,6,30,FALSE,TRUE,0.25,1.25,1,0.5,6,5,3,6,2,1,2,731.41,3.64,49,3,0.316
10,40,6,30,FALSE,TRUE,0.25,1.25,1,0.5,6,7,3,5,2,1,2,741.82,3.64,53,3,0.328
10,40,6,30,FALSE,TRUE,0.25,1.25,1.25,0.5,6,6,3,5,2,1,2,720.75,3.64,49,3,0.31
10,40,6,30,FALSE,TRUE,0.25,1.25,1.5,0.5,6,6,3,5,2,1,2,720.75,3.64,49,3,0.31
15,20,4,20,FALSE,TRUE,0.25,1.5,1.25,0.5,6,5,3,6,2,1,2,969.09,3.64,67,3,0.492
15,30,4,20,FALSE,TRUE,0.25,1.5,1.25,0.5,6,5,3,6,2,1,2,969.09,3.64,67,3,0.492
10,20,6,20,FALSE,TRUE,0.25,1.5,1.25,0.5,6,7,3,7,2,1,2,860.48,3.63,57,3,0.426
10,20,6,20,FALSE,TRUE,0.25,1.5,1.25,0.5,6,7,3,8,2,1,2,860.48,3.63,57,3,0.426
10,20,6,30,FALSE,TRUE,0.25,1.5,1.25,0.5,6,7,3,7,2,1,2,860.48,3.63,57,3,0.426
10,20,6,30,FALSE,TRUE,0.25,1.5,1.25,0.5,6,7,3,8,2,1,2,860.48,3.63,57,3,0.426
10,30,6,20,FALSE,TRUE,0.25,1.5,1.25,0.5,6,7,3,7,2,1,2,860.48,3.63,57,3,0.426
10,30,6,20,FALSE,TRUE,0.25,1.5,1.25,0.5,6,7,3,8,2,1,2,860.48,3.63,57,3,0.426
10,30,6,30,TRUE,TRUE,0.25,1.25,1,0.5,6,4,3,7,2,1,2,470.95,3.63,53,1.497,0.008
10,30,6,30,TRUE,TRUE,0.25,1.25,1,0.5,6,4,3,8,2,1,2,470.95,3.63,53,1.497,0.008
10,30,6,30,FALSE,TRUE,0.25,1.5,1.25,0.5,6,7,3,7,2,1,2,860.48,3.63,57,3,0.426
10,30,6,30,FALSE,TRUE,0.25,1.5,1.25,0.5,6,7,3,8,2,1,2,860.48,3.63,57,3,0.426
10,40,6,30,TRUE,TRUE,0.25,1.25,1.25,0.5,6,6,3,7,2,1,2,471.17,3.63,55,1.497,0.009
10,40,6,30,TRUE,TRUE,0.25,1.25,1.25,0.5,6,6,3,8,2,1,2,471.17,3.63,55,1.497,0.009
10,40,6,30,TRUE,TRUE,0.25,1.25,1.5,0.5,6,6,3,7,2,1,2,471.17,3.63,55,1.497,0.009
10,40,6,30,TRUE,TRUE,0.25,1.25,1.5,0.5,6,6,3,8,2,1,2,471.17,3.63,55,1.497,0.009
15,20,4,30,FALSE,TRUE,0.25,1.5,1.25,0.5,6,5,3,7,2,1,2,966.73,3.63,67,3,0.492
15,20,4,30,FALSE,TRUE,0.25,1.5,1.25,0.5,6,5,3,8,2,1,2,966.73,3.63,67,3,0.492
15,20,4,30,FALSE,TRUE,0.25,1.5,1.25,0.5,6,6,3,7,2,1,2,966.73,3.63,67,3,0.492
15,20,4,30,FALSE,TRUE,0.25,1.5,1.25,0.5,6,6,3,8,2,1,2,966.73,3.63,67,3,0.492
15,30,4,30,FALSE,TRUE,0.25,1.5,1.25,0.5,6,5,3,7,2,1,2,966.73,3.63,67,3,0.492
15,30,4,30,FALSE,TRUE,0.25,1.5,1.25,0.5,6,5,3,8,2,1,2,966.73,3.63,67,3,0.492
15,30,4,30,FALSE,TRUE,0.25,1.5,1.25,0.5,6,6,3,7,2,1,2,966.73,3.63,67,3,0.492
15,30,4,30,FALSE,TRUE,0.25,1.5,1.25,0.5,6,6,3,8,2,1,2,966.73,3.63,67,3,0.492
10,20,6,20,FALSE,TRUE,0.25,1.5,1.25,0.5,6,6,3,6,2,1,2,726.75,3.62,49,3,0.321
10,20,6,20,FALSE,TRUE,0.25,1.5,1.5,0.5,6,7,3,7,2,1,2,857.89,3.62,57,3,0.427
10,20,6,20,FALSE,TRUE,0.25,1.5,1.5,0.5,6,7,3,8,2,1,2,857.89,3.62,57,3,0.427
10,20,6,30,TRUE,TRUE,0.25,1,1,0.5,6,4,3,6,2,1,2,447.73,3.62,51,1.497,-0.046
10,20,6,30,TRUE,TRUE,0.25,1.25,1.25,0.5,6,7,3,5,2,1,2,436.15,3.62,53,1.497,-0.065
10,20,6,30,TRUE,TRUE,0.25,1.25,1.5,0.5,6,7,3,5,2,1,2,436.15,3.62,53,1.497,-0.065
10,20,6,30,FALSE,TRUE,0.25,1.5,1.25,0.5,6,6,3,6,2,1,2,726.75,3.62,49,3,0.321
10,20,6,30,FALSE,TRUE,0.25,1.5,1.5,0.5,6,7,3,7,2,1,2,857.89,3.62,57,3,0.427
10,20,6,30,FALSE,TRUE,0.25,1.5,1.5,0.5,6,7,3,8,2,1,2,857.89,3.62,57,3,0.427
10,30,6,20,FALSE,TRUE,0.25,1.5,1.25,0.5,6,6,3,6,2,1,2,726.75,3.62,49,3,0.321
10,30,6,20,FALSE,TRUE,0.25,1.5,1.5,0.5,6,7,3,7,2,1,2,857.89,3.62,57,3,0.427
10,30,6,20,FALSE,TRUE,0.25,1.5,1.5,0.5,6,7,3,8,2,1,2,857.89,3.62,57,3,0.427
10,30,6,30,TRUE,TRUE,0.25,1,1,0.5,6,6,3,6,2,1,2,453.3,3.62,52,1.497,-0.035
10,30,6,30,TRUE,TRUE,0.25,1.25,1,0.5,6,6,3,6,2,1,2,439.93,3.62,51,1.497,-0.06
10,30,6,30,TRUE,TRUE,0.25,1.25,1.25,0.5,6,4,3,7,2,1,2,469.76,3.62,53,1.497,0.006
10,30,6,30,TRUE,TRUE,0.25,1.25,1.25,0.5,6,4,3,8,2,1,2,469.76,3.62,53,1.497,0.006
10,30,6,30,TRUE,TRUE,0.25,1.25,1.25,0.5,6,5,3,6,2,1,2,441.18,3.62,51,1.497,-0.056
10,30,6,30,TRUE,TRUE,0.25,1.25,1.5,0.5,6,4,3,7,2,1,2,469.76,3.62,53,1.497,0.006
10,30,6,30,TRUE,TRUE,0.25,1.25,1.5,0.5,6,4,3,8,2,1,2,469.76,3.62,53,1.497,0.006
10,30,6,30,TRUE,TRUE,0.25,1.25,1.5,0.5,6,5,3,6,2,1,2,441.18,3.62,51,1.497,-0.056
10,30,6,30,FALSE,TRUE,0.25,1.5,1.25,0.5,6,6,3,6,2,1,2,726.75,3.62,49,3,0.321
10,30,6,30,FALSE,TRUE,0.25,1.5,1.5,0.5,6,7,3,7,2,1,2,857.89,3.62,57,3,0.427
10,30,6,30,FALSE,TRUE,0.25,1.5,1.5,0.5,6,7,3,8,2,1,2,857.89,3.62,57,3,0.427
10,40,6,20,TRUE,TRUE,0.25,1.25,1.25,0.5,6,4,3,6,2,1,2,432,3.62,49,1.497,-0.077
10,40,6,20,TRUE,TRUE,0.25,1.25,1.5,0.5,6,4,3,6,2,1,2,432,3.62,49,1.497,-0.077
10,40,6,20,FALSE,TRUE,0.25,1.5,1.25,0.5,6,6,3,6,2,1,2,725.66,3.62,49,3,0.32
10,40,6,20,FALSE,TRUE,0.25,1.5,1.25,0.5,6,7,3,7,2,1,2,859.39,3.62,57,3,0.425
10,40,6,20,FALSE,TRUE,0.25,1.5,1.25,0.5,6,7,3,8,2,1,2,859.39,3.62,57,3,0.425
10,40,6,20,FALSE,TRUE,0.25,1.5,1.5,0.5,6,7,3,7,2,1,2,856.8,3.62,57,3,0.426
10,40,6,20,FALSE,TRUE,0.25,1.5,1.5,0.5,6,7,3,8,2,1,2,856.8,3.62,57,3,0.426
10,40,6,30,FALSE,TRUE,0.25,1.5,1.25,0.5,6,6,3,6,2,1,2,725.66,3.62,49,3,0.32
10,40,6,30,FALSE,TRUE,0.25,1.5,1.25,0.5,6,7,3,7,2,1,2,859.39,3.62,57,3,0.425
10,40,6,30,FALSE,TRUE,0.25,1.5,1.25,0.5,6,7,3,8,2,1,2,859.39,3.62,57,3,0.425
10,40,6,30,FALSE,TRUE,0.25,1.5,1.5,0.5,6,7,3,7,2,1,2,856.8,3.62,57,3,0.426
10,40,6,30,FALSE,TRUE,0.25,1.5,1.5,0.5,6,7,3,8,2,1,2,856.8,3.62,57,3,0.426
15,20,4,20,FALSE,TRUE,0.25,1.5,1.25,0.5,6,4,3,7,2,1,2,966.92,3.62,67,3,0.488
15,20,4,20,FALSE,TRUE,0.25,1.5,1.25,0.5,6,4,3,8,2,1,2,966.92,3.62,67,3,0.488
15,20,4,20,FALSE,TRUE,0.25,1.5,1.5,0.5,6,6,3,7,2,1,2,968.89,3.62,68,3,0.499
15,20,4,20,FALSE,TRUE,0.25,1.5,1.5,0.5,6,6,3,8,2,1,2,968.89,3.62,68,3,0.499
15,20,4,30,FALSE,TRUE,0.25,1.5,1.25,0.5,6,6,3,6,2,1,2,961.05,3.62,66,3,0.486
15,30,4,20,FALSE,TRUE,0.25,1.5,1.25,0.5,6,4,3,7,2,1,2,966.92,3.62,67,3,0.488
15,30,4,20,FALSE,TRUE,0.25,1.5,1.25,0.5,6,4,3,8,2,1,2,966.92,3.62,67,3,0.488
15,30,4,20,FALSE,TRUE,0.25,1.5,1.5,0.5,6,6,3,7,2,1,2,968.89,3.62,68,3,0.499
15,30,4,20,FALSE,TRUE,0.25,1.5,1.5,0.5,6,6,3,8,2,1,2,968.89,3.62,68,3,0.499
15,30,4,30,FALSE,TRUE,0.25,1.5,1.25,0.5,6,6,3,6,2,1,2,961.05,3.62,66,3,0.486
10,20,6,20,FALSE,TRUE,0.25,1,1,0.5,6,6,3,7,2,1,2,829.81,3.61,56,3,0.42
10,20,6,20,FALSE,TRUE,0.25,1,1,0.5,6,6,3,8,2,1,2,829.81,3.61,56,3,0.42
10,20,6,20,FALSE,TRUE,0.25,1,1.25,0.5,6,6,3,7,2,1,2,828.18,3.61,56,3,0.419
10,20,6,20,FALSE,TRUE,0.25,1,1.25,0.5,6,6,3,8,2,1,2,828.18,3.61,56,3,0.419
10,20,6,20,FALSE,TRUE,0.25,1,1.5,0.5,6,6,3,7,2,1,2,828.18,3.61,56,3,0.419
10,20,6,20,FALSE,TRUE,0.25,1,1.5,0.5,6,6,3,8,2,1,2,828.18,3.61,56,3,0.419
10,20,6,20,FALSE,TRUE,0.25,1.5,1,0.5,6,4,3,6,2,1,2,723.68,3.61,48,3,0.312
10,20,6,20,FALSE,TRUE,0.25,1.5,1,0.5,6,7,3,6,2,1,2,804.43,3.61,55,3,0.366
10,20,6,20,FALSE,TRUE,0.25,1.5,1.5,0.5,6,6,3,6,2,1,2,724.16,3.61,49,3,0.32
10,20,6,30,FALSE,TRUE,0.25,1,1,0.5,6,6,3,7,2,1,2,829.81,3.61,56,3,0.42
10,20,6,30,FALSE,TRUE,0.25,1,1,0.5,6,6,3,8,2,1,2,829.81,3.61,56,3,0.42
10,20,6,30,FALSE,TRUE,0.25,1,1.25,0.5,6,6,3,7,2,1,2,828.18,3.61,56,3,0.419
10,20,6,30,FALSE,TRUE,0.25,1,1.25,0.5,6,6,3,8,2,1,2,828.18,3.61,56,3,0.419
10,20,6,30,FALSE,TRUE,0.25,1,1.5,0.5,6,6,3,7,2,1,2,828.18,3.61,56,3,0.419
10,20,6,30,FALSE,TRUE,0.25,1,1.5,0.5,6,6,3,8,2,1,2,828.18,3.61,56,3,0.419
10,20,6,30,FALSE,TRUE,0.25,1.5,1,0.5,6,4,3,6,2,1,2,723.68,3.61,48,3,0.312
10,20,6,30,FALSE,TRUE,0.25,1.5,1,0.5,6,7,3,6,2,1,2,804.43,3.61,55,3,0.366
10,20,6,30,FALSE,TRUE,0.25,1.5,1.5,0.5,6,6,3,6,2,1,2,724.16,3.61,49,3,0.32
10,30,6,20,TRUE,TRUE,0.25,1,1.25,0.5,6,4,3,6,2,1,2,452.8,3.61,52,1.497,-0.036
10,30,6,20,TRUE,TRUE,0.25,1,1.5,0.5,6,4,3,6,2,1,2,452.8,3.61,52,1.497,-0.036
10,30,6,20,TRUE,TRUE,0.25,1.25,1.25,0.5,6,7,3,5,2,1,2,437.01,3.61,53,1.497,-0.064
10,30,6,20,TRUE,TRUE,0.25,1.25,1.5,0.5,6,7,3,5,2,1,2,437.01,3.61,53,1.497,-0.064
10,30,6,20,FALSE,TRUE,0.25,1,1,0.5,6,6,3,7,2,1,2,829.81,3.61,56,3,0.42
10,30,6,20,FALSE,TRUE,0.25,1,1,0.5,6,6,3,8,2,1,2,829.81,3.61,56,3,0.42
10,30,6,20,FALSE,TRUE,0.25,1,1.25,0.5,6,6,3,7,2,1,2,828.18,3.61,56,3,0.419
10,30,6,20,FALSE,TRUE,0.25,1,1.25,0.5,6,6,3,8,2,1,2,828.18,3.61,56,3,0.419
10,30,6,20,FALSE,TRUE,0.25,1,1.5,0.5,6,6,3,7,2,1,2,828.18,3.61,56,3,0.419
10,30,6,20,FALSE,TRUE,0.25,1,1.5,0.5,6,6,3,8,2,1,2,828.18,3.61,56,3,0.419
10,30,6,20,FALSE,TRUE,0.25,1.5,1,0.5,6,4,3,6,2,1,2,723.68,3.61,48,3,0.312
10,30,6,20,FALSE,TRUE,0.25,1.5,1,0.5,6,7,3,6,2,1,2,804.43,3.61,55,3,0.366
10,30,6,20,FALSE,TRUE,0.25,1.5,1.5,0.5,6,6,3,6,2,1,2,724.16,3.61,49,3,0.32
10,30,6,30,TRUE,TRUE,0.25,1,1,0.5,6,7,3,6,2,1,2,459.13,3.61,55,1.497,-0.024
10,30,6,30,FALSE,TRUE,0.25,1,1,0.5,6,6,3,7,2,1,2,829.81,3.61,56,3,0.42
10,30,6,30,FALSE,TRUE,0.25,1,1,0.5,6,6,3,8,2,1,2,829.81,3.61,56,3,0.42
10,30,6,30,FALSE,TRUE,0.25,1,1.25,0.5,6,6,3,7,2,1,2,828.18,3.61,56,3,0.419
10,30,6,30,FALSE,TRUE,0.25,1,1.25,0.5,6,6,3,8,2,1,2,828.18,3.61,56,3,0.419
10,30,6,30,FALSE,TRUE,0.25,1,1.5,0.5,6,6,3,7,2,1,2,828.18,3.61,56,3,0.419
10,30,6,30,FALSE,TRUE,0.25,1,1.5,0.5,6,6,3,8,2,1,2,828.18,3.61,56,3,0.419
10,30,6,30,FALSE,TRUE,0.25,1.5,1,0.5,6,4,3,6,2,1,2,723.68,3.61,48,3,0.312
10,30,6,30,FALSE,TRUE,0.25,1.5,1,0.5,6,7,3,6,2,1,2,804.43,3.61,55,3,0.366
10,30,6,30,FALSE,TRUE,0.25,1.5,1.5,0.5,6,6,3,6,2,1,2,724.16,3.61,49,3,0.32
10,40,6,20,TRUE,TRUE,0.25,1,1,0.5,6,4,3,6,2,1,2,444.16,3.61,50,1.497,-0.055
10,40,6,20,FALSE,TRUE,0.25,1,1,0.5,6,6,3,7,2,1,2,828.72,3.61,56,3,0.419
10,40,6,20,FALSE,TRUE,0.25,1,1,0.5,6,6,3,8,2,1,2,828.72,3.61,56,3,0.419
10,40,6,20,FALSE,TRUE,0.25,1.5,1.5,0.5,6,6,3,6,2,1,2,723.07,3.61,49,3,0.319
10,40,6,30,FALSE,TRUE,0.25,1,1,0.5,6,6,3,7,2,1,2,828.72,3.61,56,3,0.419
10,40,6,30,FALSE,TRUE,0.25,1,1,0.5,6,6,3,8,2,1,2,828.72,3.61,56,3,0.419
10,40,6,30,FALSE,TRUE,0.25,1.5,1.5,0.5,6,6,3,6,2,1,2,723.07,3.61,49,3,0.319
10,20,6,20,FALSE,TRUE,0.25,1.25,1,0.5,6,6,3,7,2,1,2,802.07,3.6,55,3,0.396
10,20,6,20,FALSE,TRUE,0.25,1.25,1,0.5,6,6,3,8,2,1,2,802.07,3.6,55,3,0.396
10,20,6,30,TRUE,TRUE,0.25,1.25,1,0.5,6,4,3,6,2,1,2,430.43,3.6,49,1.497,-0.079
10,20,6,30,FALSE,TRUE,0.25,1.25,1,0.5,6,6,3,7,2,1,2,802.07,3.6,55,3,0.396
10,20,6,30,FALSE,TRUE,0.25,1.25,1,0.5,6,6,3,8,2,1,2,802.07,3.6,55,3,0.396
10,30,6,20,FALSE,TRUE,0.25,1.25,1,0.5,6,6,3,7,2,1,2,802.07,3.6,55,3,0.396
10,30,6,20,FALSE,TRUE,0.25,1.25,1,0.5,6,6,3,8,2,1,2,802.07,3.6,55,3,0.396
10,30,6,30,FALSE,TRUE,0.25,1.25,1,0.5,6,6,3,7,2,1,2,802.07,3.6,55,3,0.396
10,30,6,30,FALSE,TRUE,0.25,1.25,1,0.5,6,6,3,8,2,1,2,802.07,3.6,55,3,0.396
10,40,6,20,TRUE,TRUE,0.25,1.25,1.25,0.5,6,6,3,6,2,1,2,436.36,3.6,52,1.497,-0.065
10,40,6,20,TRUE,TRUE,0.25,1.25,1.5,0.5,6,6,3,6,2,1,2,436.36,3.6,52,1.497,-0.065
10,40,6,20,FALSE,TRUE,0.25,1,1.25,0.5,6,6,3,7,2,1,2,827.09,3.6,56,3,0.418
10,40,6,20,FALSE,TRUE,0.25,1,1.25,0.5,6,6,3,8,2,1,2,827.09,3.6,56,3,0.418
10,40,6,20,FALSE,TRUE,0.25,1,1.5,0.5,6,6,3,7,2,1,2,827.09,3.6,56,3,0.418
10,40,6,20,FALSE,TRUE,0.25,1,1.5,0.5,6,6,3,8,2,1,2,827.09,3.6,56,3,0.418
10,40,6,20,FALSE,TRUE,0.25,1.25,1,0.5,6,6,3,7,2,1,2,800.98,3.6,55,3,0.395
10,40,6,20,FALSE,TRUE,0.25,1.25,1,0.5,6,6,3,8,2,1,2,800.98,3.6,55,3,0.395
10,40,6,20,FALSE,TRUE,0.25,1.5,1,0.5,6,7,3,6,2,1,2,803.34,3.6,55,3,0.365
10,40,6,30,FALSE,TRUE,0.25,1,1.25,0.5,6,6,3,7,2,1,2,827.09,3.6,56,3,0.418
10,40,6,30,FALSE,TRUE,0.25,1,1.25,0.5,6,6,3,8,2,1,2,827.09,3.6,56,3,0.418
10,40,6,30,FALSE,TRUE,0.25,1,1.5,0.5,6,6,3,7,2,1,2,827.09,3.6,56,3,0.418
10,40,6,30,FALSE,TRUE,0.25,1,1.5,0.5,6,6,3,8,2,1,2,827.09,3.6,56,3,0.418
10,40,6,30,FALSE,TRUE,0.25,1.25,1,0.5,6,6,3,7,2,1,2,800.98,3.6,55,3,0.395
10,40,6,30,FALSE,TRUE,0.25,1.25,1,0.5,6,6,3,8,2,1,2,800.98,3.6,55,3,0.395
10,40,6,30,FALSE,TRUE,0.25,1.5,1,0.5,6,7,3,6,2,1,2,803.34,3.6,55,3,0.365
15,20,4,20,FALSE,TRUE,0.25,1.5,1.25,0.5,6,4,3,6,2,1,2,961.23,3.6,66,3,0.482
15,20,4,20,FALSE,TRUE,0.25,1.5,1.5,0.5,6,6,3,6,2,1,2,963.2,3.6,67,3,0.492
15,20,4,30,FALSE,TRUE,0.25,1.5,1.25,0.5,6,4,3,7,2,1,2,958.88,3.6,66,3,0.482
15,20,4,30,FALSE,TRUE,0.25,1.5,1.25,0.5,6,4,3,8,2,1,2,958.88,3.6,66,3,0.482
15,20,4,30,FALSE,TRUE,0.25,1.5,1.25,0.5,6,5,3,6,2,1,2,954.34,3.6,65,3,0.481
15,30,4,20,FALSE,TRUE,0.25,1.5,1.25,0.5,6,4,3,6,2,1,2,961.23,3.6,66,3,0.482
15,30,4,20,FALSE,TRUE,0.25,1.5,1.5,0.5,6,6,3,6,2,1,2,963.2,3.6,67,3,0.492
15,30,4,30,FALSE,TRUE,0.25,1.5,1.25,0.5,6,4,3,7,2,1,2,958.88,3.6,66,3,0.482
15,30,4,30,FALSE,TRUE,0.25,1.5,1.25,0.5,6,4,3,8,2,1,2,958.88,3.6,66,3,0.482
15,30,4,30,FALSE,TRUE,0.25,1.5,1.25,0.5,6,5,3,6,2,1,2,954.34,3.6,65,3,0.481
10,20,6,20,FALSE,TRUE,0.25,1,1,0.5,6,4,3,7,2,1,2,823.56,3.59,55,3,0.412
10,20,6,20,FALSE,TRUE,0.25,1,1,0.5,6,4,3,8,2,1,2,823.56,3.59,55,3,0.412
10,20,6,20,FALSE,TRUE,0.25,1,1,0.5,6,7,3,7,2,1,2,838.48,3.59,59,3,0.425
10,20,6,20,FALSE,TRUE,0.25,1,1,0.5,6,7,3,8,2,1,2,838.48,3.59,59,3,0.425
10,20,6,30,TRUE,TRUE,0.25,1.25,1.25,0.5,6,6,3,6,2,1,2,436.4,3.59,52,1.497,-0.065
10,20,6,30,TRUE,TRUE,0.25,1.25,1.5,0.5,6,6,3,6,2,1,2,436.4,3.59,52,1.497,-0.065
10,20,6,30,FALSE,TRUE,0.25,1,1,0.5,6,4,3,7,2,1,2,823.56,3.59,55,3,0.412
10,20,6,30,FALSE,TRUE,0.25,1,1,0.5,6,4,3,8,2,1,2,823.56,3.59,55,3,0.412
10,20,6,30,FALSE,TRUE,0.25,1,1,0.5,6,7,3,7,2,1,2,838.48,3.59,59,3,0.425
10,20,6,30,FALSE,TRUE,0.25,1,1,0.5,6,7,3,8,2,1,2,838.48,3.59,59,3,0.425
10,30,6,20,TRUE,TRUE,0.25,1.25,1.25,0.5,6,4,3,6,2,1,2,435.13,3.59,50,1.497,-0.069
10,30,6,20,TRUE,TRUE,0.25,1.25,1.5,0.5,6,4,3,6,2,1,2,435.13,3.59,50,1.497,-0.069
10,30,6,20,FALSE,TRUE,0.25,1,1,0.5,6,4,3,7,2,1,2,823.56,3.59,55,3,0.412
10,30,6,20,FALSE,TRUE,0.25,1,1,0.5,6,4,3,8,2,1,2,823.56,3.59,55,3,0.412
10,30,6,20,FALSE,TRUE,0.25,1,1,0.5,6,7,3,7,2,1,2,838.48,3.59,59,3,0.425
10,30,6,20,FALSE,TRUE,0.25,1,1,0.5,6,7,3,8,2,1,2,838.48,3.59,59,3,0.425
10,30,6,30,TRUE,TRUE,0.25,1.25,1.25,0.5,6,6,3,7,2,1,2,470.81,3.59,55,1.497,0.009
10,30,6,30,TRUE,TRUE,0.25,1.25,1.25,0.5,6,6,3,8,2,1,2,470.81,3.59,55,1.497,0.009
10,30,6,30,TRUE,TRUE,0.25,1.25,1.5,0.5,6,6,3,7,2,1,2,470.81,3.59,55,1.497,0.009
10,30,6,30,TRUE,TRUE,0.25,1.25,1.5,0.5,6,6,3,8,2,1,2,470.81,3.59,55,1.497,0.009
10,30,6,30,FALSE,TRUE,0.25,1,1,0.5,6,4,3,7,2,1,2,823.56,3.59,55,3,0.412
10,30,6,30,FALSE,TRUE,0.25,1,1,0.5,6,4,3,8,2,1,2,823.56,3.59,55,3,0.412
10,30,6,30,FALSE,TRUE,0.25,1,1,0.5,6,7,3,7,2,1,2,838.48,3.59,59,3,0.425
10,30,6,30,FALSE,TRUE,0.25,1,1,0.5,6,7,3,8,2,1,2,838.48,3.59,59,3,0.425
10,40,6,20,TRUE,TRUE,0.25,1.25,1,0.5,6,4,3,6,2,1,2,426.84,3.59,48,1.497,-0.088
10,40,6,20,FALSE,TRUE,0.25,1,1,0.5,6,7,3,7,2,1,2,837.39,3.59,59,3,0.424
10,40,6,20,FALSE,TRUE,0.25,1,1,0.5,6,7,3,8,2,1,2,837.39,3.59,59,3,0.424
10,40,6,20,FALSE,TRUE,0.25,1.5,1,0.5,6,4,3,6,2,1,2,716.42,3.59,47,3,0.302
10,40,6,30,FALSE,TRUE,0.25,1,1,0.5,6,7,3,7,2,1,2,837.39,3.59,59,3,0.424
10,40,6,30,FALSE,TRUE,0.25,1,1,0.5,6,7,3,8,2,1,2,837.39,3.59,59,3,0.424
10,40,6,30,FALSE,TRUE,0.25,1.5,1,0.5,6,4,3,6,2,1,2,716.42,3.59,47,3,0.302
10,20,6,20,TRUE,TRUE,0.25,1.25,1,0.5,6,7,3,7,2,1,2,471.67,3.58,59,1.497,0.009
10,20,6,20,TRUE,TRUE,0.25,1.25,1,0.5,6,7,3,8,2,1,2,471.67,3.58,59,1.497,0.009
10,20,6,20,FALSE,TRUE,0.25,1,1.25,0.5,6,4,3,7,2,1,2,821.94,3.58,55,3,0.41
10,20,6,20,FALSE,TRUE,0.25,1,1.25,0.5,6,4,3,8,2,1,2,821.94,3.58,55,3,0.41
10,20,6,20,FALSE,TRUE,0.25,1,1.25,0.5,6,7,3,7,2,1,2,836.85,3.58,59,3,0.423
10,20,6,20,FALSE,TRUE,0.25,1,1.25,0.5,6,7,3,8,2,1,2,836.85,3.58,59,3,0.423
10,20,6,20,FALSE,TRUE,0.25,1,1.5,0.5,6,4,3,7,2,1,2,821.94,3.58,55,3,0.41
10,20,6,20,FALSE,TRUE,0.25,1,1.5,0.5,6,4,3,8,2,1,2,821.94,3.58,55,3,0.41
10,20,6,20,FALSE,TRUE,0.25,1,1.5,0.5,6,7,3,7,2,1,2,836.85,3.58,59,3,0.423
10,20,6,20,FALSE,TRUE,0.25,1,1.5,0.5,6,7,3,8,2,1,2,836.85,3.58,59,3,0.423
10,20,6,20,FALSE,TRUE,0.25,1.25,1.25,0.5,6,5,3,7,2,1,2,793.51,3.58,54,3,0.389
10,20,6,20,FALSE,TRUE,0.25,1.25,1.25,0.5,6,5,3,8,2,1,2,793.51,3.58,54,3,0.389
10,20,6,20,FALSE,TRUE,0.25,1.25,1.5,0.5,6,5,3,7,2,1,2,793.51,3.58,54,3,0.389
10,20,6,20,FALSE,TRUE,0.25,1.25,1.5,0.5,6,5,3,8,2,1,2,793.51,3.58,54,3,0.389
10,20,6,30,FALSE,TRUE,0.25,1,1.25,0.5,6,4,3,7,2,1,2,821.94,3.58,55,3,0.41
10,20,6,30,FALSE,TRUE,0.25,1,1.25,0.5,6,4,3,8,2,1,2,821.94,3.58,55,3,0.41
10,20,6,30,FALSE,TRUE,0.25,1,1.25,0.5,6,7,3,7,2,1,2,836.85,3.58,59,3,0.423
10,20,6,30,FALSE,TRUE,0.25,1,1.25,0.5,6,7,3,8,2,1,2,836.85,3.58,59,3,0.423
10,20,6,30,FALSE,TRUE,0.25,1,1.5,0.5,6,4,3,7,2,1,2,821.94,3.58,55,3,0.41
10,20,6,30,FALSE,TRUE,0.25,1,1.5,0.5,6,4,3,8,2,1,2,821.94,3.58,55,3,0.41
10,20,6,30,FALSE,TRUE,0.25,1,1.5,0.5,6,7,3,7,2,1,2,836.85,3.58,59,3,0.423
10,20,6,30,FALSE,TRUE,0.25,1,1.5,0.5,6,7,3,8,2,1,2,836.85,3.58,59,3,0.423
10,20,6,30,FALSE,TRUE,0.25,1.25,1.25,0.5,6,5,3,7,2,1,2,793.51,3.58,54,3,0.389
10,20,6,30,FALSE,TRUE,0.25,1.25,1.25,0.5,6,5,3,8,2,1,2,793.51,3.58,54,3,0.389
10,20,6,30,FALSE,TRUE,0.25,1.25,1.5,0.5,6,5,3,7,2,1,2,793.51,3.58,54,3,0.389
10,20,6,30,FALSE,TRUE,0.25,1.25,1.5,0.5,6,5,3,8,2,1,2,793.51,3.58,54,3,0.389
10,30,6,20,TRUE,TRUE,0.25,1,1,0.5,6,4,3,6,2,1,2,447.29,3.58,51,1.497,-0.047
10,30,6,20,FALSE,TRUE,0.25,1,1.25,0.5,6,4,3,7,2,1,2,821.94,3.58,55,3,0.41
10,30,6,20,FALSE,TRUE,0.25,1,1.25,0.5,6,4,3,8,2,1,2,821.94,3.58,55,3,0.41
10,30,6,20,FALSE,TRUE,0.25,1,1.25,0.5,6,7,3,7,2,1,2,836.85,3.58,59,3,0.423
10,30,6,20,FALSE,TRUE,0.25,1,1.25,0.5,6,7,3,8,2,1,2,836.85,3.58,59,3,0.423
10,30,6,20,FALSE,TRUE,0.25,1,1.5,0.5,6,4,3,7,2,1,2,821.94,3.58,55,3,0.41
10,30,6,20,FALSE,TRUE,0.25,1,1.5,0.5,6,4,3,8,2,1,2,821.94,3.58,55,3,0.41
10,30,6,20,FALSE,TRUE,0.25,1,1.5,0.5,6,7,3,7,2,1,2,836.85,3.58,59,3,0.423
10,30,6,20,FALSE,TRUE,0.25,1,1.5,0.5,6,7,3,8,2,1,2,836.85,3.58,59,3,0.423
10,30,6,20,FALSE,TRUE,0.25,1.25,1.25,0.5,6,5,3,7,2,1,2,793.51,3.58,54,3,0.389
10,30,6,20,FALSE,TRUE,0.25,1.25,1.25,0.5,6,5,3,8,2,1,2,793.51,3.58,54,3,0.389
10,30,6,20,FALSE,TRUE,0.25,1.25,1.5,0.5,6,5,3,7,2,1,2,793.51,3.58,54,3,0.389
10,30,6,20,FALSE,TRUE,0.25,1.25,1.5,0.5,6,5,3,8,2,1,2,793.51,3.58,54,3,0.389
10,30,6,30,FALSE,TRUE,0.25,1,1.25,0.5,6,4,3,7,2,1,2,821.94,3.58,55,3,0.41
10,30,6,30,FALSE,TRUE,0.25,1,1.25,0.5,6,4,3,8,2,1,2,821.94,3.58,55,3,0.41
10,30,6,30,FALSE,TRUE,0.25,1,1.25,0.5,6,7,3,7,2,1,2,836.85,3.58,59,3,0.423
10,30,6,30,FALSE,TRUE,0.25,1,1.25,0.5,6,7,3,8,2,1,2,836.85,3.58,59,3,0.423
10,30,6,30,FALSE,TRUE,0.25,1,1.5,0.5,6,4,3,7,2,1,2,821.94,3.58,55,3,0.41
10,30,6,30,FALSE,TRUE,0.25,1,1.5,0.5,6,4,3,8,2,1,2,821.94,3.58,55,3,0.41
10,30,6,30,FALSE,TRUE,0.25,1,1.5,0.5,6,7,3,7,2,1,2,836.85,3.58,59,3,0.423
10,30,6,30,FALSE,TRUE,0.25,1,1.5,0.5,6,7,3,8,2,1,2,836.85,3.58,59,3,0.423
10,30,6,30,FALSE,TRUE,0.25,1.25,1.25,0.5,6,5,3,7,2,1,2,793.51,3.58,54,3,0.389
10,30,6,30,FALSE,TRUE,0.25,1.25,1.25,0.5,6,5,3,8,2,1,2,793.51,3.58,54,3,0.389
10,30,6,30,FALSE,TRUE,0.25,1.25,1.5,0.5,6,5,3,7,2,1,2,793.51,3.58,54,3,0.389
10,30,6,30,FALSE,TRUE,0.25,1.25,1.5,0.5,6,5,3,8,2,1,2,793.51,3.58,54,3,0.389
10,40,6,20,FALSE,TRUE,0.25,1,1.25,0.5,6,7,3,7,2,1,2,835.76,3.58,59,3,0.422
10,40,6,20,FALSE,TRUE,0.25,1,1.25,0.5,6,7,3,8,2,1,2,835.76,3.58,59,3,0.422
10,40,6,20,FALSE,TRUE,0.25,1,1.5,0.5,6,7,3,7,2,1,2,835.76,3.58,59,3,0.422
10,40,6,20,FALSE,TRUE,0.25,1,1.5,0.5,6,7,3,8,2,1,2,835.76,3.58,59,3,0.422
10,40,6,30,TRUE,TRUE,0.25,1,1.25,0.5,6,4,3,6,2,1,2,448.99,3.58,51,1.497,-0.044
10,40,6,30,TRUE,TRUE,0.25,1,1.5,0.5,6,4,3,6,2,1,2,448.99,3.58,51,1.497,-0.044
10,40,6,30,TRUE,TRUE,0.25,1.25,1.25,0.5,6,7,3,5,2,1,2,435.34,3.58,53,1.497,-0.067
10,40,6,30,TRUE,TRUE,0.25,1.25,1.5,0.5,6,7,3,5,2,1,2,435.34,3.58,53,1.497,-0.067
10,40,6,30,FALSE,TRUE,0.25,1,1.25,0.5,6,7,3,7,2,1,2,835.76,3.58,59,3,0.422
10,40,6,30,FALSE,TRUE,0.25,1,1.25,0.5,6,7,3,8,2,1,2,835.76,3.58,59,3,0.422
10,40,6,30,FALSE,TRUE,0.25,1,1.5,0.5,6,7,3,7,2,1,2,835.76,3.58,59,3,0.422
10,40,6,30,FALSE,TRUE,0.25,1,1.5,0.5,6,7,3,8,2,1,2,835.76,3.58,59,3,0.422
10,40,6,20,FALSE,TRUE,0.25,1,1,0.5,6,4,3,7,2,1,2,816.31,3.57,54,3,0.402
10,40,6,20,FALSE,TRUE,0.25,1,1,0.5,6,4,3,8,2,1,2,816.31,3.57,54,3,0.402
10,40,6,30,FALSE,TRUE,0.25,1,1,0.5,6,4,3,7,2,1,2,816.31,3.57,54,3,0.402
10,40,6,30,FALSE,TRUE,0.25,1,1,0.5,6,4,3,8,2,1,2,816.31,3.57,54,3,0.402
15,20,6,20,FALSE,TRUE,0.25,1.25,1.25,0.5,6,7,3,7,2,1,2,725.02,3.57,51,3,0.319
15,20,6,20,FALSE,TRUE,0.25,1.25,1.25,0.5,6,7,3,8,2,1,2,725.02,3.57,51,3,0.319
15,20,6,20,FALSE,TRUE,0.25,1.25,1.5,0.5,6,7,3,7,2,1,2,725.02,3.57,51,3,0.319
15,20,6,20,FALSE,TRUE,0.25,1.25,1.5,0.5,6,7,3,8,2,1,2,725.02,3.57,51,3,0.319
15,20,6,30,FALSE,TRUE,0.25,1.25,1.25,0.5,6,7,3,7,2,1,2,725.02,3.57,51,3,0.319
15,20,6,30,FALSE,TRUE,0.25,1.25,1.25,0.5,6,7,3,8,2,1,2,725.02,3.57,51,3,0.319
15,20,6,30,FALSE,TRUE,0.25,1.25,1.5,0.5,6,7,3,7,2,1,2,725.02,3.57,51,3,0.319
15,20,6,30,FALSE,TRUE,0.25,1.25,1.5,0.5,6,7,3,8,2,1,2,725.02,3.57,51,3,0.319
15,30,6,20,FALSE,TRUE,0.25,1.25,1.25,0.5,6,7,3,7,2,1,2,725.02,3.57,51,3,0.319
15,30,6,20,FALSE,TRUE,0.25,1.25,1.25,0.5,6,7,3,8,2,1,2,725.02,3.57,51,3,0.319
15,30,6,20,FALSE,TRUE,0.25,1.25,1.5,0.5,6,7,3,7,2,1,2,725.02,3.57,51,3,0.319
15,30,6,20,FALSE,TRUE,0.25,1.25,1.5,0.5,6,7,3,8,2,1,2,725.02,3.57,51,3,0.319
15,30,6,30,FALSE,TRUE,0.25,1.25,1.25,0.5,6,7,3,7,2,1,2,725.02,3.57,51,3,0.319
15,30,6,30,FALSE,TRUE,0.25,1.25,1.25,0.5,6,7,3,8,2,1,2,725.02,3.57,51,3,0.319
15,30,6,30,FALSE,TRUE,0.25,1.25,1.5,0.5,6,7,3,7,2,1,2,725.02,3.57,51,3,0.319
15,30,6,30,FALSE,TRUE,0.25,1.25,1.5,0.5,6,7,3,8,2,1,2,725.02,3.57,51,3,0.319
15,40,6,20,FALSE,TRUE,0.25,1.25,1.25,0.5,6,7,3,7,2,1,2,725.02,3.57,51,3,0.319
15,40,6,20,FALSE,TRUE,0.25,1.25,1.25,0.5,6,7,3,8,2,1,2,725.02,3.57,51,3,0.319
15,40,6,20,FALSE,TRUE,0.25,1.25,1.5,0.5,6,7,3,7,2,1,2,725.02,3.57,51,3,0.319
15,40,6,20,FALSE,TRUE,0.25,1.25,1.5,0.5,6,7,3,8,2,1,2,725.02,3.57,51,3,0.319
15,40,6,30,FALSE,TRUE,0.25,1.25,1.25,0.5,6,7,3,7,2,1,2,725.02,3.57,51,3,0.319
15,40,6,30,FALSE,TRUE,0.25,1.25,1.25,0.5,6,7,3,8,2,1,2,725.02,3.57,51,3,0.319
15,40,6,30,FALSE,TRUE,0.25,1.25,1.5,0.5,6,7,3,7,2,1,2,725.02,3.57,51,3,0.319
15,40,6,30,FALSE,TRUE,0.25,1.25,1.5,0.5,6,7,3,8,2,1,2,725.02,3.57,51,3,0.319
10,20,6,20,FALSE,TRUE,0.25,1.5,1.25,0.5,6,7,3,6,2,1,2,793.45,3.56,54,3,0.359
10,20,6,30,FALSE,TRUE,0.25,1.5,1.25,0.5,6,7,3,6,2,1,2,793.45,3.56,54,3,0.359
10,30,6,20,TRUE,TRUE,0.25,1.25,1,0.5,6,4,3,6,2,1,2,429.97,3.56,49,1.497,-0.08
10,30,6,20,TRUE,TRUE,0.25,1.25,1.25,0.5,6,6,3,6,2,1,2,436.17,3.56,52,1.497,-0.065
10,30,6,20,TRUE,TRUE,0.25,1.25,1.5,0.5,6,6,3,6,2,1,2,436.17,3.56,52,1.497,-0.065
10,30,6,20,FALSE,TRUE,0.25,1.5,1.25,0.5,6,7,3,6,2,1,2,793.45,3.56,54,3,0.359
10,30,6,30,TRUE,TRUE,0.25,1,1.25,0.5,6,4,3,6,2,1,2,452.12,3.56,52,1.497,-0.036
10,30,6,30,TRUE,TRUE,0.25,1,1.5,0.5,6,4,3,6,2,1,2,452.12,3.56,52,1.497,-0.036
10,30,6,30,FALSE,TRUE,0.25,1.5,1.25,0.5,6,7,3,6,2,1,2,793.45,3.56,54,3,0.359
10,40,6,20,FALSE,TRUE,0.25,1,1.25,0.5,6,4,3,7,2,1,2,814.68,3.56,54,3,0.401
10,40,6,20,FALSE,TRUE,0.25,1,1.25,0.5,6,4,3,8,2,1,2,814.68,3.56,54,3,0.401
10,40,6,20,FALSE,TRUE,0.25,1,1.5,0.5,6,4,3,7,2,1,2,814.68,3.56,54,3,0.401
10,40,6,20,FALSE,TRUE,0.25,1,1.5,0.5,6,4,3,8,2,1,2,814.68,3.56,54,3,0.401
10,40,6,20,FALSE,TRUE,0.25,1.25,1.25,0.5,6,5,3,7,2,1,2,786.25,3.56,53,3,0.379
10,40,6,20,FALSE,TRUE,0.25,1.25,1.25,0.5,6,5,3,8,2,1,2,786.25,3.56,53,3,0.379
10,40,6,20,FALSE,TRUE,0.25,1.25,1.5,0.5,6,5,3,7,2,1,2,786.25,3.56,53,3,0.379
10,40,6,20,FALSE,TRUE,0.25,1.25,1.5,0.5,6,5,3,8,2,1,2,786.25,3.56,53,3,0.379
10,40,6,20,FALSE,TRUE,0.25,1.5,1.25,0.5,6,7,3,6,2,1,2,792.36,3.56,54,3,0.358
10,40,6,30,TRUE,TRUE,0.25,1.25,1.25,0.5,6,4,3,6,2,1,2,431.22,3.56,49,1.497,-0.078
10,40,6,30,TRUE,TRUE,0.25,1.25,1.5,0.5,6,4,3,6,2,1,2,431.22,3.56,49,1.497,-0.078
10,40,6,30,FALSE,TRUE,0.25,1,1.25,0.5,6,4,3,7,2,1,2,814.68,3.56,54,3,0.401
10,40,6,30,FALSE,TRUE,0.25,1,1.25,0.5,6,4,3,8,2,1,2,814.68,3.56,54,3,0.401
10,40,6,30,FALSE,TRUE,0.25,1,1.5,0.5,6,4,3,7,2,1,2,814.68,3.56,54,3,0.401
10,40,6,30,FALSE,TRUE,0.25,1,1.5,0.5,6,4,3,8,2,1,2,814.68,3.56,54,3,0.401
10,40,6,30,FALSE,TRUE,0.25,1.25,1.25,0.5,6,5,3,7,2,1,2,786.25,3.56,53,3,0.379
10,40,6,30,FALSE,TRUE,0.25,1.25,1.25,0.5,6,5,3,8,2,1,2,786.25,3.56,53,3,0.379
10,40,6,30,FALSE,TRUE,0.25,1.25,1.5,0.5,6,5,3,7,2,1,2,786.25,3.56,53,3,0.379
10,40,6,30,FALSE,TRUE,0.25,1.25,1.5,0.5,6,5,3,8,2,1,2,786.25,3.56,53,3,0.379
10,40,6,30,FALSE,TRUE,0.25,1.5,1.25,0.5,6,7,3,6,2,1,2,792.36,3.56,54,3,0.358
15,20,4,30,FALSE,TRUE,0.25,1.5,1.25,0.5,6,4,3,6,2,1,2,946.48,3.56,64,3,0.471
15,30,4,30,FALSE,TRUE,0.25,1.5,1.25,0.5,6,4,3,6,2,1,2,946.48,3.56,64,3,0.471
10,20,6,20,FALSE,TRUE,0.25,1.25,1,0.5,6,4,3,7,2,1,2,788.02,3.55,53,3,0.381
10,20,6,20,FALSE,TRUE,0.25,1.25,1,0.5,6,4,3,8,2,1,2,788.02,3.55,53,3,0.381
10,20,6,20,FALSE,TRUE,0.25,1.5,1.5,0.5,6,7,3,6,2,1,2,790.86,3.55,54,3,0.359
10,20,6,30,FALSE,TRUE,0.25,1.25,1,0.5,6,4,3,7,2,1,2,788.02,3.55,53,3,0.381
10,20,6,30,FALSE,TRUE,0.25,1.25,1,0.5,6,4,3,8,2,1,2,788.02,3.55,53,3,0.381
10,20,6,30,FALSE,TRUE,0.25,1.5,1.5,0.5,6,7,3,6,2,1,2,790.86,3.55,54,3,0.359
10,30,6,20,FALSE,TRUE,0.25,1.25,1,0.5,6,4,3,7,2,1,2,788.02,3.55,53,3,0.381
10,30,6,20,FALSE,TRUE,0.25,1.25,1,0.5,6,4,3,8,2,1,2,788.02,3.55,53,3,0.381
10,30,6,20,FALSE,TRUE,0.25,1.5,1.5,0.5,6,7,3,6,2,1,2,790.86,3.55,54,3,0.359
10,30,6,30,FALSE,TRUE,0.25,1.25,1,0.5,6,4,3,7,2,1,2,788.02,3.55,53,3,0.381
10,30,6,30,FALSE,TRUE,0.25,1.25,1,0.5,6,4,3,8,2,1,2,788.02,3.55,53,3,0.381
10,30,6,30,FALSE,TRUE,0.25,1.5,1.5,0.5,6,7,3,6,2,1,2,790.86,3.55,54,3,0.359
10,40,6,20,FALSE,TRUE,0.25,1.5,1.5,0.5,6,7,3,6,2,1,2,789.77,3.55,54,3,0.358
10,40,6,30,TRUE,TRUE,0.25,1,1,0.5,6,4,3,6,2,1,2,442.78,3.55,50,1.497,-0.057
10,40,6,30,FALSE,TRUE,0.25,1.5,1.5,0.5,6,7,3,6,2,1,2,789.77,3.55,54,3,0.358
15,20,6,20,FALSE,TRUE,0.25,1.25,1.25,0.5,6,7,3,6,2,1,2,719.34,3.55,50,3,0.312
15,20,6,20,FALSE,TRUE,0.25,1.25,1.5,0.5,6,7,3,6,2,1,2,719.34,3.55,50,3,0.312
15,20,6,30,FALSE,TRUE,0.25,1.25,1.25,0.5,6,7,3,6,2,1,2,719.34,3.55,50,3,0.312
15,20,6,30,FALSE,TRUE,0.25,1.25,1.5,0.5,6,7,3,6,2,1,2,719.34,3.55,50,3,0.312
15,30,6,20,FALSE,TRUE,0.25,1.25,1.25,0.5,6,7,3,6,2,1,2,719.34,3.55,50,3,0.312
15,30,6,20,FALSE,TRUE,0.25,1.25,1.5,0.5,6,7,3,6,2,1,2,719.34,3.55,50,3,0.312
15,30,6,30,FALSE,TRUE,0.25,1.25,1.25,0.5,6,7,3,6,2,1,2,719.34,3.55,50,3,0.312
15,30,6,30,FALSE,TRUE,0.25,1.25,1.5,0.5,6,7,3,6,2,1,2,719.34,3.55,50,3,0.312
15,40,6,20,FALSE,TRUE,0.25,1.25,1.25,0.5,6,7,3,6,2,1,2,719.34,3.55,50,3,0.312
15,40,6,20,FALSE,TRUE,0.25,1.25,1.5,0.5,6,7,3,6,2,1,2,719.34,3.55,50,3,0.312
15,40,6,30,FALSE,TRUE,0.25,1.25,1.25,0.5,6,7,3,6,2,1,2,719.34,3.55,50,3,0.312
15,40,6,30,FALSE,TRUE,0.25,1.25,1.5,0.5,6,7,3,6,2,1,2,719.34,3.55,50,3,0.312
10,20,6,20,FALSE,TRUE,0.25,1,1.25,0.5,6,6,3,6,2,1,2,761.16,3.54,53,3,0.348
10,20,6,20,FALSE,TRUE,0.25,1,1.5,0.5,6,6,3,6,2,1,2,761.16,3.54,53,3,0.348
10,20,6,20,FALSE,TRUE,0.25,1.25,1.25,0.5,6,4,3,7,2,1,2,785.66,3.54,53,3,0.38
10,20,6,20,FALSE,TRUE,0.25,1.25,1.25,0.5,6,4,3,8,2,1,2,785.66,3.54,53,3,0.38
10,20,6,20,FALSE,TRUE,0.25,1.25,1.5,0.5,6,4,3,7,2,1,2,785.66,3.54,53,3,0.38
10,20,6,20,FALSE,TRUE,0.25,1.25,1.5,0.5,6,4,3,8,2,1,2,785.66,3.54,53,3,0.38
10,20,6,30,FALSE,TRUE,0.25,1,1.25,0.5,6,6,3,6,2,1,2,761.16,3.54,53,3,0.348
10,20,6,30,FALSE,TRUE,0.25,1,1.5,0.5,6,6,3,6,2,1,2,761.16,3.54,53,3,0.348
10,20,6,30,FALSE,TRUE,0.25,1.25,1.25,0.5,6,4,3,7,2,1,2,785.66,3.54,53,3,0.38
10,20,6,30,FALSE,TRUE,0.25,1.25,1.25,0.5,6,4,3,8,2,1,2,785.66,3.54,53,3,0.38
10,20,6,30,FALSE,TRUE,0.25,1.25,1.5,0.5,6,4,3,7,2,1,2,785.66,3.54,53,3,0.38
10,20,6,30,FALSE,TRUE,0.25,1.25,1.5,0.5,6,4,3,8,2,1,2,785.66,3.54,53,3,0.38
10,30,6,20,FALSE,TRUE,0.25,1,1.25,0.5,6,6,3,6,2,1,2,761.16,3.54,53,3,0.348
10,30,6,20,FALSE,TRUE,0.25,1,1.5,0.5,6,6,3,6,2,1,2,761.16,3.54,53,3,0.348
10,30,6,20,FALSE,TRUE,0.25,1.25,1.25,0.5,6,4,3,7,2,1,2,785.66,3.54,53,3,0.38
10,30,6,20,FALSE,TRUE,0.25,1.25,1.25,0.5,6,4,3,8,2,1,2,785.66,3.54,53,3,0.38
10,30,6,20,FALSE,TRUE,0.25,1.25,1.5,0.5,6,4,3,7,2,1,2,785.66,3.54,53,3,0.38
10,30,6,20,FALSE,TRUE,0.25,1.25,1.5,0.5,6,4,3,8,2,1,2,785.66,3.54,53,3,0.38
10,30,6,30,TRUE,TRUE,0.25,1.25,1.25,0.5,6,7,3,5,2,1,2,435.15,3.54,53,1.497,-0.067
10,30,6,30,TRUE,TRUE,0.25,1.25,1.5,0.5,6,7,3,5,2,1,2,435.15,3.54,53,1.497,-0.067
10,30,6,30,FALSE,TRUE,0.25,1,1.25,0.5,6,6,3,6,2,1,2,761.16,3.54,53,3,0.348
10,30,6,30,FALSE,TRUE,0.25,1,1.5,0.5,6,6,3,6,2,1,2,761.16,3.54,53,3,0.348
10,30,6,30,FALSE,TRUE,0.25,1.25,1.25,0.5,6,4,3,7,2,1,2,785.66,3.54,53,3,0.38
10,30,6,30,FALSE,TRUE,0.25,1.25,1.25,0.5,6,4,3,8,2,1,2,785.66,3.54,53,3,0.38
10,30,6,30,FALSE,TRUE,0.25,1.25,1.5,0.5,6,4,3,7,2,1,2,785.66,3.54,53,3,0.38
10,30,6,30,FALSE,TRUE,0.25,1.25,1.5,0.5,6,4,3,8,2,1,2,785.66,3.54,53,3,0.38
10,40,6,20,TRUE,TRUE,0.25,1.25,1,0.5,6,7,3,7,2,1,2,471.18,3.54,59,1.497,0.008
10,40,6,20,TRUE,TRUE,0.25,1.25,1,0.5,6,7,3,8,2,1,2,471.18,3.54,59,1.497,0.008
10,40,6,20,FALSE,TRUE,0.25,1,1.25,0.5,6,6,3,6,2,1,2,760.07,3.54,53,3,0.346
10,40,6,20,FALSE,TRUE,0.25,1,1.5,0.5,6,6,3,6,2,1,2,760.07,3.54,53,3,0.346
10,40,6,30,TRUE,TRUE,0.25,1.25,1.25,0.5,6,6,3,6,2,1,2,435.59,3.54,52,1.497,-0.066
10,40,6,30,TRUE,TRUE,0.25,1.25,1.5,0.5,6,6,3,6,2,1,2,435.59,3.54,52,1.497,-0.066
10,40,6,30,FALSE,TRUE,0.25,1,1.25,0.5,6,6,3,6,2,1,2,760.07,3.54,53,3,0.346
10,40,6,30,FALSE,TRUE,0.25,1,1.5,0.5,6,6,3,6,2,1,2,760.07,3.54,53,3,0.346
10,30,6,30,TRUE,TRUE,0.25,1.25,1.25,0.5,6,4,3,6,2,1,2,434.35,3.53,50,1.497,-0.07
10,30,6,30,TRUE,TRUE,0.25,1.25,1.5,0.5,6,4,3,6,2,1,2,434.35,3.53,50,1.497,-0.07
10,40,6,20,FALSE,TRUE,0.25,1.25,1,0.5,6,4,3,7,2,1,2,780.76,3.53,52,3,0.372
10,40,6,20,FALSE,TRUE,0.25,1.25,1,0.5,6,4,3,8,2,1,2,780.76,3.53,52,3,0.372
10,40,6,30,FALSE,TRUE,0.25,1.25,1,0.5,6,4,3,7,2,1,2,780.76,3.53,52,3,0.372
10,40,6,30,FALSE,TRUE,0.25,1.25,1,0.5,6,4,3,8,2,1,2,780.76,3.53,52,3,0.372
10,20,6,20,FALSE,TRUE,0.25,1,1.25,0.5,6,7,3,6,2,1,2,769.82,3.52,56,3,0.353
10,20,6,20,FALSE,TRUE,0.25,1,1.5,0.5,6,7,3,6,2,1,2,769.82,3.52,56,3,0.353
10,20,6,30,TRUE,TRUE,0.25,1.25,1,0.5,6,7,3,7,2,1,2,470.5,3.52,59,1.497,0.008
10,20,6,30,TRUE,TRUE,0.25,1.25,1,0.5,6,7,3,8,2,1,2,470.5,3.52,59,1.497,0.008
10,20,6,30,FALSE,TRUE,0.25,1,1.25,0.5,6,7,3,6,2,1,2,769.82,3.52,56,3,0.353
10,20,6,30,FALSE,TRUE,0.25,1,1.5,0.5,6,7,3,6,2,1,2,769.82,3.52,56,3,0.353
10,30,6,20,FALSE,TRUE,0.25,1,1.25,0.5,6,7,3,6,2,1,2,769.82,3.52,56,3,0.353
10,30,6,20,FALSE,TRUE,0.25,1,1.5,0.5,6,7,3,6,2,1,2,769.82,3.52,56,3,0.353
10,30,6,30,TRUE,TRUE,0.25,1,1,0.5,6,4,3,6,2,1,2,445.91,3.52,51,1.497,-0.05
10,30,6,30,FALSE,TRUE,0.25,1,1.25,0.5,6,7,3,6,2,1,2,769.82,3.52,56,3,0.353
10,30,6,30,FALSE,TRUE,0.25,1,1.5,0.5,6,7,3,6,2,1,2,769.82,3.52,56,3,0.353
10,40,6,20,FALSE,TRUE,0.25,1.25,1.25,0.5,6,4,3,7,2,1,2,778.4,3.52,52,3,0.37
10,40,6,20,FALSE,TRUE,0.25,1.25,1.25,0.5,6,4,3,8,2,1,2,778.4,3.52,52,3,0.37
10,40,6,20,FALSE,TRUE,0.25,1.25,1.5,0.5,6,4,3,7,2,1,2,778.4,3.52,52,3,0.37
10,40,6,20,FALSE,TRUE,0.25,1.25,1.5,0.5,6,4,3,8,2,1,2,778.4,3.52,52,3,0.37
10,40,6,30,TRUE,TRUE,0.25,1.25,1,0.5,6,4,3,6,2,1,2,425.37,3.52,48,1.497,-0.09
10,40,6,30,FALSE,TRUE,0.25,1.25,1.25,0.5,6,4,3,7,2,1,2,778.4,3.52,52,3,0.37
10,40,6,30,FALSE,TRUE,0.25,1.25,1.25,0.5,6,4,3,8,2,1,2,778.4,3.52,52,3,0.37
10,40,6,30,FALSE,TRUE,0.25,1.25,1.5,0.5,6,4,3,7,2,1,2,778.4,3.52,52,3,0.37
10,40,6,30,FALSE,TRUE,0.25,1.25,1.5,0.5,6,4,3,8,2,1,2,778.4,3.52,52,3,0.37
15,20,4,20,FALSE,TRUE,0.25,1.5,1.25,0.5,6,6,3,7,2,1,2,960.93,3.52,69,3,0.487
15,20,4,20,FALSE,TRUE,0.25,1.5,1.25,0.5,6,6,3,8,2,1,2,960.93,3.52,69,3,0.487
15,30,4,20,FALSE,TRUE,0.25,1.5,1.25,0.5,6,6,3,7,2,1,2,960.93,3.52,69,3,0.487
15,30,4,20,FALSE,TRUE,0.25,1.5,1.25,0.5,6,6,3,8,2,1,2,960.93,3.52,69,3,0.487
10,20,6,20,FALSE,TRUE,0.25,1,1,0.5,6,6,3,6,2,1,2,752.57,3.51,52,3,0.338
10,20,6,20,FALSE,TRUE,0.25,1,1.25,0.5,6,4,3,6,2,1,2,754.91,3.51,52,3,0.338
10,20,6,20,FALSE,TRUE,0.25,1,1.5,0.5,6,4,3,6,2,1,2,754.91,3.51,52,3,0.338
10,20,6,20,FALSE,TRUE,0.25,1.25,1.25,0.5,6,5,3,6,2,1,2,726.48,3.51,51,3,0.315
10,20,6,20,FALSE,TRUE,0.25,1.25,1.5,0.5,6,5,3,6,2,1,2,726.48,3.51,51,3,0.315
10,20,6,30,FALSE,TRUE,0.25,1,1,0.5,6,6,3,6,2,1,2,752.57,3.51,52,3,0.338
10,20,6,30,FALSE,TRUE,0.25,1,1.25,0.5,6,4,3,6,2,1,2,754.91,3.51,52,3,0.338
10,20,6,30,FALSE,TRUE,0.25,1,1.5,0.5,6,4,3,6,2,1,2,754.91,3.51,52,3,0.338
10,20,6,30,FALSE,TRUE,0.25,1.25,1.25,0.5,6,5,3,6,2,1,2,726.48,3.51,51,3,0.315
10,20,6,30,FALSE,TRUE,0.25,1.25,1.5,0.5,6,5,3,6,2,1,2,726.48,3.51,51,3,0.315
10,30,6,20,FALSE,TRUE,0.25,1,1,0.5,6,6,3,6,2,1,2,752.57,3.51,52,3,0.338
10,30,6,20,FALSE,TRUE,0.25,1,1.25,0.5,6,4,3,6,2,1,2,754.91,3.51,52,3,0.338
10,30,6,20,FALSE,TRUE,0.25,1,1.5,0.5,6,4,3,6,2,1,2,754.91,3.51,52,3,0.338
10,30,6,20,FALSE,TRUE,0.25,1.25,1.25,0.5,6,5,3,6,2,1,2,726.48,3.51,51,3,0.315
10,30,6,20,FALSE,TRUE,0.25,1.25,1.5,0.5,6,5,3,6,2,1,2,726.48,3.51,51,3,0.315
10,30,6,30,FALSE,TRUE,0.25,1,1,0.5,6,6,3,6,2,1,2,752.57,3.51,52,3,0.338
10,30,6,30,FALSE,TRUE,0.25,1,1.25,0.5,6,4,3,6,2,1,2,754.91,3.51,52,3,0.338
10,30,6,30,FALSE,TRUE,0.25,1,1.5,0.5,6,4,3,6,2,1,2,754.91,3.51,52,3,0.338
10,30,6,30,FALSE,TRUE,0.25,1.25,1.25,0.5,6,5,3,6,2,1,2,726.48,3.51,51,3,0.315
10,30,6,30,FALSE,TRUE,0.25,1.25,1.5,0.5,6,5,3,6,2,1,2,726.48,3.51,51,3,0.315
10,40,6,20,FALSE,TRUE,0.25,1,1,0.5,6,6,3,6,2,1,2,751.48,3.51,52,3,0.337
10,40,6,20,FALSE,TRUE,0.25,1,1.25,0.5,6,7,3,6,2,1,2,768.73,3.51,56,3,0.352
10,40,6,20,FALSE,TRUE,0.25,1,1.5,0.5,6,7,3,6,2,1,2,768.73,3.51,56,3,0.352
10,40,6,30,FALSE,TRUE,0.25,1,1,0.5,6,6,3,6,2,1,2,751.48,3.51,52,3,0.337
10,40,6,30,FALSE,TRUE,0.25,1,1.25,0.5,6,7,3,6,2,1,2,768.73,3.51,56,3,0.352
10,40,6,30,FALSE,TRUE,0.25,1,1.5,0.5,6,7,3,6,2,1,2,768.73,3.51,56,3,0.352
15,20,4,20,FALSE,TRUE,0.25,1.5,1.25,0.5,6,6,3,6,2,1,2,955.25,3.51,68,3,0.481
15,30,4,20,FALSE,TRUE,0.25,1.5,1.25,0.5,6,6,3,6,2,1,2,955.25,3.51,68,3,0.481
10,30,6,20,TRUE,TRUE,0.25,1.25,1,0.5,6,7,3,7,2,1,2,470.83,3.5,59,1.497,0.008
10,30,6,20,TRUE,TRUE,0.25,1.25,1,0.5,6,7,3,8,2,1,2,470.83,3.5,59,1.497,0.008
10,30,6,30,TRUE,TRUE,0.25,1.25,1,0.5,6,4,3,6,2,1,2,428.5,3.5,49,1.497,-0.083
10,30,6,30,TRUE,TRUE,0.25,1.25,1.25,0.5,6,6,3,6,2,1,2,435.4,3.5,52,1.497,-0.066
10,30,6,30,TRUE,TRUE,0.25,1.25,1.5,0.5,6,6,3,6,2,1,2,435.4,3.5,52,1.497,-0.066
10,20,6,20,FALSE,TRUE,0.25,1,1,0.5,6,7,3,6,2,1,2,761.23,3.49,55,3,0.343
10,20,6,20,FALSE,TRUE,0.25,1.25,1,0.5,6,6,3,6,2,1,2,724.83,3.49,51,3,0.311
10,20,6,30,FALSE,TRUE,0.25,1,1,0.5,6,7,3,6,2,1,2,761.23,3.49,55,3,0.343
10,20,6,30,FALSE,TRUE,0.25,1.25,1,0.5,6,6,3,6,2,1,2,724.83,3.49,51,3,0.311
10,30,6,20,FALSE,TRUE,0.25,1,1,0.5,6,7,3,6,2,1,2,761.23,3.49,55,3,0.343
10,30,6,20,FALSE,TRUE,0.25,1.25,1,0.5,6,6,3,6,2,1,2,724.83,3.49,51,3,0.311
10,30,6,30,FALSE,TRUE,0.25,1,1,0.5,6,7,3,6,2,1,2,761.23,3.49,55,3,0.343
10,30,6,30,FALSE,TRUE,0.25,1.25,1,0.5,6,6,3,6,2,1,2,724.83,3.49,51,3,0.311
10,40,6,20,FALSE,TRUE,0.25,1,1,0.5,6,7,3,6,2,1,2,760.14,3.49,55,3,0.342
10,40,6,20,FALSE,TRUE,0.25,1,1.25,0.5,6,4,3,6,2,1,2,747.65,3.49,51,3,0.328
10,40,6,20,FALSE,TRUE,0.25,1,1.5,0.5,6,4,3,6,2,1,2,747.65,3.49,51,3,0.328
10,40,6,20,FALSE,TRUE,0.25,1.25,1,0.5,6,6,3,6,2,1,2,723.74,3.49,51,3,0.31
10,40,6,20,FALSE,TRUE,0.25,1.25,1.25,0.5,6,5,3,6,2,1,2,719.22,3.49,50,3,0.305
10,40,6,20,FALSE,TRUE,0.25,1.25,1.5,0.5,6,5,3,6,2,1,2,719.22,3.49,50,3,0.305
10,40,6,30,FALSE,TRUE,0.25,1,1,0.5,6,7,3,6,2,1,2,760.14,3.49,55,3,0.342
10,40,6,30,FALSE,TRUE,0.25,1,1.25,0.5,6,4,3,6,2,1,2,747.65,3.49,51,3,0.328
10,40,6,30,FALSE,TRUE,0.25,1,1.5,0.5,6,4,3,6,2,1,2,747.65,3.49,51,3,0.328
10,40,6,30,FALSE,TRUE,0.25,1.25,1,0.5,6,6,3,6,2,1,2,723.74,3.49,51,3,0.31
10,40,6,30,FALSE,TRUE,0.25,1.25,1.25,0.5,6,5,3,6,2,1,2,719.22,3.49,50,3,0.305
10,40,6,30,FALSE,TRUE,0.25,1.25,1.5,0.5,6,5,3,6,2,1,2,719.22,3.49,50,3,0.305
10,20,6,20,FALSE,TRUE,0.25,1,1,0.5,6,4,3,6,2,1,2,746.32,3.48,51,3,0.329
10,20,6,30,FALSE,TRUE,0.25,1,1,0.5,6,4,3,6,2,1,2,746.32,3.48,51,3,0.329
10,30,6,20,FALSE,TRUE,0.25,1,1,0.5,6,4,3,6,2,1,2,746.32,3.48,51,3,0.329
10,30,6,30,FALSE,TRUE,0.25,1,1,0.5,6,4,3,6,2,1,2,746.32,3.48,51,3,0.329
10,40,6,30,TRUE,TRUE,0.25,1.25,1,0.5,6,7,3,7,2,1,2,470.02,3.48,59,1.497,0.006
10,40,6,30,TRUE,TRUE,0.25,1.25,1,0.5,6,7,3,8,2,1,2,470.02,3.48,59,1.497,0.006
10,20,6,20,FALSE,TRUE,0.25,1.25,1.25,0.5,6,4,3,6,2,1,2,718.63,3.47,50,3,0.306
10,20,6,20,FALSE,TRUE,0.25,1.25,1.5,0.5,6,4,3,6,2,1,2,718.63,3.47,50,3,0.306
10,20,6,30,FALSE,TRUE,0.25,1.25,1.25,0.5,6,4,3,6,2,1,2,718.63,3.47,50,3,0.306
10,20,6,30,FALSE,TRUE,0.25,1.25,1.5,0.5,6,4,3,6,2,1,2,718.63,3.47,50,3,0.306
10,30,6,20,FALSE,TRUE,0.25,1.25,1.25,0.5,6,4,3,6,2,1,2,718.63,3.47,50,3,0.306
10,30,6,20,FALSE,TRUE,0.25,1.25,1.5,0.5,6,4,3,6,2,1,2,718.63,3.47,50,3,0.306
10,30,6,30,FALSE,TRUE,0.25,1.25,1.25,0.5,6,4,3,6,2,1,2,718.63,3.47,50,3,0.306
10,30,6,30,FALSE,TRUE,0.25,1.25,1.5,0.5,6,4,3,6,2,1,2,718.63,3.47,50,3,0.306
10,20,6,20,FALSE,TRUE,0.25,1.25,1.25,0.5,6,7,3,5,2,1,2,720.5,3.46,53,3,0.308
10,20,6,20,FALSE,TRUE,0.25,1.25,1.5,0.5,6,7,3,5,2,1,2,720.5,3.46,53,3,0.308
10,20,6,30,FALSE,TRUE,0.25,1.25,1.25,0.5,6,7,3,5,2,1,2,720.5,3.46,53,3,0.308
10,20,6,30,FALSE,TRUE,0.25,1.25,1.5,0.5,6,7,3,5,2,1,2,720.5,3.46,53,3,0.308
10,30,6,20,FALSE,TRUE,0.25,1.25,1.25,0.5,6,7,3,5,2,1,2,720.5,3.46,53,3,0.308
10,30,6,20,FALSE,TRUE,0.25,1.25,1.5,0.5,6,7,3,5,2,1,2,720.5,3.46,53,3,0.308
10,30,6,30,FALSE,TRUE,0.25,1.25,1.25,0.5,6,7,3,5,2,1,2,720.5,3.46,53,3,0.308
10,30,6,30,FALSE,TRUE,0.25,1.25,1.5,0.5,6,7,3,5,2,1,2,720.5,3.46,53,3,0.308
10,40,6,20,FALSE,TRUE,0.25,1,1,0.5,6,4,3,6,2,1,2,739.06,3.46,50,3,0.319
10,40,6,30,FALSE,TRUE,0.25,1,1,0.5,6,4,3,6,2,1,2,739.06,3.46,50,3,0.319
10,20,6,20,TRUE,TRUE,0.25,1.25,1,0.5,6,7,3,6,2,1,2,430.07,3.45,55,1.497,-0.078
10,40,6,20,FALSE,TRUE,0.25,1.25,1.25,0.5,6,7,3,5,2,1,2,719.41,3.45,53,3,0.306
10,40,6,20,FALSE,TRUE,0.25,1.25,1.5,0.5,6,7,3,5,2,1,2,719.41,3.45,53,3,0.306
10,40,6,30,FALSE,TRUE,0.25,1.25,1.25,0.5,6,7,3,5,2,1,2,719.41,3.45,53,3,0.306
10,40,6,30,FALSE,TRUE,0.25,1.25,1.5,0.5,6,7,3,5,2,1,2,719.41,3.45,53,3,0.306
10,20,6,20,FALSE,TRUE,0.25,1.25,1,0.5,6,4,3,6,2,1,2,710.77,3.44,49,3,0.295
10,20,6,30,FALSE,TRUE,0.25,1.25,1,0.5,6,4,3,6,2,1,2,710.77,3.44,49,3,0.295
10,30,6,20,FALSE,TRUE,0.25,1.25,1,0.5,6,4,3,6,2,1,2,710.77,3.44,49,3,0.295
10,30,6,30,TRUE,TRUE,0.25,1.25,1,0.5,6,7,3,7,2,1,2,469.66,3.44,59,1.497,0.006
10,30,6,30,TRUE,TRUE,0.25,1.25,1,0.5,6,7,3,8,2,1,2,469.66,3.44,59,1.497,0.006
10,30,6,30,FALSE,TRUE,0.25,1.25,1,0.5,6,4,3,6,2,1,2,710.77,3.44,49,3,0.295
10,40,6,20,FALSE,TRUE,0.25,1.25,1.25,0.5,6,4,3,6,2,1,2,711.37,3.44,49,3,0.296
10,40,6,20,FALSE,TRUE,0.25,1.25,1.5,0.5,6,4,3,6,2,1,2,711.37,3.44,49,3,0.296
10,40,6,30,FALSE,TRUE,0.25,1.25,1.25,0.5,6,4,3,6,2,1,2,711.37,3.44,49,3,0.296
10,40,6,30,FALSE,TRUE,0.25,1.25,1.5,0.5,6,4,3,6,2,1,2,711.37,3.44,49,3,0.296
10,20,6,20,TRUE,TRUE,0.25,1.25,1.25,0.5,6,7,3,7,2,1,2,460.09,3.43,59,1.497,-0.011
10,20,6,20,TRUE,TRUE,0.25,1.25,1.25,0.5,6,7,3,8,2,1,2,460.09,3.43,59,1.497,-0.011
10,20,6,20,TRUE,TRUE,0.25,1.25,1.5,0.5,6,7,3,7,2,1,2,460.09,3.43,59,1.497,-0.011
10,20,6,20,TRUE,TRUE,0.25,1.25,1.5,0.5,6,7,3,8,2,1,2,460.09,3.43,59,1.497,-0.011
10,20,6,20,FALSE,TRUE,0.25,1.25,1.25,0.5,6,6,3,7,2,1,2,779.67,3.43,55,3,0.375
10,20,6,20,FALSE,TRUE,0.25,1.25,1.25,0.5,6,6,3,8,2,1,2,779.67,3.43,55,3,0.375
10,20,6,20,FALSE,TRUE,0.25,1.25,1.5,0.5,6,6,3,7,2,1,2,779.67,3.43,55,3,0.375
10,20,6,20,FALSE,TRUE,0.25,1.25,1.5,0.5,6,6,3,8,2,1,2,779.67,3.43,55,3,0.375
10,20,6,30,FALSE,TRUE,0.25,1.25,1.25,0.5,6,6,3,7,2,1,2,779.67,3.43,55,3,0.375
10,20,6,30,FALSE,TRUE,0.25,1.25,1.25,0.5,6,6,3,8,2,1,2,779.67,3.43,55,3,0.375
10,20,6,30,FALSE,TRUE,0.25,1.25,1.5,0.5,6,6,3,7,2,1,2,779.67,3.43,55,3,0.375
10,20,6,30,FALSE,TRUE,0.25,1.25,1.5,0.5,6,6,3,8,2,1,2,779.67,3.43,55,3,0.375
10,30,6,20,FALSE,TRUE,0.25,1.25,1.25,0.5,6,6,3,7,2,1,2,779.67,3.43,55,3,0.375
10,30,6,20,FALSE,TRUE,0.25,1.25,1.25,0.5,6,6,3,8,2,1,2,779.67,3.43,55,3,0.375
10,30,6,20,FALSE,TRUE,0.25,1.25,1.5,0.5,6,6,3,7,2,1,2,779.67,3.43,55,3,0.375
10,30,6,20,FALSE,TRUE,0.25,1.25,1.5,0.5,6,6,3,8,2,1,2,779.67,3.43,55,3,0.375
10,30,6,30,FALSE,TRUE,0.25,1.25,1.25,0.5,6,6,3,7,2,1,2,779.67,3.43,55,3,0.375
10,30,6,30,FALSE,TRUE,0.25,1.25,1.25,0.5,6,6,3,8,2,1,2,779.67,3.43,55,3,0.375
10,30,6,30,FALSE,TRUE,0.25,1.25,1.5,0.5,6,6,3,7,2,1,2,779.67,3.43,55,3,0.375
10,30,6,30,FALSE,TRUE,0.25,1.25,1.5,0.5,6,6,3,8,2,1,2,779.67,3.43,55,3,0.375
10,40,6,20,FALSE,TRUE,0.25,1.25,1.25,0.5,6,6,3,7,2,1,2,778.58,3.43,55,3,0.374
10,40,6,20,FALSE,TRUE,0.25,1.25,1.25,0.5,6,6,3,8,2,1,2,778.58,3.43,55,3,0.374
10,40,6,20,FALSE,TRUE,0.25,1.25,1.5,0.5,6,6,3,7,2,1,2,778.58,3.43,55,3,0.374
10,40,6,20,FALSE,TRUE,0.25,1.25,1.5,0.5,6,6,3,8,2,1,2,778.58,3.43,55,3,0.374
10,40,6,30,FALSE,TRUE,0.25,1.25,1.25,0.5,6,6,3,7,2,1,2,778.58,3.43,55,3,0.374
10,40,6,30,FALSE,TRUE,0.25,1.25,1.25,0.5,6,6,3,8,2,1,2,778.58,3.43,55,3,0.374
10,40,6,30,FALSE,TRUE,0.25,1.25,1.5,0.5,6,6,3,7,2,1,2,778.58,3.43,55,3,0.374
10,40,6,30,FALSE,TRUE,0.25,1.25,1.5,0.5,6,6,3,8,2,1,2,778.58,3.43,55,3,0.374
10,40,6,20,TRUE,TRUE,0.25,1.25,1,0.5,6,7,3,6,2,1,2,429.26,3.41,55,1.497,-0.08
10,40,6,20,FALSE,TRUE,0.25,1.25,1,0.5,6,4,3,6,2,1,2,703.52,3.41,48,3,0.285
10,40,6,30,FALSE,TRUE,0.25,1.25,1,0.5,6,4,3,6,2,1,2,703.52,3.41,48,3,0.285
10,20,6,30,TRUE,TRUE,0.25,1.25,1,0.5,6,7,3,6,2,1,2,428.21,3.39,55,1.497,-0.081
10,40,6,20,TRUE,TRUE,0.25,1.25,1.25,0.5,6,7,3,7,2,1,2,459.61,3.39,59,1.497,-0.012
10,40,6,20,TRUE,TRUE,0.25,1.25,1.25,0.5,6,7,3,8,2,1,2,459.61,3.39,59,1.497,-0.012
10,40,6,20,TRUE,TRUE,0.25,1.25,1.5,0.5,6,7,3,7,2,1,2,459.61,3.39,59,1.497,-0.012
10,40,6,20,TRUE,TRUE,0.25,1.25,1.5,0.5,6,7,3,8,2,1,2,459.61,3.39,59,1.497,-0.012
10,20,6,30,TRUE,TRUE,0.25,1.25,1.25,0.5,6,7,3,7,2,1,2,458.93,3.37,59,1.497,-0.013
10,20,6,30,TRUE,TRUE,0.25,1.25,1.25,0.5,6,7,3,8,2,1,2,458.93,3.37,59,1.497,-0.013
10,20,6,30,TRUE,TRUE,0.25,1.25,1.5,0.5,6,7,3,7,2,1,2,458.93,3.37,59,1.497,-0.013
10,20,6,30,TRUE,TRUE,0.25,1.25,1.5,0.5,6,7,3,8,2,1,2,458.93,3.37,59,1.497,-0.013
10,30,6,20,TRUE,TRUE,0.25,1.25,1,0.5,6,7,3,6,2,1,2,429.07,3.37,55,1.497,-0.08
10,30,6,20,TRUE,TRUE,0.25,1.25,1.25,0.5,6,7,3,7,2,1,2,459.25,3.36,59,1.497,-0.012
10,30,6,20,TRUE,TRUE,0.25,1.25,1.25,0.5,6,7,3,8,2,1,2,459.25,3.36,59,1.497,-0.012
10,30,6,20,TRUE,TRUE,0.25,1.25,1.5,0.5,6,7,3,7,2,1,2,459.25,3.36,59,1.497,-0.012
10,30,6,20,TRUE,TRUE,0.25,1.25,1.5,0.5,6,7,3,8,2,1,2,459.25,3.36,59,1.497,-0.012
10,20,6,20,FALSE,TRUE,0.25,1.25,1.25,0.5,6,6,3,6,2,1,2,712.64,3.35,52,3,0.301
10,20,6,20,FALSE,TRUE,0.25,1.25,1.5,0.5,6,6,3,6,2,1,2,712.64,3.35,52,3,0.301
10,20,6,30,FALSE,TRUE,0.25,1.25,1.25,0.5,6,6,3,6,2,1,2,712.64,3.35,52,3,0.301
10,20,6,30,FALSE,TRUE,0.25,1.25,1.5,0.5,6,6,3,6,2,1,2,712.64,3.35,52,3,0.301
10,30,6,20,FALSE,TRUE,0.25,1.25,1.25,0.5,6,6,3,6,2,1,2,712.64,3.35,52,3,0.301
10,30,6,20,FALSE,TRUE,0.25,1.25,1.5,0.5,6,6,3,6,2,1,2,712.64,3.35,52,3,0.301
10,30,6,30,FALSE,TRUE,0.25,1.25,1.25,0.5,6,6,3,6,2,1,2,712.64,3.35,52,3,0.301
10,30,6,30,FALSE,TRUE,0.25,1.25,1.5,0.5,6,6,3,6,2,1,2,712.64,3.35,52,3,0.301
10,40,6,20,FALSE,TRUE,0.25,1.25,1.25,0.5,6,6,3,6,2,1,2,711.55,3.35,52,3,0.299
10,40,6,20,FALSE,TRUE,0.25,1.25,1.5,0.5,6,6,3,6,2,1,2,711.55,3.35,52,3,0.299
10,40,6,30,TRUE,TRUE,0.25,1.25,1,0.5,6,7,3,6,2,1,2,427.4,3.35,55,1.497,-0.083
10,40,6,30,FALSE,TRUE,0.25,1.25,1.25,0.5,6,6,3,6,2,1,2,711.55,3.35,52,3,0.299
10,40,6,30,FALSE,TRUE,0.25,1.25,1.5,0.5,6,6,3,6,2,1,2,711.55,3.35,52,3,0.299
10,20,6,20,TRUE,TRUE,0.25,1.25,1.25,0.5,6,7,3,6,2,1,2,424.84,3.34,56,1.497,-0.086
10,20,6,20,TRUE,TRUE,0.25,1.25,1.5,0.5,6,7,3,6,2,1,2,424.84,3.34,56,1.497,-0.086
10,40,6,30,TRUE,TRUE,0.25,1.25,1.25,0.5,6,7,3,7,2,1,2,458.45,3.34,59,1.497,-0.014
10,40,6,30,TRUE,TRUE,0.25,1.25,1.25,0.5,6,7,3,8,2,1,2,458.45,3.34,59,1.497,-0.014
10,40,6,30,TRUE,TRUE,0.25,1.25,1.5,0.5,6,7,3,7,2,1,2,458.45,3.34,59,1.497,-0.014
10,40,6,30,TRUE,TRUE,0.25,1.25,1.5,0.5,6,7,3,8,2,1,2,458.45,3.34,59,1.497,-0.014
10,30,6,30,TRUE,TRUE,0.25,1.25,1,0.5,6,7,3,6,2,1,2,427.21,3.31,55,1.497,-0.083
10,30,6,30,TRUE,TRUE,0.25,1.25,1.25,0.5,6,7,3,7,2,1,2,458.09,3.3,59,1.497,-0.014
10,30,6,30,TRUE,TRUE,0.25,1.25,1.25,0.5,6,7,3,8,2,1,2,458.09,3.3,59,1.497,-0.014
10,30,6,30,TRUE,TRUE,0.25,1.25,1.5,0.5,6,7,3,7,2,1,2,458.09,3.3,59,1.497,-0.014
10,30,6,30,TRUE,TRUE,0.25,1.25,1.5,0.5,6,7,3,8,2,1,2,458.09,3.3,59,1.497,-0.014
10,40,6,20,TRUE,TRUE,0.25,1.25,1.25,0.5,6,7,3,6,2,1,2,424.03,3.3,56,1.497,-0.087
10,40,6,20,TRUE,TRUE,0.25,1.25,1.5,0.5,6,7,3,6,2,1,2,424.03,3.3,56,1.497,-0.087
10,20,6,20,FALSE,TRUE,0.25,1.25,1,0.5,6,7,3,7,2,1,2,778.07,3.28,59,3,0.366
10,20,6,20,FALSE,TRUE,0.25,1.25,1,0.5,6,7,3,8,2,1,2,778.07,3.28,59,3,0.366
10,20,6,30,TRUE,TRUE,0.25,1.25,1.25,0.5,6,7,3,6,2,1,2,423.68,3.28,56,1.497,-0.087
10,20,6,30,TRUE,TRUE,0.25,1.25,1.5,0.5,6,7,3,6,2,1,2,423.68,3.28,56,1.497,-0.087
10,20,6,30,FALSE,TRUE,0.25,1.25,1,0.5,6,7,3,7,2,1,2,778.07,3.28,59,3,0.366
10,20,6,30,FALSE,TRUE,0.25,1.25,1,0.5,6,7,3,8,2,1,2,778.07,3.28,59,3,0.366
10,30,6,20,FALSE,TRUE,0.25,1.25,1,0.5,6,7,3,7,2,1,2,778.07,3.28,59,3,0.366
10,30,6,20,FALSE,TRUE,0.25,1.25,1,0.5,6,7,3,8,2,1,2,778.07,3.28,59,3,0.366
10,30,6,30,FALSE,TRUE,0.25,1.25,1,0.5,6,7,3,7,2,1,2,778.07,3.28,59,3,0.366
10,30,6,30,FALSE,TRUE,0.25,1.25,1,0.5,6,7,3,8,2,1,2,778.07,3.28,59,3,0.366
10,40,6,20,FALSE,TRUE,0.25,1.25,1,0.5,6,7,3,7,2,1,2,776.98,3.28,59,3,0.365
10,40,6,20,FALSE,TRUE,0.25,1.25,1,0.5,6,7,3,8,2,1,2,776.98,3.28,59,3,0.365
10,40,6,30,FALSE,TRUE,0.25,1.25,1,0.5,6,7,3,7,2,1,2,776.98,3.28,59,3,0.365
10,40,6,30,FALSE,TRUE,0.25,1.25,1,0.5,6,7,3,8,2,1,2,776.98,3.28,59,3,0.365
10,30,6,20,TRUE,TRUE,0.25,1.25,1.25,0.5,6,7,3,6,2,1,2,423.84,3.27,56,1.497,-0.087
10,30,6,20,TRUE,TRUE,0.25,1.25,1.5,0.5,6,7,3,6,2,1,2,423.84,3.27,56,1.497,-0.087
10,40,6,30,TRUE,TRUE,0.25,1.25,1.25,0.5,6,7,3,6,2,1,2,422.87,3.25,56,1.497,-0.089
10,40,6,30,TRUE,TRUE,0.25,1.25,1.5,0.5,6,7,3,6,2,1,2,422.87,3.25,56,1.497,-0.089
10,30,6,30,TRUE,TRUE,0.25,1.25,1.25,0.5,6,7,3,6,2,1,2,422.68,3.21,56,1.497,-0.089
10,30,6,30,TRUE,TRUE,0.25,1.25,1.5,0.5,6,7,3,6,2,1,2,422.68,3.21,56,1.497,-0.089
10,20,6,20,FALSE,TRUE,0.25,1.25,1,0.5,6,7,3,6,2,1,2,700.82,3.17,55,3,0.281
10,20,6,30,FALSE,TRUE,0.25,1.25,1,0.5,6,7,3,6,2,1,2,700.82,3.17,55,3,0.281
10,30,6,20,FALSE,TRUE,0.25,1.25,1,0.5,6,7,3,6,2,1,2,700.82,3.17,55,3,0.281
10,30,6,30,FALSE,TRUE,0.25,1.25,1,0.5,6,7,3,6,2,1,2,700.82,3.17,55,3,0.281
10,40,6,20,FALSE,TRUE,0.25,1.25,1,0.5,6,7,3,6,2,1,2,699.73,3.17,55,3,0.28
10,40,6,30,FALSE,TRUE,0.25,1.25,1,0.5,6,7,3,6,2,1,2,699.73,3.17,55,3,0.28
10,20,6,20,FALSE,TRUE,0.25,1.25,1.25,0.5,6,7,3,7,2,1,2,755.66,3.14,59,3,0.345
10,20,6,20,FALSE,TRUE,0.25,1.25,1.25,0.5,6,7,3,8,2,1,2,755.66,3.14,59,3,0.345
10,20,6,20,FALSE,TRUE,0.25,1.25,1.5,0.5,6,7,3,7,2,1,2,755.66,3.14,59,3,0.345
10,20,6,20,FALSE,TRUE,0.25,1.25,1.5,0.5,6,7,3,8,2,1,2,755.66,3.14,59,3,0.345
10,20,6,30,FALSE,TRUE,0.25,1.25,1.25,0.5,6,7,3,7,2,1,2,755.66,3.14,59,3,0.345
10,20,6,30,FALSE,TRUE,0.25,1.25,1.25,0.5,6,7,3,8,2,1,2,755.66,3.14,59,3,0.345
10,20,6,30,FALSE,TRUE,0.25,1.25,1.5,0.5,6,7,3,7,2,1,2,755.66,3.14,59,3,0.345
10,20,6,30,FALSE,TRUE,0.25,1.25,1.5,0.5,6,7,3,8,2,1,2,755.66,3.14,59,3,0.345
10,30,6,20,FALSE,TRUE,0.25,1.25,1.25,0.5,6,7,3,7,2,1,2,755.66,3.14,59,3,0.345
10,30,6,20,FALSE,TRUE,0.25,1.25,1.25,0.5,6,7,3,8,2,1,2,755.66,3.14,59,3,0.345
10,30,6,20,FALSE,TRUE,0.25,1.25,1.5,0.5,6,7,3,7,2,1,2,755.66,3.14,59,3,0.345
10,30,6,20,FALSE,TRUE,0.25,1.25,1.5,0.5,6,7,3,8,2,1,2,755.66,3.14,59,3,0.345
10,30,6,30,FALSE,TRUE,0.25,1.25,1.25,0.5,6,7,3,7,2,1,2,755.66,3.14,59,3,0.345
10,30,6,30,FALSE,TRUE,0.25,1.25,1.25,0.5,6,7,3,8,2,1,2,755.66,3.14,59,3,0.345
10,30,6,30,FALSE,TRUE,0.25,1.25,1.5,0.5,6,7,3,7,2,1,2,755.66,3.14,59,3,0.345
10,30,6,30,FALSE,TRUE,0.25,1.25,1.5,0.5,6,7,3,8,2,1,2,755.66,3.14,59,3,0.345
10,40,6,20,FALSE,TRUE,0.25,1.25,1.25,0.5,6,7,3,7,2,1,2,754.57,3.14,59,3,0.344
10,40,6,20,FALSE,TRUE,0.25,1.25,1.25,0.5,6,7,3,8,2,1,2,754.57,3.14,59,3,0.344
10,40,6,20,FALSE,TRUE,0.25,1.25,1.5,0.5,6,7,3,7,2,1,2,754.57,3.14,59,3,0.344
10,40,6,20,FALSE,TRUE,0.25,1.25,1.5,0.5,6,7,3,8,2,1,2,754.57,3.14,59,3,0.344
10,40,6,30,FALSE,TRUE,0.25,1.25,1.25,0.5,6,7,3,7,2,1,2,754.57,3.14,59,3,0.344
10,40,6,30,FALSE,TRUE,0.25,1.25,1.25,0.5,6,7,3,8,2,1,2,754.57,3.14,59,3,0.344
10,40,6,30,FALSE,TRUE,0.25,1.25,1.5,0.5,6,7,3,7,2,1,2,754.57,3.14,59,3,0.344
10,40,6,30,FALSE,TRUE,0.25,1.25,1.5,0.5,6,7,3,8,2,1,2,754.57,3.14,59,3,0.344
10,20,6,20,FALSE,TRUE,0.25,1.25,1.25,0.5,6,7,3,6,2,1,2,688.63,3.05,56,3,0.271
10,20,6,20,FALSE,TRUE,0.25,1.25,1.5,0.5,6,7,3,6,2,1,2,688.63,3.05,56,3,0.271
10,20,6,30,FALSE,TRUE,0.25,1.25,1.25,0.5,6,7,3,6,2,1,2,688.63,3.05,56,3,0.271
10,20,6,30,FALSE,TRUE,0.25,1.25,1.5,0.5,6,7,3,6,2,1,2,688.63,3.05,56,3,0.271
10,30,6,20,FALSE,TRUE,0.25,1.25,1.25,0.5,6,7,3,6,2,1,2,688.63,3.05,56,3,0.271
10,30,6,20,FALSE,TRUE,0.25,1.25,1.5,0.5,6,7,3,6,2,1,2,688.63,3.05,56,3,0.271
10,30,6,30,FALSE,TRUE,0.25,1.25,1.25,0.5,6,7,3,6,2,1,2,688.63,3.05,56,3,0.271
10,30,6,30,FALSE,TRUE,0.25,1.25,1.5,0.5,6,7,3,6,2,1,2,688.63,3.05,56,3,0.271
10,40,6,20,FALSE,TRUE,0.25,1.25,1.25,0.5,6,7,3,6,2,1,2,687.54,3.05,56,3,0.27
10,40,6,20,FALSE,TRUE,0.25,1.25,1.5,0.5,6,7,3,6,2,1,2,687.54,3.05,56,3,0.27
10,40,6,30,FALSE,TRUE,0.25,1.25,1.25,0.5,6,7,3,6,2,1,2,687.54,3.05,56,3,0.27
10,40,6,30,FALSE,TRUE,0.25,1.25,1.5,0.5,6,7,3,6,2,1,2,687.54,3.05,56,3,0.27
